it02	1.9099	12/12/2016 14:42:09	Dico pugu lentamente	u	48.8980	19.4275	19.7592	81.3215	81.3021	81.5797	46.8629	-19.7664	*	*	*	*	*	*	*	*	*	*	35.5023	-16.1125	33.5654	-15.7459	31.6084	-15.5222	29.6609	-15.3141	27.7094	-15.1988	25.7723	-14.9957	23.8245	-14.9556	21.8634	-13.3234	19.5941	-8.1068	16.7262	-0.9431	13.4157	5.0754	9.9569	8.9331	6.6723	10.2863	3.3687	11.0663	0.1047	11.2712	-3.6364	12.6068	-7.5030	13.7206	-11.1763	13.9007	-14.4798	13.0106	-17.7798	12.0060	-20.8659	10.5312	-23.0547	7.6003	-24.9687	4.4553	-25.7449	-0.0046	-27.1667	-3.2860	-26.8464	-8.3385	-25.9552	-13.5295	-24.2763	-18.9974	-23.8319	-22.8345	-24.6085	-25.3733	-25.9001	-27.4207	-28.0435	-28.8558	-30.2822	-30.3176	-32.4763	-31.9067	-33.7923	-34.0621	*	*
it02	1.0634	12/12/2016 14:42:18	Dico butu lentamente	u	68.7829	50.4343	52.1930	81.2346	-9.8148	9.1684	57.6835	-0.2632	*	*	*	*	*	*	46.8149	3.5500	44.0865	4.3753	41.2679	4.8577	38.4288	5.1565	35.5561	5.1265	32.7325	5.1198	29.9483	5.1677	27.1942	5.3438	24.4400	5.4989	21.6819	5.5471	18.9232	5.4854	16.1682	5.3082	13.4262	4.9937	10.6384	4.9254	7.3572	7.0432	3.7610	9.5159	-0.1823	12.2416	-3.8654	13.2813	-7.4967	13.7043	-10.7881	12.9993	-13.6996	11.3803	-16.2674	9.1434	-18.5199	6.4880	-20.7087	3.9034	-22.6330	1.0788	-23.8896	-2.4713	-23.3031	-8.0193	-23.1336	-12.5353	-23.3960	-16.2006	-24.0374	-19.2277	-23.9864	-22.6970	-24.2931	-25.6324	-25.3510	-27.8364	-27.1000	-29.5128	-29.6589	-30.7159	*	*	*	*	-39.5876	-34.0691
it02	1.1427	12/12/2016 14:42:26	Dico baca lentamente	a	65.3763	60.2255	60.1501	83.1497	120.9488	122.4260	59.1221	2.3296	*	*	*	*	*	*	*	*	*	*	*	*	*	*	*	*	*	*	29.3683	-0.1086	26.7932	-0.3926	24.2834	0.2937	21.7168	1.9190	18.9497	4.9491	16.0827	6.2661	13.0100	8.2092	9.7619	10.0803	6.2251	12.4036	2.5011	14.4948	-1.0606	15.2113	-4.6341	15.5458	-7.8199	14.5452	-10.7323	12.8698	-13.6702	11.3188	-16.3851	9.3661	-18.7359	6.8603	-20.8917	4.1919	-22.5240	0.9213	-23.9104	-2.4437	-24.1151	-7.0245	-24.2292	-11.2969	-24.8554	-14.6774	-25.7680	-17.5593	-27.1781	-19.8556	-29.0413	-21.7320	-30.6078	-23.8568	-31.7638	-26.2651	-32.0971	-29.1580	*	*	*	*	-38.0071	-34.8316
it02	1.2679	12/12/2016 14:42:33	Dico bogo lentamente	O	54.7123	60.7613	64.3171	79.7009	162.5832	164.9185	*	*	*	*	*	*	*	*	*	*	*	*	*	*	*	*	32.4506	-11.1168	30.4725	-9.9148	28.4844	-8.1489	26.4643	-5.0976	24.2107	-2.1228	21.7355	-0.0259	19.1482	0.9276	16.4306	2.3691	13.7039	2.8485	10.5795	5.2719	7.3071	7.2803	3.6878	9.8053	0.0894	11.3227	-3.9082	13.4075	-7.9980	15.0084	-11.6120	14.9125	-14.7057	13.4825	-17.6499	11.7602	-20.8764	10.5492	-22.9947	7.5057	-24.5349	3.8282	-24.7625	-1.3108	-25.5696	-5.2426	-25.8725	-9.4394	-27.0995	-12.3350	-28.5702	-14.8578	-30.0101	-17.3344	-30.7128	-20.3589	-30.6495	-23.8253	-29.7363	-27.6770	-28.9166	-31.1902	-28.8623	-34.0187	-31.1371	-35.4755	-32.9102	-37.2903
it02	1.2585	12/12/2016 14:42:43	Dico podo lentamente	O	65.4510	53.7338	54.8859	66.9886	25.1102	25.6786	53.1394	-8.4535	*	*	*	*	*	*	*	*	*	*	40.1637	0.8417	37.5960	1.5771	34.9612	2.0149	32.2372	1.8245	29.5223	1.2924	26.8769	0.8056	24.2951	0.6825	21.7296	0.5831	19.1719	0.4461	16.6198	0.2491	14.0792	-0.0507	11.5477	-0.4216	8.9981	-0.7262	6.3769	-0.8220	3.6481	-0.7102	0.9007	-0.7592	-1.8358	-1.0235	-4.5177	-1.5606	-7.2983	-1.9957	-10.0710	-2.5845	-12.8811	-3.2300	-15.5587	-4.2118	-18.2531	-5.2526	-20.7809	-6.6044	-23.1851	-8.1637	-25.2428	-10.1512	-27.0538	-12.3827	-28.4666	-14.9577	-29.7187	-17.5939	-30.9295	-20.1809	-31.6668	-23.0551	-31.8073	-26.2348	-32.4571	-28.9280	-34.5777	-30.6786	*	*	-39.3325	-34.1922
it02	1.3544	12/12/2016 14:42:52	Dico bada lentamente	a	67.4448	55.1208	55.9186	67.8271	1.3196	1.5257	56.6749	-2.0812	*	*	*	*	*	*	*	*	*	*	40.6509	2.6137	38.0452	3.5077	35.3465	4.0304	32.5542	3.9337	29.7478	3.3443	27.0224	2.8864	24.3584	2.7870	21.7093	2.6907	19.0697	2.5183	16.4405	2.2575	13.8163	1.9800	11.1733	1.7798	8.5199	1.5378	5.8391	1.3032	3.1872	0.8481	0.5222	0.3558	-2.1322	-0.2523	-4.7533	-1.0134	-7.2914	-2.0100	-9.7378	-3.2151	-12.1093	-4.5601	-14.4255	-5.9974	-16.6442	-7.5784	-18.5375	-9.5870	-20.2834	-11.7186	-21.5219	-14.3571	-22.1997	-17.4491	-22.7598	-20.4594	-23.6909	-22.9601	-25.4025	-24.7211	-27.7039	-26.0552	-29.9558	-27.5241	-32.2213	-29.0786	*	*	*	*	-38.4865	-34.6003
it02	1.6608	12/12/2016 14:44:06	Dico boco lentamente	O	61.0901	52.9439	51.4362	75.7244	163.8781	163.3802	57.0384	-1.4259	*	*	*	*	*	*	*	*	*	*	*	*	*	*	*	*	*	*	28.9304	-4.0918	26.4967	-4.6343	24.1481	-4.2018	21.7709	-3.7045	19.3714	-3.5952	16.9270	-3.1918	14.3409	-2.0726	11.3818	0.5540	8.1532	3.2740	4.7560	5.5837	1.6130	6.1712	-1.7325	6.9978	-5.4496	8.3783	-9.4195	9.8214	-13.0676	10.0597	-16.1656	8.9507	-18.9398	7.2116	-21.5384	5.2109	-23.9612	2.9988	-25.7519	0.0046	-27.0527	-3.4257	-27.8339	-7.2223	-28.4541	-10.9212	-29.1625	-14.2868	-30.0829	-17.2697	-31.5214	-19.6947	-33.1256	-21.9508	-35.0958	-23.9448	-36.9918	-26.0305	-38.8140	-28.2028	*	*	-42.1145	-32.8502
it02	1.4233	12/12/2016 14:44:12	Dico pata lentamente	a	65.7224	59.8439	60.1619	68.0993	33.2933	32.9259	*	*	*	*	*	*	*	*	*	*	*	*	39.9901	0.2103	37.4944	1.1407	34.9520	1.9669	32.2507	1.9146	29.5489	1.5343	26.8899	0.9915	24.3019	0.9074	21.7273	0.8256	19.1607	0.6729	16.6041	0.4249	14.0579	0.1140	11.5104	-0.2021	8.8667	-0.1043	6.1358	0.1308	3.2379	0.6769	0.3670	0.8130	-2.4658	0.6154	-5.2680	0.1816	-8.0773	-0.3680	-10.9442	-0.9318	-13.6095	-1.9745	-16.1217	-3.3246	-18.4749	-4.9319	-20.6077	-6.8346	-22.5216	-8.9766	-24.2999	-11.2170	-25.9914	-13.4917	-26.9217	-16.4471	-27.6096	-19.4715	-28.2626	-22.3716	-29.5999	-24.6199	-31.1490	-26.6932	-32.6001	-28.8366	*	*	*	*	-36.2066	-35.7001
it02	1.5438	12/12/2016 14:44:17	Dico pogo lentamente	O	64.4897	-23.2430	21.3547	82.8013	113.8657	115.6029	54.6624	-5.7085	*	*	*	*	*	*	*	*	*	*	*	*	*	*	*	*	*	*	*	*	26.9366	1.6587	24.3315	1.8936	21.7172	1.8789	19.1012	1.8795	16.3946	2.7721	13.5165	4.2959	10.2765	7.0538	6.7012	10.1493	3.0676	12.2562	-0.4980	13.3090	-4.2712	14.4768	-8.3323	15.8783	-12.0689	15.9733	-15.1619	14.4359	-18.0751	12.5649	-20.5188	9.9330	-21.5009	5.1518	-21.5842	-0.4373	-21.9103	-5.1028	-23.6590	-7.5833	-25.3882	-9.9868	-26.0891	-13.3896	-26.2959	-17.0504	-26.7239	-20.2600	-28.7537	-21.9682	-30.8053	-23.7073	-32.4289	-25.8019	*	*	*	*	*	*	-39.4648	-34.1284
it02	1.6130	12/12/2016 14:44:22	Dico paca lentamente	a	65.6512	63.1683	63.4481	81.3341	158.5567	158.7112	55.6237	-3.9759	*	*	*	*	*	*	*	*	*	*	*	*	*	*	*	*	*	*	29.6337	2.3061	26.8746	0.7720	24.2558	-0.6238	21.7367	-0.1518	19.1275	1.3469	16.3520	3.2493	13.3719	5.4134	10.1561	7.7619	6.7276	10.0244	3.2557	11.5127	-0.2535	12.4822	-3.8183	13.1425	-7.1926	12.9131	-10.3360	11.9495	-13.2528	10.4466	-15.8378	8.3303	-18.1884	5.9167	-20.1537	3.0289	-22.0505	0.2368	-23.0920	-3.5317	-24.2264	-6.8881	-24.7441	-10.7149	-26.2985	-13.1711	-27.3949	-15.9909	-28.9395	-18.2875	-30.3969	-20.6184	-32.2216	-22.6351	-34.4060	-24.4251	*	*	*	*	*	*	-41.7714	-33.0157
it02	1.6682	12/12/2016 14:44:28	Dico pudu lentamente	u	68.0020	67.8107	69.3165	83.3024	47.6810	49.3866	55.2937	-4.5707	*	*	*	*	*	*	*	*	*	*	41.1705	4.5038	38.3190	4.6846	35.4452	4.5466	32.5933	4.1939	29.8278	4.0718	27.0997	3.9926	24.3955	4.0185	21.6961	4.0699	18.9937	4.0564	16.2834	4.0175	13.3487	5.5924	10.2286	7.3353	6.7833	9.7606	3.1107	12.0859	-0.8673	14.5576	-4.6794	15.6792	-7.9192	14.8036	-10.8679	13.1846	-13.8432	11.6803	-16.5080	9.5988	-18.9696	7.2630	-21.3415	4.9007	-22.3687	0.6967	-22.9433	-3.7294	-22.2539	-9.3045	-23.3419	-12.2998	-23.3466	-16.2521	-24.1239	-19.1443	-24.0566	-22.6345	-25.2818	-24.8203	-26.8796	-26.6792	-30.0213	-27.4785	*	*	*	*	*	*	-38.6896	-34.5023
it02	1.5859	12/12/2016 14:44:34	Dico baga lentamente	a	67.5220	78.7901	79.1956	84.6210	131.2752	132.5565	56.2229	-2.8958	*	*	*	*	*	*	*	*	*	*	*	*	*	*	*	*	*	*	29.6161	2.1454	26.9308	1.5760	24.3150	1.3450	21.7186	1.7302	19.0607	2.6997	16.1638	5.3578	12.9499	8.6735	9.5401	11.3842	6.0319	13.3184	2.4945	14.5209	-1.4744	16.6104	-5.1063	16.9368	-8.4338	16.1422	-11.1705	13.8873	-13.9214	11.8437	-16.8519	10.2497	-19.3769	7.9649	-21.4566	5.0820	-22.5636	0.9785	-22.7710	-3.9584	-23.1873	-8.1611	-23.8735	-11.6989	-25.1484	-14.3716	-25.9965	-17.3391	-27.5201	-19.5512	-29.7010	-21.1900	-31.9372	-22.8504	-33.1920	-25.2705	*	*	*	*	*	*	-37.0178	-35.3088
it02	1.5302	12/12/2016 14:44:52	Dico poto lentamente	O	65.7175	77.9539	79.0007	67.1117	72.6671	73.1821	53.2389	-8.2742	*	*	*	*	*	*	*	*	*	*	39.9389	0.0240	37.5201	1.2512	34.9190	1.7945	32.2766	2.0872	29.5519	1.5619	26.8906	1.0007	24.2851	0.3495	21.7345	0.0741	19.2064	-0.2525	16.6968	-0.6129	14.1987	-0.9737	11.6410	-0.9701	9.0381	-0.9158	6.2826	-0.4492	3.5509	-0.3816	0.6553	-0.0362	-2.1557	-0.1914	-5.0685	-0.2815	-7.9131	-0.7109	-11.2644	-0.3257	-14.6003	-0.2671	-17.7785	-0.7138	-20.2946	-2.3014	-22.4742	-4.3531	-24.5575	-6.4825	-26.5232	-8.7039	-28.3241	-11.0569	-30.0232	-13.4570	-30.1903	-17.1740	-31.5519	-19.6696	-32.9022	-22.1199	-35.6653	-23.5482	-36.6496	-26.2491	-37.8915	-28.7419	-39.4567	-31.0468	-41.3229	-33.2320
it02	1.4186	12/12/2016 14:44:58	Dico bucu lentamente	u	76.4198	125.5811	127.4074	79.5793	68.4573	68.0161	57.8897	0.1083	*	*	*	*	*	*	*	*	*	*	*	*	*	*	*	*	*	*	*	*	27.6898	12.4334	24.6626	12.8945	21.6103	12.9938	18.6141	11.7473	15.7106	10.4349	12.9020	9.0436	10.0103	8.6193	7.1590	7.9817	4.0722	8.2859	0.5334	9.8214	-3.0807	10.9695	-7.0839	12.6303	-10.9148	13.2935	-14.8512	13.7867	-18.1874	12.7774	-21.3114	11.2990	-24.3627	9.6614	-26.4696	6.6250	-28.0266	3.0289	-27.9200	-2.3632	-26.6778	-8.5291	-24.4653	-15.0845	-23.0591	-20.1709	-23.4913	-23.1378	-24.8191	-25.2003	-27.1157	-26.5004	-29.3779	-27.9265	-30.8484	-29.9559	-31.5793	-32.4309	-32.7952	-34.5929	-34.3503	-36.5956
it02	1.4861	12/12/2016 14:45:04	Dico putu lentamente	u	67.1828	54.2221	55.3265	78.6551	4.9698	5.7991	*	*	*	*	*	*	*	*	*	*	*	*	41.0005	3.8854	38.2239	4.2759	35.4309	4.4719	32.5965	4.2149	29.8200	4.0005	27.0750	3.6383	24.3829	3.5992	21.7018	3.4777	19.0264	3.3949	16.3437	3.3426	13.6325	3.4005	10.6943	4.5966	7.4874	6.4268	4.0649	8.3148	0.5875	9.6386	-2.9259	10.5135	-6.4588	11.0040	-9.7417	10.5695	-12.7626	9.4223	-15.6770	8.0259	-18.3364	6.1717	-21.1131	4.5407	-23.3842	2.1648	-24.2270	-2.0227	-23.7291	-7.4973	-23.1751	-12.4884	-24.2313	-15.3287	-26.8099	-16.5549	-28.6868	-18.5125	-29.0941	-21.6885	-28.2110	-25.6712	-28.2218	-28.7316	-29.8379	-30.6015	-31.9291	-32.2264	*	*	-35.5233	-36.0298
it02	1.4334	12/12/2016 14:45:09	Dico bugu lentamente	u	58.2258	38.1042	37.9226	86.4247	67.0749	68.1762	56.7830	-1.8863	*	*	*	*	*	*	*	*	*	*	*	*	*	*	33.3234	-6.5516	30.8066	-7.6922	28.7615	-5.6281	26.7149	-1.5127	24.3640	2.9727	21.6721	6.5667	18.8183	7.6098	15.9246	8.0374	13.1075	7.4560	9.9339	9.0686	6.4340	11.4146	2.4973	14.5098	-1.6144	17.0839	-5.7283	18.7693	-9.3766	18.5952	-12.4365	16.8268	-15.4344	15.0051	-18.5588	13.4804	-21.1971	11.1020	-23.1901	7.8136	-24.2451	3.4094	-23.9853	-2.3441	-23.1723	-8.1795	-22.4112	-13.3519	-21.5913	-18.0843	-21.2381	-21.9264	-20.9243	-25.4230	-20.3850	-28.8427	-18.3249	-33.1554	-15.7916	-37.3875	-14.9221	-40.1322	-15.2177	-41.9928	*	*	-17.1391	-44.8983
it02	1.5032	12/12/2016 14:45:14	Dico pada lentamente	a	67.8711	64.0917	64.8711	67.6702	6.2760	6.2742	56.4141	-2.5513	*	*	*	*	*	*	*	*	*	*	40.7470	2.9631	38.0943	3.7188	35.3828	4.2203	32.5905	4.1748	29.7919	3.7446	27.0412	3.1554	24.3585	2.7883	21.7098	2.6406	19.0706	2.4990	16.4355	2.3144	13.8052	2.0657	11.1480	1.9287	8.4778	1.7373	5.8017	1.4512	3.1668	0.9171	0.5546	0.2603	-2.0586	-0.4440	-4.7095	-1.1152	-7.3277	-1.9342	-9.8605	-2.9829	-12.2547	-4.3095	-14.5843	-5.7473	-16.7756	-7.3885	-18.7089	-9.3591	-20.5385	-11.4060	-22.0730	-13.7342	-23.6061	-15.9813	-24.9315	-18.3658	-26.2691	-20.6649	-27.0196	-23.3927	-27.7584	-26.0139	-29.3128	-27.9719	-32.2303	-29.0729	*	*	*	*	-40.7526	-33.5071
it02	1.4523	12/12/2016 14:45:19	Dico boto lentamente	O	66.9235	58.2237	59.4791	68.1416	41.2315	42.1997	55.6104	-3.9998	*	*	*	*	*	*	*	*	*	*	40.5168	2.1262	37.9188	2.9645	35.2736	3.6488	32.4923	3.5218	29.7180	3.0729	26.9789	2.2649	24.3354	2.0209	21.7181	1.7772	19.1047	1.8077	16.4883	1.7222	13.8510	1.7123	11.1950	1.6523	8.5296	1.4919	5.7520	1.6473	2.9007	1.8171	0.0094	1.8664	-2.6911	1.2016	-5.4114	0.5146	-8.3791	0.2627	-11.4638	0.0517	-14.4534	-0.5202	-17.1327	-1.7315	-19.6477	-3.2366	-22.0119	-4.9677	-24.1950	-6.9265	-26.1268	-9.1520	-27.8917	-11.5082	-29.5102	-13.9517	-31.0416	-16.4161	-32.2648	-19.0840	-33.7485	-21.4792	-35.2205	-23.8580	-37.0836	-25.9718	*	*	*	*	-41.3852	-33.2020
it02	1.5391	12/12/2016 14:45:30	Dico bodo lentamente	O	67.3396	62.4149	63.5864	66.2029	35.7063	36.0176	56.4130	-2.5533	*	*	*	*	*	*	*	*	*	*	40.5689	2.3154	37.8050	2.4753	35.1674	3.0933	32.4846	3.4706	29.7396	3.2689	27.0037	2.6195	24.3320	1.9104	21.7190	1.6890	19.1179	1.5406	16.5218	1.3470	13.9317	1.0889	11.3513	0.7334	8.7666	0.3698	6.1319	0.1462	3.4836	-0.1541	0.8314	-0.5552	-1.7372	-1.2800	-4.3261	-2.0055	-6.9105	-2.8059	-9.6718	-3.3400	-12.5157	-3.8597	-15.3942	-4.4710	-18.0802	-5.5026	-20.5611	-6.8966	-22.8663	-8.5544	-24.9027	-10.5357	-26.8550	-12.5902	-28.4608	-14.9633	-29.4899	-17.7976	-30.0504	-20.9031	-30.7344	-23.7610	-31.5420	-26.4196	-32.9676	-28.6017	-35.0671	-30.3926	-38.2705	-31.6783	-40.6635	-33.5501
it02	1.2718	12/12/2016 14:45:36	Dico pucu lentamente	u	57.1060	-112.3993	115.1778	79.8771	63.6776	63.7275	49.7049	-14.6438	*	*	*	*	*	*	*	*	*	*	36.7542	-11.5592	34.7916	-10.4757	32.7503	-9.5492	30.6594	-8.6715	28.5491	-7.5605	26.3870	-6.2028	24.1170	-5.2367	21.7657	-3.1682	19.2776	-1.6939	16.5587	0.9332	13.7578	2.4323	10.8520	3.6695	7.8778	4.5782	4.4522	6.7844	0.6612	9.3892	-3.2534	11.4783	-6.9469	12.2739	-10.7131	12.8251	-14.4152	12.8754	-17.8345	12.1094	-20.8894	10.5716	-23.7580	8.7085	-25.3965	5.0738	-26.0005	0.3352	-25.3911	-5.4612	-24.3519	-11.1582	-23.6773	-15.9069	-23.0348	-20.1942	-23.6510	-22.9956	-24.7144	-25.2863	-26.0286	-27.3235	-25.1301	-30.8845	-22.9428	-35.0073	-21.1768	-38.5102	-22.3538	-40.1511	-23.8576	-41.6573
it02	1.3673	12/12/2016 14:45:42	Dico budu lentamente	u	70.2981	64.9081	66.4395	83.0213	-19.8672	19.1743	58.6880	1.5473	*	*	*	*	*	*	*	*	*	*	41.4326	5.4571	38.5774	5.7951	35.7216	5.9922	32.9315	6.4438	30.1371	6.8850	27.3219	7.1713	24.4893	7.1347	21.6660	7.2000	18.8329	7.3155	15.9670	7.5624	12.8940	9.1055	9.5666	11.2288	5.8295	14.2770	2.1839	15.7486	-1.3926	16.3337	-4.4749	15.0770	-7.5098	13.7383	-10.4354	12.1804	-13.4551	10.8694	-16.3046	9.2139	-18.0224	5.6306	-18.8075	0.9076	-19.3051	-3.7319	-19.8410	-7.8539	-20.9264	-10.9308	-21.8191	-14.0212	-23.1587	-16.4482	-24.9209	-18.3759	-26.7322	-20.2526	-29.6904	-21.1988	-32.0634	-22.7549	*	*	*	*	*	*	-33.2404	-34.3559	-33.0552	-37.2203
it02	1.6590	12/12/2016 14:46:24	Dico bata lentamente	a	66.9596	99.2804	99.7189	67.6671	53.6237	53.7691	55.6132	-3.9948	*	*	*	*	*	*	*	*	*	*	40.4670	1.9449	37.8190	2.5358	35.1401	2.9508	32.4254	3.0770	29.6982	2.8925	27.0143	2.7705	24.3577	2.7626	21.7077	2.8632	19.0557	2.8010	16.4046	2.6606	13.7570	2.4382	11.1454	1.9439	8.5378	1.4529	5.9364	0.9188	3.2673	0.5772	0.5278	0.3394	-2.2531	0.0622	-4.9935	-0.4557	-7.6432	-1.2750	-10.1982	-2.3437	-12.6906	-3.5582	-15.0066	-5.0818	-17.1887	-6.7913	-19.2154	-8.6857	-20.9873	-10.8563	-22.5487	-13.1964	-23.9424	-15.6302	-25.4226	-17.8923	-26.5164	-20.4447	-27.4255	-23.0593	-28.2788	-25.6199	-30.7500	-26.9710	-33.2537	-28.4189	*	*	*	*	-39.5329	-34.0955
it02	1.4043	12/12/2016 14:46:32	Dico paga lentamente	a	66.8283	64.6917	65.5749	84.2531	135.1177	136.3387	55.8659	-3.5392	*	*	*	*	*	*	*	*	*	*	*	*	*	*	*	*	32.4719	3.3861	29.7466	3.3331	27.0411	3.1546	24.3723	3.2473	21.7019	3.4618	18.9995	3.9394	16.1909	5.0537	13.0418	7.9632	9.5574	11.2829	5.8264	14.2913	2.1900	15.7242	-1.3756	16.2766	-4.8321	16.1291	-8.1346	15.3639	-11.2952	14.1769	-14.2309	12.4903	-16.7895	10.1317	-18.8727	7.0960	-20.6452	3.8034	-21.7517	-0.1952	-22.2797	-4.6117	-22.5454	-8.9474	-23.2552	-12.3979	-23.8688	-15.7071	-24.4217	-18.8572	-25.0496	-21.7505	-26.3486	-23.9439	-27.7247	-26.0394	-29.6069	-27.7671	-31.8115	-29.3405	*	*	*	*	-38.5236	-34.5824
it02	1.2429	12/12/2016 14:50:53	Dico pugu lentamente	u	56.8477	119.3556	117.5278	83.7540	79.7778	80.0780	47.7861	-18.1023	*	*	*	*	*	*	*	*	*	*	36.1065	-13.9148	34.1336	-13.3039	32.2388	-12.2250	30.3950	-10.4302	28.4339	-8.6085	26.3238	-7.1067	24.1214	-5.0899	21.7540	-1.9530	19.0902	2.1011	16.2394	4.5108	13.2492	6.3611	10.0535	8.3652	6.4637	11.2741	2.7698	13.4330	-0.8060	14.3503	-4.4009	14.8590	-8.0899	15.2475	-11.7434	15.2176	-15.2815	14.6857	-18.3553	13.0951	-21.1007	10.9359	-22.7263	7.0827	-24.3172	3.5135	-24.6375	-1.4770	-25.1321	-5.7786	-25.2353	-10.1597	-25.4928	-14.0120	-24.8717	-18.4234	-23.6913	-22.9598	-23.2892	-26.4571	-23.7884	-29.0193	-24.4634	-31.3488	-23.4732	-34.6684	*	*	*	*	-24.4527	-41.3702
it02	1.2604	12/12/2016 14:50:58	Dico butu lentamente	u	69.3926	71.2125	72.6357	81.4293	-6.4392	5.5823	58.0531	0.4029	*	*	*	*	*	*	46.8187	3.5605	44.0993	4.4156	41.3035	4.9875	38.5105	5.5078	35.6280	5.5030	32.7865	5.4788	29.9803	5.4585	27.2101	5.5712	24.4450	5.6649	21.6810	5.6406	18.9191	5.5691	16.1583	5.4190	13.3810	5.3433	10.4220	6.1984	7.0702	8.4020	3.3452	11.1590	-0.3448	12.7911	-3.7397	12.9109	-6.9578	12.3022	-10.2390	11.7243	-13.3621	10.6750	-16.3082	9.2206	-18.9076	7.1562	-21.1229	4.5561	-22.3718	0.7012	-21.9294	-5.0774	-21.2513	-10.5328	-21.2042	-14.7162	-21.9693	-17.6896	-22.6880	-20.5286	-23.1138	-23.4738	-24.2122	-25.6989	-25.0858	-28.0371	-24.2311	-31.5106	-22.7441	-35.1343	*	*	*	*	-23.6746	-41.7456
it02	1.3248	12/12/2016 14:51:04	Dico baca lentamente	a	65.3952	56.3460	56.3705	79.8339	139.2540	138.8849	55.5986	-4.0211	*	*	*	*	*	*	*	*	*	*	*	*	*	*	*	*	32.2381	1.8308	29.4866	0.9676	26.8137	-0.0990	24.2302	-1.4729	21.7497	-1.5025	19.2345	-0.8208	16.5587	0.9334	13.6135	3.5470	10.4399	6.0932	7.1499	8.0249	3.8463	9.1788	0.2738	10.6993	-3.2760	11.5451	-6.8854	12.1138	-10.0825	11.3608	-13.1653	10.2638	-15.6110	7.9011	-17.8640	5.3576	-19.8786	2.5954	-21.9593	0.1050	-23.6022	-2.8534	-24.8574	-6.1151	-25.5612	-9.7913	-26.5082	-12.9523	-27.7439	-15.6544	-29.4560	-17.8278	-31.3096	-19.8686	-33.1069	-21.9649	*	*	*	*	*	*	*	*	-40.2736	-33.7382
it02	1.1455	12/12/2016 14:51:09	Dico bogo lentamente	O	49.9697	38.2989	38.4260	83.2694	113.4850	114.8869	*	*	*	*	*	*	*	*	*	*	*	*	*	*	34.2691	-12.7217	31.8767	-14.1188	29.8404	-14.1202	27.9244	-13.2423	25.9907	-11.8722	24.0461	-7.5907	21.7550	-2.0552	19.0228	3.4680	16.0847	6.2436	12.9065	9.0084	9.6252	10.8841	6.2569	12.2529	2.9723	12.6328	-0.4625	13.1890	-4.3358	14.6670	-8.1099	15.2996	-11.7400	15.2096	-14.3692	12.7794	-17.0585	10.6408	-19.3765	7.9643	-22.1837	6.2278	-23.9790	3.0246	-25.3805	-0.4891	-25.3236	-5.5440	-25.4125	-9.9594	-25.6848	-13.8116	-26.7926	-16.5715	-28.1500	-18.9904	-29.7908	-21.1163	-31.8148	-22.9431	-34.2498	-24.5339	-35.9299	-26.7090	*	*	*	*	-43.2424	-32.3061
it02	1.4566	12/12/2016 14:51:15	Dico podo lentamente	O	66.2621	76.1548	76.7712	66.5253	46.1946	46.5041	56.9066	-1.6635	*	*	*	*	*	*	*	*	*	*	40.2658	1.2130	37.7644	2.3011	35.0972	2.7266	32.3811	2.7818	29.5942	1.9462	26.9207	1.4312	24.3068	1.0716	21.7271	0.8492	19.1631	0.6253	16.6144	0.3097	14.0877	-0.1164	11.5682	-0.5419	9.0525	-0.9840	6.5317	-1.4337	4.0008	-1.9027	1.2863	-1.8952	-1.4879	-1.9287	-4.3268	-2.0038	-7.0658	-2.4815	-10.0391	-2.6449	-13.1305	-2.8001	-16.1593	-3.2653	-18.8838	-4.3409	-21.3565	-5.8390	-23.6742	-7.5646	-25.7396	-9.5896	-27.6693	-11.7403	-29.0141	-14.4299	-30.3274	-17.0520	-31.4781	-19.7302	-32.7283	-22.2515	-34.2248	-24.5513	-35.8820	-26.7396	*	*	*	*	-40.3376	-33.7073
it02	1.4424	12/12/2016 14:51:20	Dico bada lentamente	a	68.4615	55.8919	56.8241	68.0657	15.9373	16.2186	56.4106	-2.5575	*	*	*	*	*	*	*	*	*	*	40.7607	3.0133	38.1691	4.0403	35.4248	4.4402	32.6732	4.7250	29.8891	4.6294	27.1301	4.4268	24.3989	4.1325	21.6984	3.8288	19.0234	3.4557	16.3644	3.1099	13.6727	3.0897	10.9379	3.1643	8.1990	3.0573	5.4894	2.6853	2.8291	2.0590	0.1149	1.5556	-2.6235	1.0257	-5.3684	0.4149	-7.9385	-0.6580	-10.3164	-2.1200	-12.5589	-3.7852	-14.7833	-5.4337	-16.6589	-7.5572	-18.4286	-9.7317	-19.8535	-12.2452	-21.2763	-14.6347	-22.4748	-17.1621	-23.7823	-19.4737	-24.7834	-21.9875	-26.4918	-23.8262	-28.5942	-25.3812	-31.3497	-26.5535	-33.5158	-28.2515	-35.0934	-30.3772	-37.1613	-32.2687	-38.6633	-34.5150
it02	1.3888	12/12/2016 14:51:26	Dico boco lentamente	O	74.3214	7.2578	8.0844	81.6089	125.5170	126.4573	60.6943	5.1634	*	*	*	*	*	*	*	*	*	*	*	*	*	*	*	*	*	*	*	*	27.3938	8.1999	24.4295	5.1486	21.6980	3.8733	19.0083	3.7618	16.2091	4.8508	13.2176	6.6053	10.0415	8.4357	6.8042	9.6618	3.3215	11.2526	-0.4495	13.1450	-4.3104	14.5923	-7.9242	14.8164	-11.0689	13.6513	-13.9654	11.9356	-16.6387	9.8462	-19.6328	8.4061	-22.3150	6.4346	-23.5472	2.4004	-23.9630	-2.3737	-24.0128	-7.1497	-25.2647	-10.1264	-26.5641	-12.8939	-27.8843	-15.5191	-29.0028	-18.2312	-30.5313	-20.5080	-32.8172	-22.1842	-35.1981	-23.8736	*	*	*	*	*	*	-41.9018	-32.9527
it02	1.2366	12/12/2016 14:51:32	Dico pata lentamente	a	68.4566	64.0945	64.8160	67.6919	34.4231	34.3893	59.2601	2.5784	*	*	*	*	*	*	*	*	*	*	*	*	37.9055	2.9073	35.2169	3.3525	32.4685	3.3634	29.7774	3.6131	27.1014	4.0159	24.3984	4.1165	21.7135	2.2614	19.0920	2.0664	16.4794	1.8219	13.8726	1.5453	11.2729	1.1944	8.6567	0.8901	5.9828	0.7356	3.3047	0.4510	0.6232	0.0581	-2.2187	-0.0273	-5.1431	-0.1083	-8.0460	-0.4332	-10.6365	-1.5141	-13.1573	-2.7539	-15.5745	-4.1869	-18.0119	-5.6013	-20.2198	-7.3503	-21.9179	-9.7162	-23.3702	-12.2678	-24.7427	-14.7950	-25.8299	-17.4996	-27.0545	-19.9656	-28.2020	-22.4214	-30.1575	-24.1977	-31.8016	-26.2388	*	*	*	*	*	*	*	*
it02	1.5351	12/12/2016 14:51:38	Dico pogo lentamente	O	49.3821	-1.6689	2.4574	82.4687	135.5043	136.3882	46.9873	-19.5421	*	*	*	*	*	*	*	*	*	*	*	*	33.6206	-15.5086	31.6560	-15.2731	29.6838	-15.1615	27.7397	-14.9228	25.9458	-12.5140	24.0258	-8.2650	21.7707	-3.6836	19.1925	0.0293	16.4123	2.5733	13.3266	5.7632	10.0384	8.4542	6.5959	10.6478	3.1254	12.0278	-0.4662	13.2015	-4.3160	14.6089	-8.0633	15.1783	-11.4975	14.6465	-14.0829	12.1811	-16.6124	9.7965	-18.9247	7.1857	-21.5202	5.1822	-23.5560	2.4131	-24.8525	-1.1910	-25.7332	-5.0421	-26.1180	-9.1619	-26.8512	-12.5942	-27.7082	-15.6888	-28.8945	-18.3277	-29.8649	-21.0554	-30.4941	-23.9429	-31.8543	-26.2021	-33.6088	-28.1921	*	*	*	*	-38.1133	-34.7803
it02	1.5784	12/12/2016 14:51:43	Dico paca lentamente	a	65.3747	76.3610	76.3654	81.3309	147.6307	148.2067	55.1225	-4.8791	*	*	*	*	*	*	*	*	*	*	*	*	*	*	*	*	32.1372	1.1596	29.4422	0.5637	26.7631	-0.8225	24.2525	-0.7329	21.7330	0.2320	19.0817	2.2742	16.1856	5.1131	13.1465	7.1549	9.9733	8.8370	6.8119	9.6253	3.4311	10.8196	-0.1090	11.9935	-3.4897	12.1745	-6.7756	11.8282	-9.8769	10.8834	-12.9943	9.9066	-15.8761	8.4029	-18.0593	5.6942	-19.9660	2.7331	-20.8419	-1.5103	-22.1754	-4.7503	-23.0880	-8.2827	-24.7137	-10.7492	-25.9467	-13.5383	-26.5630	-16.7929	-26.8966	-20.1062	-27.9184	-22.6544	-30.0111	-24.3085	-33.0512	-25.3686	*	*	*	*	*	*	-39.7471	-33.9922
it02	1.3961	12/12/2016 14:51:50	Dico pudu lentamente	u	68.0092	64.3584	65.8390	76.7411	-6.5131	6.5801	58.3594	0.9550	*	*	*	*	*	*	*	*	44.1236	4.4922	41.3613	5.1976	38.5558	5.7024	35.5642	5.1689	32.6672	4.6853	29.8068	3.8807	27.0913	3.8720	24.3932	3.9430	21.6974	3.9298	19.0028	3.8726	16.3104	3.7149	13.6031	3.6273	10.7517	4.2594	7.7202	5.3246	4.5278	6.4854	1.1694	7.6710	-2.2825	8.6181	-5.8138	9.3260	-9.0303	8.9178	-11.9796	7.7862	-14.6122	6.0107	-17.0831	4.0119	-19.5373	2.0576	-22.0267	0.2024	-23.3508	-3.1876	-23.8534	-7.3450	-22.8679	-12.8357	-21.2099	-18.4822	-20.0643	-23.0580	-19.9575	-26.2837	-19.3170	-29.7200	-16.8478	-34.2736	-13.8798	-38.7188	-13.0083	-41.3551	-13.5099	-42.9909	-15.2254	-43.9457	-16.4493	-45.2311
it02	1.3564	12/12/2016 14:51:55	Dico baga lentamente	a	67.9918	37.5110	37.8462	84.3194	129.5204	130.9509	53.2883	-8.1852	*	*	*	*	*	*	*	*	*	*	*	*	*	*	*	*	32.5149	3.6719	29.7373	3.2481	27.0125	2.7452	24.3590	2.8067	21.7002	3.6403	18.9032	5.8912	15.8406	8.9787	12.4958	12.1819	9.0546	14.2391	5.6131	15.3014	2.0913	16.1145	-1.4119	16.3993	-4.9071	16.3501	-8.1204	15.3268	-11.0921	13.7053	-14.0522	12.1171	-16.6692	9.9040	-18.9580	7.2430	-20.3796	3.3849	-21.3441	-0.7843	-22.2609	-4.6367	-22.8288	-8.6003	-23.1073	-12.5651	-23.4313	-16.1637	-24.5751	-18.7094	-26.3215	-20.6182	-28.3329	-22.3139	-30.2577	-24.1218	-32.2876	-25.9003	*	*	*	*	*	*	-39.2916	-34.2119
it02	1.4447	12/12/2016 14:52:01	Dico poto lentamente	O	66.8316	62.2649	63.3780	68.0771	51.2805	52.0837	56.5168	-2.3661	*	*	*	*	*	*	*	*	*	*	40.6232	2.5131	37.9029	2.8963	35.2018	3.2736	32.5380	3.8259	29.7574	3.4308	27.0077	2.6764	24.3249	1.6729	21.7209	1.4866	19.1234	1.4304	16.5242	1.3197	13.9220	1.1638	11.3022	1.0219	8.6427	0.9565	5.9537	0.8504	3.1375	1.0164	0.1520	1.4462	-2.9850	1.9662	-6.0035	1.8896	-8.9382	1.4311	-11.7602	0.6127	-14.6264	-0.2220	-17.2910	-1.4820	-19.9965	-2.7325	-22.2629	-4.6341	-24.4458	-6.6194	-26.3671	-8.8804	-28.3748	-11.0040	-29.7343	-13.7356	-30.8364	-16.5988	-32.3000	-19.0551	-33.9242	-21.3462	-34.8966	-24.0835	*	*	*	*	*	*	-39.8858	-33.9253
it02	1.6085	12/12/2016 14:52:07	Dico bucu lentamente	u	76.0937	35.7357	35.8562	82.5452	93.7088	93.4880	56.4600	-2.4685	*	*	*	*	*	*	*	*	*	*	*	*	*	*	*	*	*	*	*	*	27.6588	11.9897	24.5934	10.5943	21.6565	8.1886	18.8951	6.0549	16.1113	5.9454	13.0428	7.9561	9.7269	10.2856	6.2964	12.0658	2.8722	13.0285	-0.5932	13.6309	-4.0411	13.7988	-7.8217	14.5498	-11.5236	14.7071	-15.1180	14.3440	-17.8000	12.0442	-19.7074	8.5345	-21.2193	4.7081	-22.5563	0.9680	-24.0285	-2.2866	-24.2439	-6.8666	-24.1896	-11.3416	-23.4443	-16.1502	-23.1482	-20.0849	-22.6472	-23.8892	-22.9664	-26.7222	-21.9949	-30.3771	-20.6259	-34.0211	-19.3897	-37.2776	-20.1217	-39.1268	*	*	-22.5383	-42.2937
it02	1.3143	12/12/2016 14:52:13	Dico putu lentamente	u	68.4961	88.0471	89.4773	79.1478	10.2856	11.8315	60.4415	4.7078	*	*	*	*	*	*	*	*	43.8956	3.7755	41.1213	4.3249	38.3020	4.6116	35.5043	4.8557	32.8288	5.7607	30.1002	6.5493	27.3236	7.1949	24.4861	7.0288	21.6685	6.9413	18.8535	6.8981	15.9814	7.4011	12.9785	8.4529	9.7259	10.2916	6.3795	11.6726	3.0099	12.4840	-0.2192	12.3664	-3.5015	12.2092	-6.7750	11.8267	-10.0262	11.2303	-13.0643	10.0527	-15.8687	8.3888	-18.4923	6.4404	-20.8399	4.1102	-22.0141	0.1842	-22.7888	-3.9348	-23.1363	-8.2235	-22.7494	-12.9695	-22.1108	-17.5420	-21.4641	-21.7085	-22.8460	-23.7123	-25.0348	-25.0231	-27.7475	-26.0222	-30.6624	-27.0321	-32.7477	-28.7423	*	*	*	*	-38.9000	-34.4008
it02	1.6472	12/12/2016 14:52:18	Dico bugu lentamente	u	52.3380	49.7669	49.0045	86.0421	52.9681	53.9038	55.4859	-4.2241	*	*	*	*	*	*	*	*	39.7639	-9.2119	36.8076	-11.3649	34.2035	-13.0033	32.0620	-13.1498	29.9704	-13.2553	28.0248	-12.3296	26.1488	-9.6108	24.1766	-3.2559	21.7101	2.6126	18.8800	6.3603	16.0553	6.5732	12.9824	8.4226	9.6454	10.7649	5.7714	14.5521	2.1479	15.8909	-1.7198	17.4401	-5.3787	17.7395	-9.3003	18.3966	-12.8501	17.7873	-16.1684	16.5390	-19.1717	14.6405	-21.4222	11.4899	-22.7141	7.0635	-22.7744	1.2833	-22.7618	-3.9708	-22.0604	-9.5416	-21.7446	-14.1054	-21.6409	-18.0324	-22.3781	-20.8273	-23.6504	-22.9962	-24.8121	-25.2060	-27.0818	-26.5261	-28.6468	-28.4356	-30.5856	-30.1238	*	*	*	*	-34.8810	-36.3396
it02	1.6100	12/12/2016 14:52:26	Dico pada lentamente	a	68.4279	48.3001	49.7266	68.2039	13.9099	13.6205	53.5367	-7.7374	*	*	*	*	*	*	*	*	*	*	40.9667	3.7626	38.2648	4.4516	35.5140	4.9067	32.7231	5.0575	29.8916	4.6516	27.1057	4.0779	24.3841	3.6390	21.7020	3.4538	19.0346	3.2276	16.3841	2.8892	13.7402	2.5679	11.0969	2.2294	8.4314	1.9569	5.7628	1.6048	3.0831	1.2002	0.4120	0.6805	-2.3032	0.1923	-4.9822	-0.4819	-7.7067	-1.1423	-10.2978	-2.1551	-12.7858	-3.3942	-15.0100	-5.0764	-17.1247	-6.8838	-19.2222	-8.6766	-20.6938	-11.2158	-21.8859	-13.9457	-22.9164	-16.7012	-24.2017	-19.0693	-25.6056	-21.2556	-27.0669	-23.3538	-29.2332	-24.8974	-31.4357	-26.4936	-33.4436	-28.2976	*	*	*	*	-40.1871	-33.7799
it02	1.3562	12/12/2016 14:52:32	Dico boto lentamente	O	66.8035	91.1468	92.5947	66.6102	66.9935	67.6902	57.7073	-0.2204	*	*	*	*	*	*	*	*	*	*	40.1504	0.7933	37.6708	1.8987	35.1472	2.9879	32.4901	3.5070	29.7235	3.1231	26.9617	2.0182	24.2996	0.8331	21.7348	0.0437	19.2116	-0.3572	16.6937	-0.5783	14.1899	-0.9062	11.6912	-1.2657	9.2037	-1.6998	6.6915	-2.0654	4.1257	-2.3251	1.3213	-1.9982	-1.5943	-1.6519	-4.8236	-0.8503	-7.9544	-0.6246	-11.1489	-0.5443	-14.0554	-1.2062	-16.9359	-2.0416	-19.6206	-3.2757	-22.0994	-4.8514	-24.3613	-6.7228	-26.3467	-8.9034	-28.1425	-11.2464	-29.5574	-13.9061	-30.2877	-17.0874	-30.9295	-20.1809	-32.3551	-22.5340	-34.8391	-24.1236	*	*	*	*	*	*	-39.8089	-33.9624
it02	1.6618	12/12/2016 14:52:43	Dico bodo lentamente	O	67.5494	73.4464	74.6706	65.6316	44.6724	44.8955	57.6508	-0.3223	*	*	*	*	*	*	*	*	43.6910	3.1323	40.9043	3.5353	38.1746	4.0639	35.4038	4.3302	32.5983	4.2271	29.7411	3.2828	26.9864	2.3713	24.3221	1.5801	21.7239	1.1788	19.1464	0.9634	16.5775	0.7228	14.0184	0.4190	11.4674	0.0505	8.9301	-0.4045	6.3796	-0.8326	3.8033	-1.2349	1.1021	-1.3524	-1.6961	-1.3869	-4.5336	-1.5236	-7.3516	-1.8843	-10.3309	-2.0925	-13.2528	-2.5893	-16.1591	-3.2656	-18.7673	-4.5093	-21.3279	-5.8771	-23.6405	-7.6059	-25.6489	-9.6921	-27.3436	-12.0803	-28.7493	-14.6851	-30.3843	-17.0013	-31.8348	-19.4372	-33.6163	-21.5793	-34.6055	-24.2862	-35.7769	-26.8067	*	*	*	*	-41.0719	-33.3531
it02	1.5787	12/12/2016 14:52:49	Dico pucu lentamente	u	81.8829	51.6542	51.5102	80.5670	96.3199	95.9765	56.7376	-1.9682	*	*	*	*	*	*	*	*	*	*	*	*	*	*	*	*	*	*	31.3255	17.6957	27.9421	16.0424	24.6797	13.4653	21.6481	9.0555	18.9078	5.7975	16.3142	3.6726	13.4791	4.5854	10.4298	6.1525	7.1460	8.0434	3.8558	9.1414	0.3594	10.4097	-3.1842	11.2746	-6.7978	11.8858	-10.5366	12.4154	-14.0916	12.1994	-17.4487	11.3792	-20.5380	9.9661	-22.8520	7.2808	-24.5558	3.8585	-25.3108	-0.5818	-26.4019	-4.2229	-26.8382	-8.3479	-26.8429	-12.6029	-25.5323	-17.7865	-24.5347	-22.2089	-23.1996	-26.5306	-20.9260	-31.1863	-18.9489	-35.1889	-18.0051	-38.1623	-19.8800	-39.2681	-21.8647	-40.4114	-23.5426	-41.8092
it02	1.5758	12/12/2016 14:52:54	Dico budu lentamente	u	70.7388	63.5880	64.9908	81.3798	11.0777	11.7380	56.0585	-3.1922	*	*	*	*	*	*	*	*	44.7536	6.4723	41.9286	7.2611	38.9587	7.4339	35.9358	7.1127	32.9872	6.8142	30.1329	6.8472	27.3030	6.9007	24.4800	6.8258	21.6700	6.7866	18.8623	6.7198	16.0495	6.6384	13.1862	6.8477	10.0673	8.2840	6.7905	9.7263	3.2760	11.4327	-0.0441	11.7744	-3.5748	12.4253	-6.9295	12.2285	-10.2573	11.7668	-13.1958	10.3276	-16.1328	8.8888	-18.8367	7.0340	-20.7577	3.9806	-21.0296	-1.2390	-20.3097	-7.2309	-20.2162	-11.8009	-19.9056	-16.1841	-19.8566	-19.8948	-18.8078	-24.2694	-16.9256	-28.9828	-15.1257	-33.1630	-12.9278	-37.2412	-12.8865	-39.4105	-13.0172	-41.3494	-14.0657	-42.6660	*	*	-16.9672	-44.9812
it02	1.9259	12/12/2016 14:53:00	Dico bata lentamente	a	69.6096	108.0322	108.7925	67.8698	31.9668	31.2843	53.1530	-8.4291	*	*	*	*	*	*	*	*	*	*	*	*	39.4215	9.4231	36.4006	9.5439	33.2203	8.3647	30.0441	6.0391	27.0974	3.9594	24.3558	2.7002	21.7134	2.2719	19.0926	2.0543	16.4779	1.8385	13.8717	1.5520	11.2575	1.2849	8.6155	1.0855	5.9371	0.9162	3.2800	0.5345	0.5760	0.1974	-2.2065	-0.0592	-5.0553	-0.3123	-7.7885	-0.9714	-10.3405	-2.0743	-12.6947	-3.5512	-14.8416	-5.3418	-16.7510	-7.4241	-18.6239	-9.4721	-20.4715	-11.4882	-22.4279	-13.3330	-23.9692	-15.6023	-25.1573	-18.1480	-26.1873	-20.7377	-27.8305	-22.7266	-30.4205	-23.9986	-32.7104	-25.6059	-34.7538	-27.4605	*	*	*	*	-40.2819	-33.7342
it02	1.2993	12/12/2016 14:53:07	Dico paga lentamente	a	68.5243	62.7261	63.1143	83.4646	114.8003	116.1320	56.9063	-1.6640	*	*	*	*	*	*	*	*	*	*	*	*	*	*	*	*	*	*	29.7815	3.6503	27.1204	4.2881	24.3847	3.6613	21.7016	3.4992	18.9288	5.3715	15.9362	7.9072	12.6166	11.2484	9.2318	13.1975	5.7001	14.8895	2.1755	15.7815	-1.2664	15.9073	-4.5912	15.4194	-7.7883	14.4629	-10.8385	13.1163	-13.8819	11.7612	-16.8759	10.2951	-19.5255	8.2211	-21.2473	4.7523	-22.2816	0.5709	-22.6964	-4.0577	-22.9356	-8.4694	-23.4074	-12.2259	-24.0642	-15.5032	-25.3355	-17.9763	-26.0747	-20.8379	-27.7297	-22.8094	-29.0420	-25.0422	-30.4864	-27.1546	-29.7703	-30.6448	*	*	-30.2712	-35.9365	-32.0435	-37.7084
it02	1.3841	12/12/2016 14:53:56	Dico pugu lentamente	u	67.6692	258.4333	261.6167	84.8225	64.0687	64.7918	60.7320	5.2313	*	*	*	*	*	*	*	*	*	*	*	*	*	*	*	*	32.8522	5.9163	30.1387	6.8996	27.3786	7.9816	24.5397	8.8106	21.6551	8.3365	18.8437	7.0970	16.0506	6.6262	13.1755	6.9306	9.9565	8.9359	6.4278	11.4437	2.6099	14.0649	-1.2208	15.7529	-5.0296	16.7109	-8.6568	16.7225	-12.0152	15.8487	-15.3252	14.7771	-18.6313	13.6175	-20.9909	10.7466	-22.0564	6.0272	-22.1575	0.3915	-22.7563	-3.9780	-23.3996	-7.9010	-23.7330	-11.8578	-23.9561	-15.6160	-23.0721	-20.1583	-20.7547	-25.5741	-18.0345	-30.7736	-16.7983	-34.3111	-17.7138	-36.0489	*	*	*	*	*	*	-22.3441	-42.3874
it02	1.2409	12/12/2016 14:54:01	Dico butu lentamente	u	70.3892	52.2531	53.3138	81.7270	-34.3108	33.6620	59.5074	3.0241	*	*	*	*	*	*	*	*	*	*	41.5864	6.0163	38.7084	6.3585	35.8162	6.4872	32.9216	6.3777	30.0914	6.4690	27.2827	6.6098	24.4765	6.7117	21.6704	6.7419	18.8647	6.6713	16.0468	6.6686	13.0945	7.5563	9.9468	8.9927	6.5857	10.6961	3.0979	12.1363	-0.5403	13.4520	-4.1285	14.0564	-7.5048	13.7255	-10.7006	12.7962	-13.7938	11.5771	-16.7314	10.0217	-19.2271	7.7068	-21.1997	4.6772	-21.9623	0.1093	-21.5456	-5.5877	-21.1691	-10.6335	-21.6421	-14.2212	-23.0510	-16.5607	-23.8328	-19.4250	-24.2999	-22.4179	-23.4378	-26.3350	*	*	*	*	*	*	*	*	*	*	-20.8566	-43.1050
it02	1.3762	12/12/2016 14:54:06	Dico baca lentamente	a	65.9816	36.1693	36.1346	80.9780	128.0608	127.6876	53.3163	-8.1348	*	*	*	*	*	*	*	*	*	*	*	*	*	*	34.9907	2.1693	32.2692	2.0376	29.5079	1.1616	26.8357	0.2155	24.2646	-0.3310	21.7266	0.8925	19.0662	2.5883	16.1833	5.1398	13.0602	7.8213	9.6793	10.5656	6.2506	12.2828	3.0073	12.4944	-0.2335	12.4145	-3.5042	12.2173	-6.7480	11.7564	-9.7440	10.5750	-12.4363	8.7405	-14.9439	6.6384	-17.2189	4.2459	-19.4429	1.9089	-20.9996	-1.2823	-22.3576	-4.5081	-23.4326	-7.8606	-24.0985	-11.4446	-24.4206	-15.1311	-24.9204	-18.3765	-26.8398	-20.1568	-29.0009	-21.7652	-31.3740	-23.2768	-33.1788	-25.2797	*	*	*	*	*	*	-40.5095	-33.6244
it02	1.3368	12/12/2016 14:54:12	Dico bogo lentamente	O	51.3996	52.9125	52.9041	82.7819	148.5466	149.1776	57.7813	-0.0870	*	*	*	*	*	*	*	*	*	*	37.3304	-9.4632	34.2608	-12.7572	31.7071	-15.0061	29.7218	-14.9090	27.9797	-12.7394	26.2080	-8.7637	24.1598	-3.8133	21.7308	0.4589	19.0580	2.7540	16.1549	5.4570	13.1690	6.9806	9.9981	8.6907	6.8390	9.4967	3.3649	11.0814	-0.2415	12.4418	-4.1710	14.1816	-7.8868	14.7191	-11.5346	14.7327	-14.6096	13.2817	-17.4497	11.3811	-19.9381	8.9322	-21.9792	5.9056	-23.3087	2.0556	-24.2758	-1.9578	-25.0254	-5.9093	-26.3676	-8.8797	-27.2756	-12.1513	-28.2446	-15.1717	-28.7308	-18.4734	-29.9620	-20.9756	-31.4506	-23.2188	-33.3285	-25.1755	*	*	*	*	*	*	-39.9375	-33.9004
it02	1.5158	12/12/2016 14:54:17	Dico podo lentamente	O	66.7329	71.9798	73.2269	65.7455	45.0452	45.5284	59.9834	3.8821	*	*	*	*	*	*	*	*	43.3520	2.0668	40.6861	2.7418	37.9699	3.1841	35.2435	3.4917	32.4708	3.3790	29.6758	2.6886	26.9524	1.8857	24.3150	1.3435	21.7239	1.1805	19.1499	0.8920	16.5961	0.5148	14.0539	0.1450	11.5032	-0.1599	8.9343	-0.4244	6.3410	-0.6800	3.7222	-0.9609	1.1196	-1.4040	-1.5330	-1.8112	-4.3021	-2.0613	-7.0672	-2.4785	-9.9726	-2.7707	-12.7076	-3.5290	-15.7842	-3.8565	-18.5839	-4.7744	-21.2331	-6.0031	-23.3628	-7.9460	-25.2582	-10.1338	-26.9363	-12.5054	-28.4320	-14.9911	-29.3789	-17.8964	-31.0822	-20.0554	-32.0115	-22.7942	-34.9252	-24.0636	*	*	*	*	*	*	-42.8528	-32.4940
it02	1.5566	12/12/2016 14:54:23	Dico bada lentamente	a	68.9407	59.8863	60.5646	69.1888	11.0567	11.2273	54.2950	-6.3708	*	*	*	*	*	*	*	*	*	*	41.1184	4.3140	38.3813	4.9525	35.5715	5.2070	32.7148	5.0022	29.8860	4.6010	27.1108	4.1515	24.3939	3.9666	21.6984	3.8318	19.0099	3.7296	16.3272	3.5275	13.6436	3.3143	10.9679	2.9880	8.2805	2.6715	5.5778	2.3360	2.8143	2.1092	0.0214	1.8311	-2.7968	1.4766	-5.5717	0.8870	-8.1756	-0.1625	-10.6159	-1.5532	-12.9271	-3.1506	-15.1392	-4.8729	-17.1613	-6.8309	-18.7651	-9.2844	-20.2218	-11.7940	-21.2468	-14.6681	-22.6914	-16.9360	-25.0473	-18.2541	-27.9014	-19.2117	*	*	*	*	*	*	-26.5272	-32.7170	-26.5953	-35.3436	-27.1152	-37.6164	-27.2703	-40.0110
it02	1.3952	12/12/2016 14:54:29	Dico boco lentamente	O	47.9550	19.2037	18.8688	78.3073	167.1545	167.0780	59.1805	2.4349	*	*	*	*	*	*	*	*	*	*	36.3465	-13.0419	33.7112	-15.1194	31.5026	-16.0758	29.5347	-16.1535	27.6259	-15.9580	25.8859	-13.3714	23.9711	-10.0860	21.7935	-6.0558	19.3245	-2.6450	16.6634	-0.2396	13.8191	1.9583	11.0217	2.6717	7.7709	5.0846	4.3159	7.3231	0.6771	9.3357	-2.8167	10.1918	-6.3261	10.6588	-9.8631	10.8515	-13.1187	10.1665	-15.8828	8.4155	-18.6080	6.6399	-21.2882	4.8166	-24.1743	3.3069	-25.6155	-0.1767	-26.8378	-3.6889	-26.5221	-8.7051	-27.0901	-12.3449	-27.4227	-15.9640	-28.9074	-18.3162	-30.4991	-20.5345	-32.6629	-22.3011	-34.2867	-24.5083	-36.6855	-26.2262	*	*	*	*	-41.3691	-33.2097
it02	1.5095	12/12/2016 14:55:06	Dico pata lentamente	a	69.4913	71.4119	71.9402	69.6426	25.7498	25.7931	56.4455	-2.4946	*	*	*	*	*	*	*	*	*	*	40.8557	3.3588	38.2844	4.5360	35.5646	5.1712	32.7807	5.4403	29.9273	4.9768	27.1159	4.2236	24.3832	3.6098	21.7027	3.3786	19.0346	3.2286	16.3692	3.0566	13.7064	2.8292	11.0398	2.5649	8.3505	2.3401	5.5750	2.3469	2.7935	2.1793	-0.0537	2.0524	-2.9539	1.8854	-5.9603	1.7891	-8.8906	1.3315	-11.5151	0.1488	-13.8826	-1.5039	-16.0572	-3.4262	-18.0685	-5.5194	-19.8896	-7.7894	-21.3943	-10.3576	-23.0095	-12.6756	-24.6630	-14.8781	-26.1957	-17.1470	-28.4646	-18.7103	-30.4003	-20.6156	*	*	*	*	*	*	-31.7709	-32.3189	-31.4647	-35.3011	-30.8685	-38.2752
it02	1.3689	12/12/2016 14:55:12	Dico pogo lentamente	O	50.8147	5.0411	5.0532	84.3777	114.9914	116.7711	57.5196	-0.5587	*	*	*	*	*	*	*	*	*	*	36.7652	-11.5190	34.1388	-13.2817	31.9711	-13.6249	29.9067	-13.6787	27.8949	-13.5116	25.9651	-12.2375	24.0595	-7.1461	21.7479	-1.3183	19.0208	3.5080	16.0957	6.1206	12.9819	8.4264	9.7082	10.3956	6.3057	12.0222	2.7549	13.4921	-1.0808	15.2796	-4.7895	16.0037	-8.2025	15.5404	-11.5277	14.7167	-14.6582	13.3834	-17.8249	12.0914	-20.3175	9.5860	-21.7287	5.5108	-22.5491	0.9576	-23.1929	-3.3976	-24.2806	-6.8217	-25.5179	-9.8402	-26.6659	-12.7877	-28.3259	-15.0934	-29.8074	-17.5149	-30.5389	-20.5017	*	*	*	*	*	*	*	*	-29.6559	-36.2640	-30.4593	-38.4726
it02	1.4358	12/12/2016 14:55:17	Dico paca lentamente	a	68.0738	57.6143	58.4018	82.4928	122.0818	122.6272	55.6680	-3.8960	*	*	*	*	*	*	*	*	*	*	*	*	*	*	*	*	32.3609	2.6480	29.6855	2.7768	26.9215	1.4431	24.2771	0.0840	21.7237	1.2008	18.9971	3.9888	16.0120	7.0585	12.8123	9.7367	9.3908	12.2622	5.8546	14.1580	2.3188	15.2154	-0.9610	14.8746	-4.2106	14.2982	-7.3176	13.2383	-10.4120	12.1262	-13.2322	10.4036	-15.7062	8.0812	-18.2539	6.0296	-20.7216	3.9238	-21.8395	-0.0682	-22.2520	-4.6486	-22.4147	-9.1076	-23.6610	-11.9391	-25.0366	-14.4882	-26.2481	-17.0965	-27.6672	-19.4202	-29.2862	-21.5308	-30.8370	-23.6833	*	*	*	*	*	*	-35.0576	-33.3885	-36.4509	-35.5823
it02	1.2923	12/12/2016 14:55:23	Dico pudu lentamente	u	69.7357	57.3578	58.7883	80.5801	-5.3375	4.6222	59.2639	2.5853	*	*	*	*	*	*	*	*	*	*	41.5920	6.0368	38.7015	6.3284	35.7946	6.3740	32.8987	6.2256	30.0480	6.0750	27.2420	6.0285	24.4577	6.0855	21.6764	6.1156	18.8959	6.0382	16.1182	5.8682	13.3249	5.7766	10.2981	6.9267	7.0818	8.3472	3.5370	10.4010	0.0526	11.4473	-3.4684	12.1118	-6.9512	12.2849	-10.3173	11.9062	-13.4757	10.9124	-16.0812	8.7911	-18.4392	6.3489	-20.7211	3.9230	-21.6044	-0.4080	-22.4142	-4.4328	-22.4136	-9.1089	-23.5843	-12.0259	-24.5235	-15.0238	-25.4919	-17.8255	-26.0785	-20.8345	-25.9029	-24.3100	-26.9802	-26.6031	*	*	*	*	*	*	*	*	-39.3992	-34.1600
it02	1.4535	12/12/2016 14:55:29	Dico baga lentamente	a	68.9803	29.6021	30.2282	84.4786	126.5004	128.1643	55.8672	-3.5369	*	*	*	*	*	*	*	*	*	*	*	*	*	*	*	*	32.6282	4.4257	29.8286	4.0785	27.0122	2.7401	24.3388	2.1355	21.7158	2.0227	18.9667	4.6043	15.9511	7.7402	12.6357	11.1006	9.1620	13.6077	5.5950	15.3872	1.8916	16.9034	-1.6203	17.1039	-5.0841	16.8714	-8.3199	15.8459	-11.5080	14.6709	-14.4728	12.9960	-16.7471	10.0514	-18.8037	6.9771	-19.3805	1.8105	-20.2174	-2.4131	-20.5144	-6.9586	-21.9442	-9.6840	-22.1690	-13.6256	-22.4943	-17.1417	-23.1300	-20.1025	-24.9864	-21.8067	-27.5281	-22.9750	-29.2945	-24.8511	-31.2261	-26.6395	-32.3124	-29.0204	*	*	*	*	-37.0101	-35.3125
it02	1.6030	12/12/2016 14:55:34	Dico poto lentamente	O	68.3811	69.3285	70.8661	68.8358	48.2955	49.7012	60.0597	4.0196	*	*	*	*	*	*	*	*	*	*	40.6822	2.7277	37.8942	2.8590	35.4146	4.3867	32.8222	5.7166	30.0158	5.7816	27.0999	3.9957	24.3450	2.3403	21.7159	2.0056	19.0946	2.0138	16.4685	1.9437	13.8381	1.8117	11.1806	1.7373	8.4551	1.8450	5.7025	1.8432	2.9012	1.8153	0.1282	1.5165	-2.8471	1.6074	-5.8803	1.6035	-9.0007	1.5616	-11.8683	0.8173	-14.7569	0.0028	-17.5651	-1.0502	-20.2370	-2.3847	-22.6632	-4.1017	-24.8766	-6.0916	-27.0344	-8.1260	-28.8609	-10.4966	-30.4966	-13.0006	-31.7578	-15.7786	-32.6549	-18.7635	-33.8553	-21.3983	-36.2380	-23.1495	*	*	*	*	*	*	-45.9800	-30.9854
it02	1.3831	12/12/2016 14:55:40	Dico bucu lentamente	u	75.5553	6.9332	6.8317	85.1665	72.6685	73.1178	62.8508	9.0503	*	*	*	*	*	*	*	*	*	*	*	*	*	*	*	*	*	*	30.6579	11.6223	27.7363	13.0984	24.6580	12.7409	21.6307	10.8720	18.7461	9.0741	15.9473	7.7837	12.8537	9.4168	9.4047	12.1803	5.6626	15.0669	2.1548	15.8633	-1.3527	16.1991	-5.1438	17.0473	-9.0323	17.6994	-12.7702	17.6019	-15.7686	15.7035	-18.1631	12.7315	-19.3386	7.8990	-18.5633	0.5228	-17.6336	-6.1482	-17.4162	-11.0778	-18.0947	-14.3998	-17.3199	-19.1069	-15.5141	-24.4273	-12.9742	-29.8933	-11.6419	-33.6867	-11.0202	-36.5355	-11.8966	-38.0219	-13.0620	-39.2882	-14.0590	-40.6837	-14.8625	-42.2004	-15.4627	-43.8193	*	*
it02	1.3136	12/12/2016 14:55:46	Dico putu lentamente	u	69.9715	68.3972	70.3282	79.9267	-6.1378	4.7905	61.6044	6.8038	*	*	*	*	*	*	*	*	44.5237	5.7497	41.7242	6.5175	38.7891	6.7051	35.8460	6.6431	32.8917	6.1788	30.0492	6.0851	27.2588	6.2683	24.4654	6.3413	21.6745	6.3145	18.8893	6.1731	16.1077	5.9860	13.3172	5.8358	10.4015	6.3188	7.2924	7.3500	3.9037	8.9518	0.1534	11.1064	-3.4985	12.2005	-7.0354	12.5042	-10.0952	11.3904	-13.0969	10.1208	-16.0670	8.7641	-18.4911	6.4383	-20.6601	3.8270	-21.1423	-1.0761	-21.2049	-6.0406	-21.2036	-10.5913	-22.7422	-12.9778	-24.6282	-14.9144	-25.0723	-18.2300	-25.7352	-21.1402	-26.5702	-23.7618	-27.9417	-25.8752	-28.2469	-28.7141	*	*	*	*	*	*	-28.2883	-39.5199
it02	1.4880	12/12/2016 14:55:51	Dico bugu lentamente	u	51.2488	15.7738	15.8081	83.2786	53.8063	53.7567	57.7944	-0.0633	*	*	*	*	*	*	*	*	*	*	36.5377	-12.3466	34.1544	-13.2146	32.1033	-12.9336	29.9876	-13.1407	27.8878	-13.5761	25.9172	-12.9226	24.0089	-8.8270	21.7557	-2.1265	18.9964	4.0022	16.0237	6.9272	13.1086	7.4472	9.8971	9.2851	6.3478	11.8228	2.6725	13.8176	-0.7274	14.0846	-4.2620	14.4497	-8.1211	15.3288	-12.0282	15.8789	-15.4908	15.1230	-18.5465	13.4570	-20.5354	9.9616	-22.2139	6.2754	-22.6695	1.1316	-22.7305	-4.0124	-22.1162	-9.4733	-22.3514	-13.4194	-22.6945	-16.9327	-23.2935	-19.9449	-23.8593	-22.8101	-25.2412	-24.8535	-25.4976	-27.7254	-24.6141	-31.2439	*	*	*	*	*	*	-22.9002	-42.1191
it02	1.6428	12/12/2016 14:55:57	Dico pada lentamente	a	68.7008	48.0013	48.4279	68.8616	-6.2016	5.9792	52.4603	-9.6777	50.9824	-7.1367	*	*	*	*	*	*	*	*	40.8737	3.4241	38.1849	4.1084	35.4505	4.5744	32.6635	4.6604	29.8583	4.3486	27.1025	4.0326	24.3894	3.8172	21.6983	3.8376	19.0087	3.7532	16.3240	3.5634	13.6400	3.3419	10.9426	3.1365	8.2196	2.9600	5.4892	2.6861	2.7564	2.3047	0.0379	1.7824	-2.6522	1.1003	-5.2731	0.1934	-7.8015	-0.9441	-10.2611	-2.2246	-12.6679	-3.5973	-15.0273	-5.0492	-17.2938	-6.6394	-19.2979	-8.5761	-21.0929	-10.7269	-22.4119	-13.3510	-23.4799	-16.1130	-24.3970	-18.8810	-26.1420	-20.7780	-28.2503	-22.3817	-30.2255	-24.1462	-31.6458	-26.3473	-32.9276	-28.6274	*	*	*	*	-38.8106	-34.4439
it02	1.6929	12/12/2016 14:56:03	Dico boto lentamente	O	68.9680	74.9975	76.6060	66.4976	76.2670	76.7488	61.1572	5.9977	*	*	*	*	*	*	*	*	43.0629	1.1579	41.0310	3.9962	38.7768	6.6523	36.2581	8.7987	33.0646	7.3290	29.9572	5.2489	26.9985	2.5448	24.3153	1.3536	21.7290	0.6483	19.1696	0.4930	16.6144	0.3096	14.0724	0.0015	11.5417	-0.3866	9.0260	-0.8582	6.4651	-1.1706	3.7801	-1.1567	0.9352	-0.8608	-2.0615	-0.4364	-5.0648	-0.2901	-8.1116	-0.2961	-11.2851	-0.2865	-14.5093	-0.4239	-17.5390	-1.0913	-20.1384	-2.5273	-22.4070	-4.4424	-24.5579	-6.4820	-26.5058	-8.7236	-28.3794	-10.9992	-30.4463	-13.0491	-32.4760	-15.1392	-34.3777	-17.3483	-35.3847	-20.2405	-36.3559	-23.0673	*	*	*	*	*	*	-41.4818	-33.1554
it02	1.4214	12/12/2016 14:56:14	Dico bodo lentamente	O	69.0044	67.3805	68.9869	67.1191	49.2441	50.2494	57.6382	-0.3449	*	*	*	*	*	*	*	*	*	*	41.3859	5.2871	38.8670	7.0399	36.0597	7.7611	32.9628	6.6521	29.9063	4.7859	27.0713	3.5864	24.3665	3.0552	21.7095	2.6759	19.0719	2.4730	16.4495	2.1566	13.8310	1.8667	11.2195	1.5081	8.6187	1.0701	5.9470	0.8770	3.2745	0.5530	0.5826	0.1779	-2.0728	-0.4071	-4.7904	-0.9273	-7.6424	-1.2767	-10.4822	-1.8061	-13.3666	-2.3933	-16.2817	-3.0725	-19.0690	-4.0732	-21.4795	-5.6755	-23.4668	-7.8187	-25.2044	-10.1945	-26.7899	-12.6582	-27.7365	-15.6615	-28.5242	-18.6573	-29.2321	-21.5752	-30.6540	-23.8218	-33.4982	-25.0574	-36.5911	-26.2865	*	*	*	*	-43.1129	-32.3685
it02	1.5475	12/12/2016 14:56:20	Dico pucu lentamente	u	50.0717	34.0473	33.4903	83.2341	104.8431	105.0222	*	*	*	*	*	*	*	*	*	*	*	*	36.4072	-12.8212	33.8189	-14.6566	31.6386	-15.3645	29.6503	-15.3847	27.7686	-14.6603	26.0771	-10.6356	24.1076	-5.5485	21.7425	-0.7553	19.0971	1.9612	16.2861	3.9881	13.2585	6.2895	10.1126	8.0177	6.7930	9.7146	3.1709	11.8481	-0.5376	13.4428	-4.1851	14.2232	-7.6872	14.1999	-11.2540	14.0812	-14.8694	13.8247	-18.1322	12.6730	-20.6574	10.1719	-22.5467	6.7997	-23.6588	2.5617	-24.4977	-1.6628	-24.1628	-6.9660	-23.5048	-12.1157	-22.1052	-17.5478	-21.8315	-21.3543	-23.2489	-23.3536	-26.5855	-23.7493	-30.3376	-24.0614	-32.9371	-25.4481	-35.8928	-26.7327	-40.1711	-27.4098	*	*	-47.5959	-30.2059
it02	1.2801	12/12/2016 14:56:25	Dico budu lentamente	u	71.7088	27.0126	27.7386	82.9652	-1.5276	1.4027	59.5151	3.0380	*	*	*	*	*	*	*	*	*	*	42.0684	7.7693	39.1094	8.0817	36.1007	7.9756	33.1369	7.8103	30.2107	7.5548	27.3564	7.6638	24.5095	7.8069	21.6597	7.8487	18.8090	7.8000	15.9365	7.9037	12.9342	8.7948	9.7696	10.0345	6.3335	11.8903	2.8453	13.1345	-0.7251	14.0767	-4.2365	14.3747	-7.6308	14.0531	-10.8642	13.1761	-13.7692	11.5257	-16.5613	9.6998	-18.9382	7.2089	-20.0875	2.9245	-19.8736	-2.9100	-19.3792	-8.4679	-18.6913	-13.6690	-17.6448	-18.7395	-16.6555	-23.2360	-17.0265	-25.9866	*	*	*	*	*	*	*	*	-23.1986	-34.8438	-23.2180	-37.3173	-22.9960	-39.8092	-23.4779	-41.8405
it02	1.2842	12/12/2016 14:56:31	Dico bata lentamente	a	67.2295	83.2787	82.9935	67.8671	36.9951	36.7873	55.0809	-4.9543	*	*	*	*	*	*	*	*	*	*	40.6004	2.4300	37.9090	2.9225	35.1872	3.1972	32.4399	3.1731	29.6863	2.7847	26.9799	2.2779	24.3331	1.9439	21.7181	1.7789	19.1159	1.5813	16.5209	1.3567	13.9335	1.0752	11.3344	0.8324	8.6998	0.6863	6.0514	0.4644	3.3650	0.2469	0.6205	0.0661	-2.2191	-0.0263	-5.0412	-0.3449	-7.7140	-1.1270	-10.2405	-2.2635	-12.6589	-3.6129	-15.0100	-5.0765	-17.2947	-6.6380	-19.4142	-8.4214	-21.3737	-10.3828	-23.2253	-12.4316	-24.8042	-14.7308	-26.0994	-17.2398	-27.0672	-19.9543	-28.3764	-22.2781	-30.7034	-23.7845	-32.7892	-25.5511	*	*	*	*	*	*	-39.5355	-34.0942
it02	1.3499	12/12/2016 14:56:37	Dico paga lentamente	a	69.7062	60.6928	61.4695	84.3665	118.0217	119.2208	56.8953	-1.6839	*	*	*	*	*	*	*	*	*	*	*	*	*	*	*	*	*	*	30.0054	5.6872	27.1584	4.8325	24.3915	3.8850	21.7013	3.5288	18.9044	5.8665	15.9217	8.0702	12.6712	10.8267	9.3086	12.7457	5.8605	14.1302	2.2450	15.5072	-1.2509	15.8547	-4.8681	16.2351	-8.2191	15.5837	-11.3113	14.2143	-14.1266	12.2725	-16.8462	10.2389	-19.5847	8.3231	-21.2082	4.6905	-21.6337	-0.3657	-21.7463	-5.3208	-22.2762	-9.2772	-23.5524	-12.0619	-24.8037	-14.7312	-26.3144	-17.0326	-27.6967	-19.3940	-29.3444	-21.4830	-30.4009	-24.0135	-32.1891	-25.9689	*	*	*	*	*	*	-38.6792	-34.5073
it02	1.6180	12/12/2016 14:57:57	Dico pugu lentamente	u	73.6752	39.9248	40.1041	82.6516	71.1552	71.4884	56.0409	-3.2240	*	*	*	*	*	*	*	*	*	*	*	*	*	*	*	*	*	*	*	*	27.5618	10.6030	24.5899	10.4780	21.6428	9.6098	18.7932	8.1200	15.9195	8.0941	13.0169	8.1556	9.8967	9.2874	6.6617	10.3365	3.1551	11.9105	-0.2734	12.5496	-4.0899	13.9428	-8.0563	15.1601	-12.1429	16.1452	-15.6165	15.3858	-18.6320	13.6189	-20.8879	10.5691	-22.5921	6.8712	-22.9603	1.5520	-23.4967	-2.9936	-23.0922	-8.2776	-22.3925	-13.3730	-21.2247	-18.4669	-20.3544	-22.7783	-18.3027	-27.7569	-15.3417	-32.9856	-12.8906	-37.2694	-12.8208	-39.4562	-14.5363	-40.3787	-16.4016	-41.3009	*	*	-20.1961	-43.4236
it02	1.2487	12/12/2016 14:58:02	Dico butu lentamente	u	69.4430	85.1300	86.7319	80.5993	9.0453	9.5601	57.7967	-0.0592	*	*	*	*	*	*	46.8200	3.5642	44.1318	4.5178	41.3479	5.1488	38.5258	5.5734	35.6246	5.4850	32.7888	5.4945	29.9966	5.6072	27.2224	5.7479	24.4491	5.8013	21.6792	5.8306	18.9065	5.8242	16.1332	5.7000	13.3383	5.6730	10.3466	6.6417	7.1055	8.2351	3.6441	9.9780	0.1112	11.2491	-3.4383	12.0230	-6.9082	12.1732	-10.1079	11.4200	-13.0936	10.1139	-16.1022	8.8308	-18.9185	7.1749	-20.1663	3.0488	-20.9634	-1.3347	-20.1525	-7.4398	-20.7594	-11.1355	-21.0748	-14.8624	-21.4160	-18.2672	-18.8039	-24.2731	-14.5384	-31.1081	-12.4636	-35.3498	-12.7813	-37.3521	-14.7461	-38.1156	-14.9792	-40.0958	-15.4070	-41.8822	*	*	-17.0766	-44.9284
it02	1.4775	12/12/2016 14:58:07	Dico baca lentamente	a	63.1192	76.6121	75.4384	80.7115	162.6007	162.6502	56.7369	-1.9694	*	*	*	*	*	*	*	*	*	*	*	*	37.3528	0.5322	34.5879	0.0626	31.8166	-0.9731	29.2067	-1.5786	26.7152	-1.5076	24.2497	-0.8262	21.7295	0.5918	19.0543	2.8286	16.1784	5.1942	13.1705	6.9695	10.0051	8.6501	6.7624	9.8598	3.1883	11.7790	-0.2286	12.3980	-3.6400	12.6172	-6.7107	11.6593	-9.6383	10.3296	-12.5078	8.8900	-15.2298	7.1797	-17.7482	5.1581	-19.5482	2.0749	-20.9969	-1.2862	-22.1774	-4.7477	-23.1843	-8.1647	-24.1278	-11.4115	-25.0545	-14.4695	-26.9279	-16.4411	-28.7622	-18.4454	-30.6109	-20.4426	*	*	*	*	*	*	*	*	-31.6432	-35.2061	-32.3057	-37.5819
it02	1.4306	12/12/2016 14:58:13	Dico bogo lentamente	O	66.6613	55.7734	55.5777	81.9095	156.3150	156.9838	55.8946	-3.4875	*	*	*	*	*	*	*	*	*	*	*	*	*	*	*	*	*	*	*	*	26.9928	2.4632	24.3553	2.6849	21.7093	2.6941	19.0096	3.7347	16.2092	4.8497	13.2157	6.6202	10.1443	7.8310	6.8261	9.5581	3.4281	10.8316	-0.1315	12.0699	-3.7630	12.9796	-7.5996	13.9719	-11.2560	14.0857	-14.4355	12.9179	-17.3511	11.1946	-20.0301	9.0906	-22.7696	7.1510	-24.3658	3.5838	-25.1114	-0.8469	-25.4441	-5.3963	-26.1950	-9.0749	-27.6206	-11.7912	-28.7591	-14.6757	-29.5267	-17.7648	-29.7613	-21.1405	-29.8074	-24.4628	-29.6263	-27.7536	*	*	*	*	*	*	-29.1234	-39.1171
it02	1.4097	12/12/2016 14:58:18	Dico podo lentamente	O	68.0394	49.3673	50.8477	67.5850	44.3507	44.2543	*	*	*	*	*	*	*	*	*	*	*	*	40.8867	3.4716	38.3257	4.7133	35.5446	5.0664	32.6753	4.7395	29.8261	4.0562	27.0594	3.4154	24.3581	2.7762	21.7155	2.0478	19.1034	1.8342	16.5058	1.5260	13.9123	1.2386	11.3148	0.9479	8.7099	0.6384	6.0177	0.5973	3.2747	0.5523	0.4689	0.5128	-2.2700	0.1061	-5.1111	-0.1826	-7.9813	-0.5684	-11.0733	-0.6874	-13.9689	-1.3553	-16.9456	-2.0264	-19.6182	-3.2793	-22.1943	-4.7251	-24.1282	-7.0085	-25.6568	-9.6832	-27.0695	-12.3664	-28.2877	-15.1302	-28.2348	-18.9150	-27.8990	-22.6703	-28.4148	-25.5170	*	*	*	*	*	*	*	*	*	*
it02	1.4432	12/12/2016 14:58:24	Dico bada lentamente	a	68.5197	64.6465	65.4431	68.3708	20.4287	20.3344	*	*	*	*	*	*	*	*	*	*	43.7662	3.3687	41.0671	4.1275	38.3625	4.8717	35.6104	5.4108	32.7358	5.1417	29.8678	4.4357	27.0811	3.7262	24.3791	3.4724	21.7036	3.2850	19.0385	3.1505	16.3784	2.9540	13.7214	2.7138	11.0600	2.4464	8.3955	2.1268	5.7138	1.7986	3.0464	1.3241	0.3520	0.8573	-2.3425	0.2946	-5.1049	-0.1970	-7.7928	-0.9624	-10.3683	-2.0217	-12.7621	-3.4351	-15.0275	-5.0489	-17.0924	-6.9305	-18.9239	-9.0732	-20.5446	-11.3985	-22.0837	-13.7221	-23.4591	-16.1347	-24.8290	-18.4645	-26.7432	-20.2428	-28.8158	-21.9172	*	*	-32.3000	-25.8917	-32.1377	-29.1320	*	*	-30.6178	-35.7519	-31.2623	-38.0853
it02	1.5334	12/12/2016 14:58:29	Dico boco lentamente	O	62.3098	66.1042	65.6284	78.4387	171.1323	171.0814	59.9782	3.8727	*	*	*	*	*	*	*	*	*	*	*	*	*	*	34.3401	-1.2335	31.7508	-1.4111	29.0243	-3.2379	26.5586	-3.7482	24.1565	-3.9228	21.7619	-2.7785	19.3002	-2.1526	16.7262	-0.9432	13.8488	1.7295	10.7578	4.2235	7.4817	6.4538	4.2957	7.4028	0.7855	8.9690	-2.9537	10.5956	-6.5277	11.1832	-9.8286	10.7715	-12.9117	9.7340	-15.8860	8.4216	-18.8025	6.9751	-21.4979	5.1471	-23.9341	2.9597	-25.2537	-0.6576	-26.2013	-4.4687	-27.1434	-8.0029	-28.8945	-10.4615	-29.2337	-14.2181	-28.0151	-19.1105	-23.8722	-25.9782	-19.7769	-32.0562	-16.2235	-37.0867	-15.2497	-39.9229	*	*	*	*	-20.5605	-43.2478
it02	1.5055	12/12/2016 14:58:58	Dico pata lentamente	a	67.6530	72.5437	72.8648	69.1487	28.1354	28.1857	56.1042	-3.1098	*	*	*	*	*	*	*	*	*	*	40.6622	2.6550	37.9541	3.1164	35.2109	3.3210	32.5003	3.5754	29.7517	3.3798	27.0400	3.1383	24.3549	2.6703	21.7111	2.5076	19.0790	2.3285	16.4530	2.1175	13.8364	1.8249	11.2324	1.4328	8.5834	1.2372	5.8806	1.1392	3.1006	1.1410	0.1545	1.4391	-2.8914	1.7228	-5.9145	1.6829	-8.6543	0.8378	-11.1226	-0.5941	-13.4551	-2.2408	-15.7733	-3.8736	-18.1150	-5.4523	-20.0768	-7.5404	-21.4866	-10.2446	-22.2739	-13.5070	-23.1739	-16.4324	-25.2714	-18.0381	-27.2901	-19.7559	-29.6655	-21.2192	-31.6942	-23.0344	*	*	*	*	*	*	*	*	-39.8807	-33.9277
it02	1.5294	12/12/2016 14:59:04	Dico pogo lentamente	O	54.7487	73.3138	73.4227	80.6384	136.1787	136.5530	61.9727	7.4676	*	*	*	*	*	*	*	*	*	*	*	*	*	*	32.8968	-8.7829	30.3967	-10.4191	28.3512	-9.3604	26.3674	-6.4831	24.1695	-3.4903	21.7403	-0.5293	18.9912	4.1085	15.8914	8.4097	12.6497	10.9924	9.6643	10.6537	6.6608	10.3406	3.4311	10.8195	0.0642	11.4081	-3.3829	11.8599	-6.8756	12.0884	-10.3825	12.0576	-13.6651	11.3081	-16.7152	9.9911	-19.5530	8.2685	-21.8981	5.7778	-23.7213	2.6521	-25.2881	-0.6119	-26.6593	-3.9076	-27.8981	-7.1497	-28.1017	-11.2890	-25.9586	-17.3756	-22.7665	-23.7830	-20.2372	-28.9641	-20.1837	-31.7482	*	*	*	*	*	*	*	*	-25.6951	-40.7709
it02	1.5505	12/12/2016 14:59:10	Dico paca lentamente	a	67.0445	53.5570	53.6287	80.9699	140.1489	139.5636	*	*	*	*	*	*	*	*	*	*	*	*	*	*	*	*	34.7380	0.8476	32.2526	1.9275	29.5976	1.9773	26.9265	1.5146	24.2853	0.3573	21.7271	0.8415	19.0801	2.3068	16.2822	4.0309	13.3056	5.9252	10.1172	7.9905	6.7791	9.7806	3.3753	11.0401	-0.1641	12.1800	-3.6970	12.7851	-7.0434	12.5250	-10.0212	11.2187	-13.1348	10.2000	-16.1297	8.8828	-18.9535	7.2353	-21.0267	4.4046	-22.1365	0.3612	-22.9502	-3.7202	-24.0615	-7.0901	-25.7463	-9.5820	-27.2010	-12.2292	-27.9251	-15.4797	-29.4557	-17.8280	-31.0830	-20.0548	-33.0899	-21.9778	*	*	*	*	*	*	*	*	-41.6586	-33.0701
it02	1.2698	12/12/2016 14:59:15	Dico pudu lentamente	u	71.2030	43.3545	44.7256	81.8357	-22.0201	22.1709	59.5292	3.0634	*	*	*	*	*	*	*	*	*	*	*	*	39.0237	7.7136	35.9910	7.4016	33.0604	7.3012	30.1768	7.2459	27.3291	7.2743	24.4940	7.2922	21.6645	7.3586	18.8341	7.2913	16.0049	7.1377	13.1523	7.1097	9.8947	9.2991	6.4396	11.3880	2.7463	13.5259	-0.5668	13.5416	-3.9371	13.4924	-7.1860	12.8959	-10.2991	11.8639	-13.2224	10.3832	-16.0532	8.7381	-18.6361	6.6884	-19.9649	2.7314	-21.0789	-1.1676	-20.6791	-6.7396	-21.3354	-10.4297	-21.9525	-13.8703	-23.0553	-16.5562	-22.8326	-20.3892	-20.0130	-26.2343	-15.9912	-32.4521	-12.8824	-37.2756	-11.8308	-40.1456	*	*	*	*	*	*	-19.7597	-43.6341
it02	1.4178	12/12/2016 14:59:20	Dico baga lentamente	a	69.9339	33.0399	32.7950	84.9701	140.5914	141.7427	56.2671	-2.8162	*	*	*	*	*	*	*	*	*	*	*	*	*	*	*	*	*	*	30.0019	5.6556	27.1901	5.2858	24.4321	5.2356	21.6750	6.2572	18.8087	7.8061	15.7511	9.9807	12.5362	11.8694	9.1464	13.6993	5.8021	14.4064	2.4317	14.7692	-1.1811	15.6188	-4.8185	16.0890	-8.2308	15.6141	-11.3418	14.2850	-14.2359	12.5010	-17.0337	10.5939	-19.4377	8.0698	-21.3121	4.8543	-21.9543	0.0977	-22.3113	-4.5696	-22.7932	-8.6438	-23.0030	-12.6829	-23.2610	-16.3415	-24.1776	-19.0926	-26.3259	-20.6143	-29.3150	-21.5071	-31.6442	-23.0722	*	*	*	*	*	*	*	*	*	*
it02	1.4421	12/12/2016 14:59:26	Dico poto lentamente	O	68.5240	63.7509	65.2045	70.3178	21.7123	22.4582	59.6980	3.3676	*	*	*	*	*	*	*	*	*	*	40.9128	3.5664	38.2777	4.5072	35.5582	5.1378	32.7773	5.4178	29.8878	4.6171	27.0788	3.6934	24.3580	2.7730	21.7110	2.5168	19.0780	2.3485	16.4537	2.1100	13.8381	1.8117	11.2141	1.5402	8.5657	1.3210	5.8246	1.3606	3.0240	1.4000	0.0109	1.8619	-3.1515	2.3994	-6.5611	3.1843	-9.8676	3.3732	-13.0230	3.0029	-15.9338	2.0311	-18.6226	0.6163	-21.0050	-1.2745	-23.2070	-3.3788	-25.3870	-5.4663	-27.7002	-7.3735	-29.3513	-9.9848	-30.7768	-12.7305	-31.7839	-15.7553	-33.3269	-18.2115	-34.6015	-20.8334	*	*	*	*	*	*	*	*	-39.9182	-33.9096
it02	1.2680	12/12/2016 14:59:31	Dico bucu lentamente	u	70.6190	98.0619	97.9356	86.5573	75.9980	77.2213	58.6786	1.5302	*	*	*	*	*	*	*	*	*	*	*	*	*	*	34.0736	-2.6277	32.0431	0.5333	*	*	27.4618	9.1717	24.5796	10.1359	21.6319	10.7431	18.7066	9.8734	15.7048	10.5002	12.7426	10.2753	9.3843	12.3008	6.0232	13.3596	2.2703	15.4071	-1.6302	17.1374	-5.7813	18.9255	-9.5519	19.0512	-12.9707	18.0673	-16.0480	16.2873	-18.6137	13.5843	-20.1782	9.3459	-21.0527	4.4456	-21.3540	-0.7700	-21.5775	-5.5453	-21.7898	-9.8731	-20.8053	-15.1671	-19.9350	-19.8130	-19.0237	-24.0612	-19.7340	-26.4827	-19.1833	-29.8299	-19.0582	-32.6003	-18.2051	-35.7068	*	*	*	*	*	*	-25.1343	-41.0414
it02	1.3095	12/12/2016 14:59:36	Dico putu lentamente	u	70.2678	70.5346	71.7629	80.4055	-10.2824	9.1110	59.1530	2.3853	*	*	*	*	*	*	*	*	44.9031	6.9421	42.0494	7.7001	39.0763	7.9393	36.0053	7.4763	32.9691	6.6940	30.0526	6.1165	27.2539	6.1976	24.4615	6.2138	21.6758	6.1767	18.8945	6.0665	16.1140	5.9160	13.2812	6.1141	10.2627	7.1348	7.1607	7.9738	3.7326	9.6282	0.1885	10.9878	-3.6257	12.5751	-7.0837	12.6297	-10.2549	11.7613	-13.2370	10.4137	-15.8731	8.3971	-18.1819	5.9055	-19.5228	2.0348	-20.5571	-1.9219	-21.5467	-5.5862	-22.2304	-9.3333	-23.2575	-12.3953	-22.9476	-16.6686	-21.2453	-21.9194	-17.5029	-28.4689	-14.2425	-33.8886	-13.1007	-37.1103	-13.1261	-39.2437	-13.3887	-41.1120	-13.6454	-42.9117	-15.2914	-43.9105	-16.5563	-45.1794
it02	1.2310	12/12/2016 14:59:41	Dico bugu lentamente	u	65.5903	73.1884	73.1765	86.2943	89.5414	90.2677	58.9448	2.0101	*	*	*	*	*	*	*	*	*	*	*	*	*	*	*	*	32.0166	0.3573	29.5108	1.1879	27.1576	4.8198	24.5358	8.6803	21.6363	10.2912	18.7051	9.9043	15.7515	9.9764	12.6460	11.0211	9.2991	12.8018	5.8981	13.9517	2.2655	15.4259	-1.6518	17.2103	-5.5242	18.1679	-9.3906	18.6317	-12.6327	17.2826	-15.7193	15.6006	-18.3276	13.0428	-20.2014	9.3858	-20.3672	3.3654	-19.5422	-3.3891	-18.8714	-9.1431	-17.5455	-15.0728	-16.3301	-20.2256	-15.1817	-24.7742	-14.4271	-28.4926	-13.6053	-31.9388	-12.0003	-35.7304	-11.9858	-37.9543	-12.1958	-39.8914	-12.9173	-41.4132	-13.5916	-42.9431	-15.3376	-43.8859	-16.5949	-45.1608
it02	1.1952	12/12/2016 14:59:46	Dico pada lentamente	a	68.2618	64.3913	64.9094	68.7609	0.8398	0.9759	52.7567	-9.1433	*	*	*	*	*	*	*	*	*	*	40.7506	2.9764	38.1878	4.1208	35.4425	4.5325	32.6122	4.3194	29.8125	3.9326	27.0803	3.7151	24.3852	3.6760	21.7006	3.6012	19.0243	3.4374	16.3546	3.2207	13.6918	2.9421	11.0202	2.6805	8.3303	2.4358	5.6023	2.2391	2.8666	1.9321	0.1497	1.4532	-2.5127	0.7376	-5.1521	-0.0873	-7.7188	-1.1169	-10.2225	-2.2977	-12.5977	-3.7184	-15.0332	-5.0398	-17.3165	-6.6066	-19.1643	-8.7536	-20.7419	-11.1569	-21.8758	-13.9570	-23.0604	-16.5508	-23.9767	-19.2862	-25.2070	-21.6104	-26.2940	-23.9888	-27.4047	-26.2817	-29.0780	-28.1354	-31.6572	-29.4391	*	*	*	*	-38.9593	-34.3722
it02	1.4992	12/12/2016 14:59:52	Dico boto lentamente	O	65.9731	110.4462	110.7365	67.9868	112.8153	112.8566	57.3058	-0.9441	*	*	*	*	*	*	*	*	*	*	40.3639	1.5698	37.6743	1.9137	34.9489	1.9509	32.2152	1.6783	29.4990	1.0802	26.8552	0.4941	24.2768	0.0744	21.7366	-0.1386	19.2128	-0.3826	16.7050	-0.7054	14.2026	-1.0037	11.7111	-1.3827	9.2047	-1.7048	6.6030	-1.7154	3.9083	-1.5901	0.9665	-0.9529	-2.0228	-0.5372	-5.2108	0.0489	-8.3598	0.2224	-11.3835	-0.1003	-14.2460	-0.8777	-17.0295	-1.8942	-19.9053	-2.8642	-22.6101	-4.1724	-25.0417	-5.8893	-27.0771	-8.0778	-28.8900	-10.4663	-30.5482	-12.9510	-32.0230	-15.5424	-33.3141	-18.2221	-33.7648	-21.4668	-33.4421	-25.0964	*	*	*	*	*	*	-30.7013	-38.3559
it02	1.5021	12/12/2016 15:00:04	Dico bodo lentamente	O	68.7314	53.1856	54.4460	68.0046	27.7662	28.4378	56.7313	-1.9795	*	*	*	*	*	*	*	*	*	*	41.0669	4.1268	38.3876	4.9797	35.6492	5.6138	32.7080	4.9571	29.8415	4.1963	27.0689	3.5516	24.3699	3.1665	21.7072	2.9170	19.0633	2.6464	16.4255	2.4254	13.7858	2.2156	11.1494	1.9205	8.5149	1.5615	5.8578	1.2293	3.1775	0.8810	0.4682	0.5149	-2.2571	0.0726	-5.0272	-0.3776	-7.8588	-0.8244	-10.7386	-1.3208	-13.7098	-1.8017	-16.5220	-2.6939	-19.2040	-3.8780	-21.5933	-5.5242	-23.6321	-7.6162	-25.4399	-9.9284	-26.9774	-12.4625	-28.0568	-15.3528	-29.2258	-18.0327	-29.7078	-21.1845	-31.1458	-23.4495	*	*	*	*	*	*	*	*	-35.4823	-36.0495
it02	1.5228	12/12/2016 15:00:10	Dico pucu lentamente	u	77.1022	59.8822	59.8507	87.0395	71.3577	72.8827	*	*	*	*	*	*	*	*	*	*	*	*	*	*	*	*	*	*	*	*	*	*	27.6203	11.4397	24.5551	9.3240	21.6558	8.2542	18.8163	7.6517	15.7842	9.6101	12.5243	11.9616	8.9440	14.8901	5.4290	16.1732	1.5672	18.1855	-2.2566	19.2554	-6.0199	19.6283	-9.4753	18.8521	-12.8891	17.8779	-15.6790	15.5164	-18.0800	12.5742	-19.8754	8.8240	-20.9959	4.3560	-21.7202	-0.2406	-21.7272	-5.3463	-21.6896	-9.9958	-20.4130	-15.6105	-18.1104	-21.7174	-16.3116	-26.6758	-15.5936	-30.1686	-15.1476	-33.1450	-14.8590	-35.7792	-14.4250	-38.3391	-15.3428	-39.8634	-16.4669	-41.2628	*	*	-19.1275	-43.9391
it02	1.5452	12/12/2016 15:00:16	Dico budu lentamente	u	71.9426	45.6153	46.5129	82.7200	-3.1464	2.2411	61.1528	5.9898	*	*	*	*	*	*	*	*	*	*	*	*	39.1173	8.1159	36.0961	7.9511	33.1428	7.8494	30.2424	7.8433	27.3695	7.8514	24.5123	7.9021	21.6591	7.9191	18.8036	7.9091	15.9235	8.0503	12.9430	8.7268	9.8479	9.5741	6.6127	10.5685	3.0953	12.1466	-0.5755	13.5710	-4.2580	14.4378	-7.5712	13.8981	-10.7001	12.7951	-13.7174	11.4174	-16.5874	9.7491	-18.8280	7.0190	-20.0966	2.9389	-19.5987	-3.3074	-19.4049	-8.4338	-19.8991	-12.1893	-22.0129	-13.8021	-22.9587	-16.6570	-21.5074	-21.6668	-17.4364	-28.5281	-13.4168	-34.5668	-11.4047	-38.3942	-11.6314	-40.2845	*	*	*	*	*	*	-22.1081	-42.5013
it02	1.3993	12/12/2016 15:00:22	Dico bata lentamente	a	69.8433	100.7532	100.9135	69.2833	20.7088	20.2995	*	*	*	*	*	*	*	*	*	*	*	*	*	*	39.6142	10.2513	36.5439	10.2936	33.2342	8.4575	30.0359	5.9649	27.1158	4.2219	24.3811	3.5420	21.7029	3.3667	19.0351	3.2191	16.3703	3.0447	13.7119	2.7869	11.0627	2.4303	8.4107	2.0552	5.6883	1.8994	2.9370	1.6942	0.1256	1.5241	-2.6541	1.1055	-5.3902	0.4654	-8.0063	-0.5162	-10.4874	-1.7963	-12.8607	-3.2651	-15.1402	-4.8712	-17.2502	-6.7024	-19.2085	-8.6949	-21.1115	-10.7041	-22.3899	-13.3759	-23.6850	-15.8990	-24.5729	-18.7114	-25.8123	-21.0715	-27.1806	-23.2604	*	*	-31.2215	-26.6427	*	*	*	*	-31.1774	-35.4540	-30.2435	-38.5767
it02	1.5624	12/12/2016 15:00:28	Dico paga lentamente	a	68.0452	46.4340	47.1786	85.7707	119.9966	121.4348	55.8707	-3.5307	*	*	*	*	*	*	*	*	*	*	*	*	*	*	35.0581	2.5220	32.4300	3.1076	29.7937	3.7614	27.1576	4.8211	24.4337	5.2869	21.6810	5.6428	18.8928	6.1023	15.9118	8.1813	12.6661	10.8657	9.0115	14.4926	5.3460	16.5660	1.5946	18.0773	-1.8303	17.8139	-5.2407	17.3329	-8.4459	16.1737	-11.4848	14.6171	-14.3260	12.6891	-17.0391	10.6040	-19.3909	7.9891	-20.6329	3.7840	-20.9898	-1.2966	-21.3356	-5.8669	-21.6699	-10.0200	-22.8137	-12.8969	-23.5059	-16.0859	-25.1758	-18.1303	-27.1230	-19.9047	-29.4945	-21.3597	*	*	*	*	*	*	-34.5855	-30.6740	-35.2643	-33.2785	-35.7957	-35.8983
it02	1.2146	12/12/2016 15:01:07	Dico pugu lentamente	u	57.6254	11.8462	12.0264	83.4968	56.7809	57.0726	48.5508	-16.7240	*	*	*	*	*	*	*	*	38.1008	-14.4393	36.1243	-13.8501	34.2499	-12.8041	32.3703	-11.5371	30.4488	-10.0724	28.5035	-7.9747	26.4441	-5.3864	24.2443	-1.0040	21.7103	2.5895	18.9280	5.3891	16.1104	5.9555	13.1323	7.2645	10.0289	8.5101	6.4495	11.3411	3.0247	12.4258	-0.7769	14.2520	-4.3229	14.6290	-8.0029	15.0213	-11.3378	14.2758	-14.7421	13.5586	-17.9415	12.3120	-20.8474	10.4992	-22.1565	6.1849	-23.2276	1.9384	-24.3331	-1.8817	-26.0520	-4.6516	-26.2144	-9.0529	-26.0046	-13.4778	-24.9839	-18.3152	-23.8635	-22.8065	-20.7585	-28.5359	-16.8740	-34.2538	-14.4552	-38.3181	-13.5161	-41.0306	-14.0386	-42.6819	-15.3646	-43.8715	-16.3757	-45.2665
it02	1.3496	12/12/2016 15:01:12	Dico butu lentamente	u	71.0953	66.4014	68.0737	81.2098	-6.2602	5.6546	59.8933	3.7197	*	*	*	*	*	*	*	*	*	*	*	*	39.1833	8.3994	36.1293	8.1248	33.1389	7.8234	30.1872	7.3405	27.3426	7.4667	24.4992	7.4643	21.6638	7.4297	18.8351	7.2714	16.0070	7.1145	13.1357	7.2378	9.9691	8.8618	6.5989	10.6336	3.0441	12.3490	-0.3016	12.6450	-3.6820	12.7409	-6.9655	12.3223	-10.2704	11.7973	-13.4617	10.8832	-16.2651	9.1390	-18.5998	6.6257	-19.9239	2.6669	-21.2862	-0.8680	-22.6156	-4.1650	-23.9592	-7.2155	-24.2107	-11.3178	-22.7481	-16.8768	-21.4238	-21.7473	-21.3437	-25.0497	-21.7089	-27.7552	-22.1270	-30.2771	*	*	*	*	*	*	*	*	-27.0602	-40.1124
it02	1.4132	12/12/2016 15:01:17	Dico baca lentamente	a	66.1140	72.0767	71.8858	81.6299	152.8285	153.5353	55.5721	-4.0688	*	*	*	*	*	*	*	*	*	*	*	*	*	*	*	*	32.1538	1.2697	29.4323	0.4738	26.7908	-0.4264	24.2476	-0.8955	21.7320	0.3364	19.0529	2.8584	16.0740	6.3642	12.9378	8.7672	9.6283	10.8659	6.3637	11.7475	2.8467	13.1292	-0.5207	13.3857	-3.8897	13.3528	-6.9721	12.3393	-9.7801	10.6589	-12.4910	8.8547	-14.7969	6.3603	-17.1235	4.0815	-18.6800	0.7067	-20.2971	-2.2978	-21.4552	-5.7079	-22.5387	-8.9556	-23.4934	-12.1286	-24.5678	-14.9775	-26.2543	-17.0905	-27.9304	-19.1859	-29.5868	-21.2838	-31.2427	-23.3762	-33.2052	-25.2614	-34.7976	-27.4325	*	*	*	*	-36.9565	-35.3384
it02	1.3696	12/12/2016 15:01:23	Dico bogo lentamente	O	59.2673	52.3971	53.7486	82.0286	131.4232	132.8835	60.1800	4.2364	*	*	*	*	*	*	*	*	*	*	*	*	*	*	*	*	31.4708	-3.2736	28.9853	-3.5920	26.6361	-2.6398	24.2309	-1.4500	21.7302	0.5204	19.1372	1.1497	16.4208	2.4790	13.4879	4.5174	10.3375	6.6953	6.9776	8.8408	3.5504	10.3481	-0.0482	11.7881	-3.8848	13.3384	-7.5766	13.9122	-11.2376	14.0432	-14.3782	12.7983	-17.4559	11.3928	-19.9780	9.0008	-21.8282	5.6676	-22.8978	1.4617	-23.2472	-3.3253	-23.7767	-7.4390	-24.3934	-11.1113	-25.2868	-14.2271	-26.1684	-17.1733	-27.1001	-19.9250	-28.7515	-21.9700	-30.1727	-24.1862	-31.2696	-26.6093	-32.2358	-29.0693	-33.4799	-31.3201	*	*	-37.6782	-34.9902
it02	1.3960	12/12/2016 15:01:28	Dico podo lentamente	O	68.3705	63.2060	64.4860	68.6557	52.6183	52.3080	59.6634	3.3053	*	*	*	*	*	*	*	*	43.9867	4.0617	41.0957	4.2316	38.2904	4.5616	35.5282	4.9810	32.6596	4.6347	29.8149	3.9541	27.0494	3.2724	24.3638	2.9649	21.7090	2.7302	19.0724	2.4620	16.4476	2.1788	13.8252	1.9114	11.2003	1.6212	8.5741	1.2814	5.9327	0.9333	3.2331	0.6929	0.4516	0.5638	-2.4067	0.4617	-5.4911	0.6998	-8.5473	0.6143	-11.6391	0.3836	-14.4414	-0.5408	-17.1537	-1.6984	-19.5713	-3.3470	-21.7577	-5.3057	-23.8086	-7.4000	-26.0612	-9.2261	-28.1810	-11.2062	-29.6428	-13.8237	-30.1678	-17.1941	-30.5347	-20.5052	-31.3522	-23.2932	-32.1588	-25.9900	*	*	*	*	*	*	-31.3418	-38.0469
it02	1.5349	12/12/2016 15:01:34	Dico bada lentamente	a	71.4004	49.5560	51.9115	67.9804	-4.8115	4.3736	58.3571	0.9509	*	*	*	*	*	*	*	*	44.2624	4.9282	41.8639	7.0256	39.3834	9.2592	36.7604	11.4261	33.5092	10.2865	30.2664	8.0609	27.1817	5.1653	24.4055	4.3506	21.6952	4.1655	18.9930	4.0718	16.2918	3.9235	13.5959	3.6829	10.9118	3.3178	8.2448	2.8406	5.6034	2.2348	2.9850	1.5320	0.4023	0.7092	-2.1982	-0.0808	-4.7563	-1.0065	-7.1867	-2.2288	-9.5017	-3.6620	-11.6333	-5.3803	-13.7950	-6.9910	-15.7878	-8.8164	-17.7054	-10.6933	-19.1292	-13.1325	-20.5351	-15.4725	-21.6070	-18.0678	-22.6640	-20.5517	-23.4827	-23.1454	-24.6430	-25.3449	-26.8951	-26.6674	-29.7231	-27.6862	*	*	*	*	*	*	-36.3952	-35.6091
it02	1.4717	12/12/2016 15:01:40	Dico boco lentamente	O	69.8462	18.1465	17.9482	78.2880	132.4110	131.9780	61.6466	6.8799	*	*	*	*	*	*	*	*	*	*	*	*	*	*	*	*	*	*	29.9607	5.2809	27.1401	4.5704	24.3437	2.2991	21.7072	2.9183	19.0039	3.8506	16.0949	6.1300	13.1700	6.9729	10.2067	7.4645	7.1977	7.7985	4.1158	8.1137	0.5592	9.7344	-3.2109	11.3531	-6.6774	11.5727	-9.6446	10.3442	-12.3400	8.5393	-15.4448	7.5866	-18.1734	5.8909	-20.6386	3.7931	-22.4970	0.8822	-24.0884	-2.2069	-25.6260	-5.1735	-26.8727	-8.3088	-27.8768	-11.5238	-28.7816	-14.6540	-29.4070	-17.8714	-30.1680	-20.8064	-31.4476	-23.2210	-33.4178	-25.1133	-35.4518	-27.0145	-36.9774	-29.2762	*	*	*	*
it02	1.2916	12/12/2016 15:01:45	Dico pata lentamente	a	70.9444	106.1166	107.8278	68.4027	44.5350	44.0184	56.8917	-1.6905	*	*	*	*	*	*	*	*	*	*	41.2899	4.9380	38.9384	7.3469	36.5191	10.1639	33.3855	9.4640	30.1859	7.3295	27.1331	4.4707	24.3614	2.8868	21.7075	2.8828	19.0563	2.7896	16.4105	2.5945	13.7798	2.2625	11.1516	1.9078	8.5305	1.4878	5.9110	1.0192	3.1377	1.0156	0.2845	1.0560	-2.6860	1.1883	-5.4866	0.6894	-8.2076	-0.0957	-10.7798	-1.2428	-13.2861	-2.5319	-15.4262	-4.4205	-17.3868	-6.5049	-19.0916	-8.8503	-20.7605	-11.1341	-22.3979	-13.3669	-24.0062	-15.5637	-25.4834	-17.8337	-27.4174	-19.6426	-28.9787	-21.7833	-31.1365	-23.4566	-32.6408	-25.6544	*	*	*	*	*	*	-38.5422	-34.5734
it02	1.5804	12/12/2016 15:01:50	Dico pogo lentamente	O	57.6569	41.6240	42.7023	84.3658	116.1450	117.3008	58.2614	0.7783	*	*	*	*	*	*	*	*	*	*	*	*	*	*	33.4221	-6.0352	30.8001	-7.7358	28.7526	-5.7089	26.6548	-2.3726	24.3191	1.4804	21.7081	2.8162	18.9106	5.7400	15.8606	8.7545	12.4215	12.7555	8.9857	14.6448	5.5565	15.5696	2.1499	15.8827	-1.3646	16.2394	-5.0133	16.6631	-8.3811	16.0053	-11.6419	14.9818	-14.7083	13.4881	-17.5213	11.5167	-19.8822	8.8358	-21.0233	4.3992	-21.5217	-0.5275	-21.7622	-5.2996	-22.7479	-8.6994	-24.0338	-11.5178	-25.3741	-14.1360	-27.0155	-16.3566	-28.7705	-18.4380	-30.6994	-20.3699	-32.3935	-22.5050	*	*	*	*	*	*	-37.8096	-31.9236	-38.7411	-34.4775
it02	1.4128	12/12/2016 15:01:55	Dico paca lentamente	a	67.2656	32.9566	33.6536	81.9020	113.2289	112.7440	56.5629	-2.2831	*	*	*	*	*	*	*	*	*	*	*	*	*	*	*	*	32.6449	4.5367	29.7818	3.6528	26.9836	2.3322	24.2883	0.4550	21.7254	1.0236	19.0043	3.8430	16.0884	6.2027	12.8777	9.2309	9.7284	10.2771	6.3657	11.7380	3.1354	11.9883	-0.1582	12.1600	-3.5602	12.3821	-6.9074	12.1712	-10.1968	11.6264	-13.1517	10.2355	-15.9949	8.6278	-18.3062	6.1198	-20.3259	3.3002	-21.4529	-0.6271	-22.5679	-4.2285	-23.6995	-7.5336	-24.8016	-10.6499	-26.0347	-13.4464	-27.4938	-15.8955	-29.4868	-17.8003	-30.9944	-20.1275	-32.5604	-22.3787	-33.8426	-24.8175	*	*	*	*	*	*	-38.9622	-34.3708
it02	1.2618	12/12/2016 15:02:01	Dico pudu lentamente	u	71.3691	69.7903	71.6917	82.1065	-35.2383	35.0710	59.8043	3.5593	*	*	*	*	*	*	*	*	45.2649	8.0794	42.3954	8.9587	39.4728	9.6437	36.3167	9.1050	33.2165	8.3393	30.1960	7.4208	27.3490	7.5588	24.5031	7.5952	21.6617	7.6421	18.8204	7.5678	15.9816	7.3991	13.1330	7.2591	10.1156	8.0001	6.7754	9.7980	3.1675	11.8613	-0.4998	13.3150	-3.9151	13.4278	-7.2535	13.0715	-10.0665	11.3238	-12.6610	9.2100	-15.1134	6.9593	-17.8278	5.2953	-19.2838	1.6582	-20.5070	-1.9944	-20.3740	-7.1453	-21.2907	-10.4846	-20.5945	-15.4054	-21.2400	-18.4509	-20.9797	-22.1755	-19.4805	-26.7083	-16.5282	-32.0109	-14.1094	-36.3467	-14.0932	-38.5702	*	*	*	*	*	*	-19.5117	-43.7538
it02	1.4089	12/12/2016 15:02:06	Dico baga lentamente	a	69.8253	27.7458	27.5959	86.7691	105.4855	107.8144	*	*	*	*	*	*	*	*	*	*	*	*	*	*	*	*	*	*	*	*	30.0581	6.1663	27.1902	5.2863	24.3897	3.8248	21.6966	4.0181	18.8499	6.9699	15.6125	11.5335	12.0216	15.8451	8.3553	18.3518	4.8576	18.8786	1.3080	19.2101	-2.2084	19.0923	-5.7087	18.7117	-9.0248	17.6799	-12.1779	16.2265	-15.1174	14.3428	-17.5189	11.5121	-19.1292	7.5381	-19.3339	1.7372	-19.8205	-2.9869	-20.5961	-6.8501	-21.3845	-10.3696	-21.8879	-13.9434	-22.1894	-17.4600	-23.8523	-19.4061	-25.5207	-21.3311	-27.1178	-23.3120	-28.6785	-25.3174	*	*	*	*	*	*	-33.5632	-34.1840	-33.4320	-37.0386
it02	1.2518	12/12/2016 15:02:11	Dico poto lentamente	O	70.8102	63.1657	65.0372	68.5539	66.7416	67.1503	58.8954	1.9211	*	*	*	*	*	*	*	*	*	*	42.6992	10.0637	39.5200	9.8467	36.4733	9.9240	33.4234	9.7163	30.2146	7.5904	27.1607	4.8648	24.3484	2.4550	21.7144	2.1693	19.0959	1.9856	16.4840	1.7706	13.8683	1.5784	11.2572	1.2868	8.6313	1.0105	5.9136	1.0088	3.1356	1.0225	0.2868	1.0494	-2.6848	1.1852	-5.7500	1.3008	-8.9112	1.3746	-11.9301	0.9343	-14.7725	0.0298	-17.4887	-1.1705	-19.9576	-2.7887	-22.4626	-4.3684	-24.7662	-6.2268	-27.0495	-8.1090	-29.2117	-10.1305	-30.7648	-12.7421	-32.1736	-15.4084	-33.3814	-18.1667	-34.9874	-20.5413	*	*	*	*	*	*	*	*	-39.2361	-34.2387
it02	1.3496	12/12/2016 15:02:17	Dico bucu lentamente	u	51.5670	18.2762	17.9490	86.0668	67.7869	67.8831	57.4966	-0.6001	*	*	*	*	*	*	*	*	39.8409	-8.9696	36.8236	-11.3066	34.3834	-12.2301	32.1332	-12.7773	30.0503	-12.7238	27.9707	-12.8212	26.0976	-10.3433	24.1352	-4.6322	21.7193	1.6590	18.9042	5.8709	16.0598	6.5231	13.0477	7.9180	9.7055	10.4117	5.8957	13.9633	2.1052	16.0594	-1.7122	17.4147	-5.0718	16.8353	-8.5661	16.4864	-11.8676	15.5060	-14.9018	13.8922	-17.5573	11.5849	-19.6504	8.4363	-20.9019	4.2079	-21.3293	-0.8057	-21.2611	-5.9659	-21.2221	-10.5685	-19.4802	-16.6649	-17.6237	-22.2253	-16.5948	-26.4028	-15.3879	-30.3518	-14.2632	-33.8716	-13.0337	-37.1611	-14.0118	-38.6269	-14.8659	-40.1681	-15.5713	-41.7862	-17.3967	-42.7898	-18.7208	-44.1353
it02	1.2359	12/12/2016 15:02:22	Dico putu lentamente	u	69.4735	78.4384	79.1797	80.1900	2.4582	3.0078	60.4651	4.7502	*	*	*	*	*	*	*	*	44.7211	6.3702	41.8945	7.1370	38.9315	7.3172	35.8346	6.5836	32.8678	6.0202	30.0104	5.7325	27.2210	5.7281	24.4482	5.7702	21.6800	5.7384	18.9183	5.5851	16.1564	5.4410	13.3629	5.4829	10.3821	6.4331	7.2749	7.4330	3.7784	9.4472	0.1796	11.0179	-3.5632	12.3909	-6.9250	12.2168	-9.9467	11.0457	-12.8696	9.6460	-15.6666	8.0064	-18.1979	5.9331	-20.3594	3.3531	-21.4488	-0.6330	-22.5621	-4.2362	-23.4224	-7.8730	-24.5728	-10.9085	-25.4421	-14.0650	-25.1308	-18.1736	-24.4581	-22.2771	-24.4479	-25.5052	-26.0609	-27.2990	-29.6065	-27.7673	*	*	*	*	*	*	-39.9464	-33.8961
it02	1.5949	12/12/2016 15:02:27	Dico bugu lentamente	u	71.7868	66.8422	67.6151	86.0559	72.9919	73.9912	59.6514	3.2838	*	*	*	*	*	*	*	*	*	*	*	*	*	*	*	*	*	*	30.2311	7.7402	27.3938	8.2000	24.5188	8.1177	21.6618	7.6348	18.8203	7.5701	15.8447	8.9325	12.6747	10.7993	9.2881	12.8663	5.6951	14.9132	2.0668	16.2114	-1.6873	17.3304	-5.4120	17.8375	-9.1380	17.9743	-12.7722	17.6065	-15.8574	15.8892	-18.1398	12.6873	-19.5749	8.3062	-19.8943	2.6201	-20.0412	-2.6678	-19.8729	-7.8116	-19.7253	-12.4022	-18.6274	-17.6289	-17.9021	-21.9348	-19.6546	-23.4530	-22.8261	-23.7300	-26.1105	-24.1395	-28.5113	-25.4439	-31.0165	-26.7855	*	*	*	*	*	*	-40.8481	-33.4610
it02	1.3667	12/12/2016 15:02:32	Dico pada lentamente	a	70.1151	41.2581	42.2414	69.7385	-11.7182	11.9944	58.0646	0.4237	*	*	*	*	*	*	*	*	44.2366	4.8472	41.4581	5.5496	38.6232	5.9920	35.7503	6.1425	32.8742	6.0627	30.0220	5.8379	27.2079	5.5398	24.4354	5.3450	21.6848	5.2463	18.9408	5.1298	16.2018	4.9320	13.4675	4.6746	10.7420	4.3167	8.0229	3.8913	5.3026	3.4237	2.5919	2.8612	-0.1067	2.2086	-2.7839	1.4431	-5.4256	0.5477	-7.9965	-0.5366	-10.4574	-1.8531	-12.7905	-3.3860	-15.0427	-5.0250	-17.3208	-6.6004	-19.0506	-8.9048	-20.6102	-11.3181	-22.0334	-13.7789	-23.4115	-16.1844	-24.6865	-18.6020	-26.1300	-20.7887	-28.1371	-22.4748	-30.7521	-23.7475	*	*	*	*	*	*	-34.6911	-33.5836	-35.4999	-36.0410
it02	1.3434	12/12/2016 15:02:38	Dico boto lentamente	O	68.2898	95.7292	96.5712	68.7127	84.2104	85.6907	56.3445	-2.6767	*	*	*	*	*	*	*	*	43.5865	2.8039	40.9847	3.8279	38.2406	4.3477	35.4645	4.6476	32.6021	4.2523	29.8052	3.8661	27.0542	3.3421	24.3667	3.0613	21.7066	2.9753	19.0480	2.9563	16.3952	2.7648	13.7490	2.5001	11.1049	2.1824	8.4563	1.8391	5.7660	1.5921	2.9464	1.6624	0.0456	1.7600	-3.0573	2.1543	-6.2206	2.3936	-9.4175	2.4325	-12.3111	1.6553	-15.0932	0.5825	-17.6590	-0.9021	-20.1263	-2.5448	-22.3136	-4.5666	-24.3353	-6.7547	-26.3331	-8.9187	-28.2893	-11.0932	-29.9554	-13.5224	-31.0855	-16.3771	-31.8329	-19.4388	-32.7414	-22.2416	-33.9782	-24.7231	*	*	*	*	*	*	-41.3328	-33.2272
it02	1.4962	12/12/2016 15:02:49	Dico bodo lentamente	O	69.0578	57.4272	58.4834	67.8286	39.2468	39.7868	59.9322	3.7897	*	*	*	*	*	*	46.9266	3.8582	44.1583	4.6012	41.3052	4.9934	38.4587	5.2852	35.5966	5.3387	32.7270	5.0830	29.8945	4.6781	27.1155	4.2177	24.3910	3.8701	21.7024	3.4171	19.0422	3.0745	16.3899	2.8252	13.7413	2.5598	11.0997	2.2129	8.4364	1.9334	5.7824	1.5275	3.1102	1.1085	0.4655	0.5229	-2.2074	-0.0568	-4.9116	-0.6460	-7.7073	-1.1410	-10.4635	-1.8415	-13.2866	-2.5310	-15.9279	-3.6300	-18.4114	-5.0237	-20.4900	-6.9911	-22.3657	-9.1676	-24.0820	-11.4633	-25.8013	-13.6901	-27.3789	-16.0063	-28.5885	-18.6000	-29.3914	-21.4444	-30.1388	-24.2119	-31.2270	-26.6389	*	*	*	*	*	*	-30.6774	-38.3674
it02	1.4475	12/12/2016 15:02:55	Dico pucu lentamente	u	68.2429	53.4504	52.8437	85.1485	89.5380	89.9312	*	*	*	*	*	*	*	*	*	*	*	*	*	*	*	*	*	*	32.2896	2.1737	29.7762	3.6020	27.1805	5.1479	24.4415	5.5488	21.6708	6.6940	18.8377	7.2168	15.8094	9.3284	12.6867	10.7069	9.3188	12.6857	5.8550	14.1559	2.2782	15.3759	-1.3950	16.3420	-5.1233	16.9870	-8.8329	17.1808	-12.3333	16.5874	-15.3517	14.8324	-18.1369	12.6818	-20.4750	9.8575	-21.2745	4.7951	-21.5789	-0.4449	-21.7162	-5.3608	-22.3454	-9.1925	-22.3353	-13.4376	-22.4718	-17.1652	-23.5607	-19.6873	-25.4513	-21.3929	-27.1559	-23.2807	-28.6024	-25.3750	-29.9198	-27.5492	-31.0441	-29.8308	-32.1425	-32.1017	*	*	-33.9790	-36.7747
it02	1.1722	12/12/2016 15:03:01	Dico budu lentamente	u	71.6498	47.0146	47.9104	82.3332	-16.4013	16.1628	61.1684	6.0180	*	*	*	*	*	*	*	*	45.0711	7.4703	42.1268	7.9819	39.1337	8.1860	36.0961	7.9510	33.1548	7.9292	30.2354	7.7792	27.3718	7.8841	24.5125	7.9071	21.6592	7.9035	18.8040	7.9000	15.9445	7.8143	13.0674	7.7657	10.0011	8.6731	6.5873	10.6886	2.8760	13.0132	-0.7405	14.1288	-4.1632	14.1586	-7.5047	13.7250	-10.6888	12.7688	-13.5294	11.0247	-16.1360	8.8947	-18.2823	6.0785	-19.2712	1.6383	-19.9093	-2.8584	-19.5812	-8.1994	-19.6028	-12.5524	-19.5348	-16.6032	-20.6696	-19.0462	-22.2909	-20.9115	-22.9202	-23.6462	-23.8109	-26.0285	-25.4570	-27.7562	*	*	*	*	*	*	*	*	-37.1278	-35.2558
it02	1.3569	12/12/2016 15:03:06	Dico bata lentamente	a	68.3540	94.2058	94.3109	68.8858	30.0224	29.8367	56.8441	-1.7762	*	*	*	*	*	*	*	*	43.6662	3.0543	40.9654	3.7578	38.2178	4.2498	35.4389	4.5136	32.6174	4.3543	29.8057	3.8709	27.0628	3.4646	24.3731	3.2746	21.7038	3.2637	19.0390	3.1401	16.3703	3.0447	13.6973	2.8997	11.0210	2.6759	8.3582	2.3034	5.7013	1.8479	2.9461	1.6633	0.1397	1.4826	-2.7163	1.2671	-5.4382	0.5768	-8.0119	-0.5046	-10.4737	-1.8222	-12.7389	-3.4750	-14.9350	-5.1946	-16.9431	-7.1464	-18.9023	-9.1020	-20.7840	-11.1053	-22.2471	-13.5374	-23.7164	-15.8661	-25.4110	-17.9034	-26.7528	-20.2342	-28.6691	-22.0377	-31.0088	-23.5532	*	*	*	*	*	*	*	*	*	*
it02	1.2260	12/12/2016 15:03:32	Dico paga lentamente	a	68.4262	73.2323	73.8405	84.3315	139.7607	141.6104	64.2801	11.6264	*	*	*	*	*	*	*	*	*	*	*	*	*	*	35.4038	4.3303	32.5817	4.1165	29.7760	3.6008	27.0629	3.4662	24.4017	4.2249	21.6843	5.2917	18.8582	6.8033	15.8959	8.3591	12.5935	11.4268	9.1267	13.8156	5.6538	15.1089	2.2354	15.5450	-1.3436	16.1682	-4.8640	16.2231	-8.0463	15.1343	-10.7583	12.9302	-13.2557	10.4528	-15.5218	7.7324	-17.8032	5.2528	-18.9026	1.0574	-19.1203	-3.9990	-19.0954	-8.8452	-20.1733	-11.8534	-21.4238	-14.4680	-22.6322	-16.9978	-23.6610	-19.5905	-25.2818	-21.5438	-26.8420	-23.5386	-28.2691	-25.6273	-29.6607	-27.7296	-32.2020	-29.0910	-34.8837	-30.4998	*	*	-38.0999	-34.7868
