pl02	1.4124	07/02/2017 16:21:26	Mowie pata teraz	a	60.0937	110.1540	110.8916	56.7427	-50.2694	51.1570	35.9780	-6.8646	35.3865	-3.8555	35.0937	0.2563	34.3127	3.8359	32.4296	4.9887	29.7886	3.8849	27.2442	2.6405	24.8894	1.6145	22.9255	1.9273	20.9610	2.1940	18.9825	2.3261	17.0198	2.5131	15.0549	2.6657	13.0920	2.9443	11.1155	2.9832	9.1382	2.9431	7.1664	2.7931	5.2039	2.5644	3.2557	2.2397	1.2814	2.0729	-0.6728	1.7543	-2.6207	1.3783	-4.5654	0.9635	-6.5677	0.6861	-8.5751	0.3481	-10.5258	-0.1964	-12.4044	-0.9418	-14.2556	-1.7578	-16.0499	-2.6914	-17.7153	-3.8498	-19.1878	-5.2909	-20.6253	-6.7293	-22.0499	-8.1424	-23.4616	-9.5385	-24.3917	-11.4750	-25.1319	-13.5282	-25.5648	-15.7912	-26.2118	-17.7260	-27.8251	-18.7293	*	*	*	*	-35.0388	-20.3590
pl02	1.4281	07/02/2017 16:21:33	Mowie puku teraz	u	50.9298	-50.9682	51.5087	69.3427	38.2960	38.9777	36.7706	-5.3662	34.7494	-5.1695	32.8541	-4.8094	30.7012	-5.1759	28.7606	-5.1886	26.8066	-5.3966	25.0270	-5.1957	23.3336	-4.7268	21.9520	-2.7441	20.4878	-0.5569	18.9385	2.0024	17.1073	3.3848	15.2552	5.7478	13.2333	7.6894	11.0810	9.4373	8.8161	10.8936	6.4512	12.2312	3.9536	13.8066	1.4819	14.3109	-1.0471	14.7937	-3.4672	14.4788	-5.8889	14.1078	-8.3130	13.6869	-10.6525	12.9474	-12.8526	11.8261	-14.8595	10.2911	-16.6502	8.3900	-18.2217	6.2046	-19.6805	3.9979	-21.1189	1.9274	-21.6481	-1.4316	-21.7797	-5.0516	-21.6435	-8.6908	-22.0839	-11.2670	-21.4086	-14.9591	-20.8268	-18.2127	-19.9216	-21.5145	-20.1188	-23.4859	-19.8770	-25.7308	*	*	*	*	-20.7805	-30.4686
pl02	1.2620	07/02/2017 16:21:39	Mowie pogo teraz	O	62.7610	0.0000	0.0000	66.9758	0.0000	0.0000	40.2015	1.1199	38.0118	1.5596	36.0194	2.3500	34.3772	3.9970	32.6757	5.6715	30.6144	6.4552	28.6097	7.4666	26.6491	8.7867	24.7095	10.4876	22.6471	11.9972	20.4501	13.1160	18.2052	14.3217	15.8720	15.2349	13.4791	15.9391	11.0470	15.7817	8.6142	15.8768	6.1737	15.8933	3.7527	15.6131	1.3414	15.2669	-1.0494	14.8064	-2.9491	12.1194	-4.3992	8.3053	-5.6507	4.6481	-7.0874	2.2459	-8.6070	0.4335	-9.1823	-3.4476	-9.8812	-6.4873	-10.3493	-9.6000	-11.0044	-11.9874	-11.5563	-14.3039	-12.1815	-16.2811	-12.4394	-18.6263	-13.1142	-20.1990	-13.7969	-21.6640	-14.3805	-23.1676	-15.0561	-24.4919	-15.7022	-25.7937	-16.3250	-27.0723	-17.0649	-28.2079	-17.6550	-29.4482	-18.6213	-30.3726	-19.2932	-31.5231
pl02	1.4540	07/02/2017 16:21:44	Mowie paka teraz	a	47.9638	-62.1173	62.8961	67.6835	106.4045	108.3292	33.0431	-12.4131	31.4541	-11.9667	29.6860	-11.9752	28.2954	-11.1794	27.0795	-9.8516	25.9731	-7.9909	24.8850	-5.6972	23.8609	-2.5774	22.5693	0.2182	21.1219	3.1295	19.2998	4.6589	17.3750	6.0522	15.3722	7.5471	13.2786	9.2097	11.0731	10.9166	8.7590	12.3022	6.3805	13.1644	3.9366	13.9589	1.5330	13.9632	-0.8719	13.8366	-3.2095	13.3055	-5.4610	12.4409	-7.6240	11.3478	-9.4723	9.4047	-11.1635	7.2936	-12.7159	5.1035	-14.4236	3.4961	-15.9060	1.5557	-17.3580	-0.2813	-18.7857	-2.0329	-20.2568	-3.6140	-21.3908	-5.6168	-22.2540	-7.8671	-23.2566	-9.7957	-23.8802	-12.0724	-24.5178	-14.1964	-24.9186	-16.4465	-26.3226	-17.6213	*	*	*	*	*	*	-29.5180	-24.2734
pl02	1.4708	07/02/2017 16:21:50	Mowie poto teraz	O	62.8033	67.3664	69.6771	59.9051	0.6013	0.1293	41.7315	4.0123	39.6582	4.9557	37.5075	5.7158	35.3949	6.5364	33.2646	7.3049	30.9038	7.3562	28.2540	6.2094	25.6085	4.5453	23.2315	3.3953	21.1402	3.2359	19.1310	3.4175	17.1198	3.5098	15.1266	3.7696	13.1330	4.3200	11.1053	4.8946	9.0533	5.0387	7.0215	4.7053	4.9854	4.5290	2.8987	4.6692	0.7489	4.9819	-1.4600	5.3387	-3.7749	5.8736	-6.2830	6.7947	-8.6134	6.8267	-10.7256	6.1186	-12.5448	4.6895	-14.4936	3.6501	-16.4867	2.7213	-18.4424	1.7168	-20.3833	0.6787	-21.5553	-1.5772	-22.4376	-4.0954	-23.0553	-6.7860	-24.0033	-8.8589	-24.1987	-11.7004	-24.0931	-14.6586	-24.2073	-17.1679	-25.1643	-18.7163	-26.7543	-19.6725	*	*	*	*	-32.5495	-22.1239
pl02	1.4338	07/02/2017 16:21:55	Mowie pugu teraz	u	48.4684	5.6034	5.4364	68.8570	37.6990	38.5692	33.0687	-12.3647	32.5023	-9.8047	31.7775	-7.2446	30.6973	-5.1856	28.7149	-5.3152	26.4507	-6.5042	24.4393	-7.2726	22.9366	-6.3451	21.6589	-4.1506	20.4554	-0.7454	18.9239	1.8953	17.2120	4.4283	15.2491	5.6528	13.2198	7.2353	11.0846	8.7576	8.8237	10.7060	6.4965	11.6334	4.0619	12.8326	1.6176	13.3876	-0.9190	14.0939	-3.4007	14.1761	-5.8599	13.9948	-8.1976	13.2952	-10.4948	12.4738	-12.7626	11.5845	-14.9182	10.4332	-16.9495	9.0479	-18.4179	6.5984	-19.7591	4.1426	-20.9934	1.7142	-21.8855	-1.0592	-21.0282	-6.1438	-19.2184	-11.9629	-17.8194	-16.6173	-18.0890	-18.8362	-18.8379	-20.3769	-19.6293	-21.8109	-20.4402	-23.1821	*	*	*	*	*	*	-22.1268	-29.5140
pl02	1.4765	07/02/2017 16:22:00	Mowie podo teraz	O	62.9372	81.5163	83.7851	62.3487	-10.6087	10.4904	41.8999	4.3307	39.7954	5.2387	37.6429	6.0221	35.5196	6.8476	33.3219	7.4640	30.8937	7.3246	28.1097	5.6994	25.4919	4.0701	23.1921	3.2063	21.2339	3.7810	19.2482	4.2794	17.2143	4.4514	15.2056	4.9836	13.1668	5.4546	11.0989	6.0817	9.0037	6.2629	6.8741	6.6505	4.6949	7.1409	2.4861	7.4770	0.2610	7.6471	-1.9376	7.5135	-4.1195	7.2157	-6.3251	6.9378	-8.5310	6.5793	-10.7695	6.2363	-12.9304	5.6226	-15.0491	4.8710	-17.1747	4.1025	-19.2823	3.2641	-21.1636	2.0032	-22.1749	-0.6054	-22.6767	-3.7480	-23.2026	-6.5872	-24.0464	-8.8048	-24.5752	-11.2607	-24.1751	-14.5693	-23.7774	-17.6039	-23.8436	-19.9648	-24.7007	-21.4816	*	*	*	*	-27.5329	-25.6809
pl02	1.4403	07/02/2017 16:22:05	Mowie putu teraz	u	64.0161	10.0408	11.1508	66.0693	-2.1610	2.3470	42.1254	4.7570	40.0814	5.8286	37.8694	6.5346	35.6434	7.1566	33.3125	7.4379	31.0647	7.8567	28.8233	8.2215	26.4796	8.0957	24.1587	7.8447	21.8829	7.5543	19.7311	7.8298	17.6101	8.3932	15.4657	8.9850	13.2877	9.5133	11.0764	10.2846	8.8088	11.0733	6.4685	12.0025	4.1340	12.1841	1.8092	12.0834	-0.4654	11.6155	-2.7324	11.1328	-4.9782	10.5606	-7.2021	9.9153	-9.3795	9.1261	-11.5450	8.3173	-13.5231	7.0569	-15.4628	5.7803	-17.1435	4.0400	-18.9521	2.6557	-19.8961	-0.1482	-20.8767	-2.6417	-20.4691	-6.9564	-20.3620	-10.4198	-20.5243	-13.2237	-22.1556	-14.0867	*	*	*	*	*	*	*	*	*	*	-27.3747	-23.6921	-28.1542	-25.2404
pl02	1.4244	07/02/2017 16:22:10	Mowie poko teraz	O	48.0504	-29.3152	30.0007	67.0972	86.9149	87.6323	31.9348	-14.5082	30.5270	-13.8790	29.0609	-13.3891	27.7672	-12.4975	27.1317	-9.7068	26.4941	-6.3694	25.4120	-3.8347	23.8592	-2.5845	22.1730	-1.6839	20.6684	0.4928	19.0061	2.4992	17.1958	4.2666	15.2685	5.9512	13.2098	6.9005	11.0898	7.7961	8.9047	8.7071	6.6143	10.0782	4.2112	11.4901	1.8039	12.1198	-0.5701	12.1876	-2.9103	11.9429	-5.2539	11.6343	-7.6047	11.2822	-9.9811	10.9320	-12.2353	10.1697	-14.2480	8.8112	-15.6599	6.2133	-16.7879	3.3262	-17.9870	0.8777	-19.2917	-1.1741	-20.0814	-3.8892	-20.7918	-6.4874	-21.6428	-8.6917	-23.0862	-10.0095	-24.2945	-11.5886	-24.7350	-13.9601	-25.1684	-16.1932	-25.6543	-18.2531	-27.1662	-19.3097	*	*	*	*	-28.4623	-25.0219
pl02	1.4159	07/02/2017 16:22:16	Mowie pada teraz	a	62.4977	65.9698	68.1313	54.8589	-28.3755	29.4370	42.0760	4.6637	39.8810	5.4153	37.6656	6.0735	35.4333	6.6324	33.1931	7.1067	30.6485	6.5614	27.8772	4.8780	25.2826	3.2168	22.9896	2.2350	20.9789	2.2983	18.9998	2.4532	17.0210	2.5260	15.0393	2.4260	13.0686	2.1595	11.1214	1.8920	9.1966	1.5012	7.2956	1.0883	5.4182	0.6375	3.5483	0.2489	1.5909	0.3820	-0.3568	0.3152	-2.3124	0.1773	-4.1189	-0.5523	-5.9607	-1.1359	-7.8860	-1.5010	-9.7907	-1.9753	-11.7171	-2.4523	-13.5082	-3.2583	-15.2862	-4.0985	-16.8742	-5.2775	-18.3518	-6.6023	-19.6976	-8.0777	-20.9922	-9.5695	-22.2454	-11.0643	-23.4805	-12.5393	-24.0015	-14.7582	-24.5779	-16.7921	-25.0590	-18.8158	-26.4341	-19.9546	-27.8394	-21.0933	*	*	-29.4498	-24.3217
pl02	1.4252	07/02/2017 16:22:21	Mowie pudu teraz	u	62.7275	43.7210	45.2755	65.7645	-18.8377	18.9133	37.5391	-3.9134	35.7984	-3.0058	35.0958	0.2610	34.1890	3.5274	33.0669	6.7565	30.8703	7.2517	28.4345	6.8475	26.0289	6.2587	23.7424	5.8470	21.6321	6.0959	19.5597	6.5692	17.5028	7.3252	15.4051	8.0530	13.2661	8.7886	11.0826	9.1381	8.8581	9.8554	6.5878	10.4284	4.2531	11.1135	1.9407	11.1890	-0.3798	11.1478	-2.6627	10.8154	-4.9324	10.3822	-7.1579	9.7650	-9.3357	8.9946	-11.4791	8.1406	-13.4786	6.9494	-15.4516	5.7555	-17.2451	4.2440	-18.9860	2.7182	-20.3751	0.6649	-21.5136	-1.6426	-21.1910	-5.9072	-20.1434	-10.7148	-17.8866	-16.5330	-15.6412	-21.6951	-13.5532	-26.1273	-12.5505	-28.9902	-13.2358	-29.9927	-14.6388	-30.3451	*	*	*	*	-18.3112	-32.2194
pl02	1.0702	07/02/2017 16:22:26	Mowie paga teraz	a	47.4688	-50.3185	51.7071	67.5251	94.0590	96.5569	31.9983	-14.3882	30.5685	-13.7934	29.0749	-13.3573	27.6732	-12.7318	26.6234	-11.1169	25.7206	-8.7768	24.7885	-6.0383	23.6425	-3.4678	22.3667	-0.7540	20.8524	1.5628	19.1720	3.7188	17.2770	5.0759	15.3507	7.2161	13.2583	8.5285	11.0806	9.5000	8.8147	10.9266	6.4280	12.5376	3.9155	14.1495	1.5205	14.0485	-0.8264	13.5877	-3.1348	12.9653	-5.4289	12.3158	-7.5912	11.2364	-9.6410	9.9111	-11.5665	8.3751	-13.2870	6.4858	-14.6474	3.9881	-15.7836	1.3099	-17.0488	-0.8509	-18.5060	-2.5078	-20.0538	-3.9325	-21.2927	-5.7595	-22.5342	-7.4891	-23.2109	-9.8531	-24.0792	-11.8401	-24.9074	-13.7725	-25.4981	-15.8588	-25.8893	-18.0309	-26.3478	-20.0306	-28.2163	-20.7841	*	*	-32.0629	-22.4690
pl02	1.2509	07/02/2017 16:22:55	Mowie pata teraz	a	62.1765	100.3823	102.0267	58.3207	-40.9200	41.5087	41.6129	3.7882	39.4862	4.6009	37.3179	5.2870	35.2063	6.0660	33.1119	6.8814	30.7729	6.9487	28.3755	6.6390	25.7655	5.1850	23.3763	4.0906	21.1372	3.2185	19.1064	3.2365	17.1079	3.3911	15.1110	3.5292	13.1152	3.7223	11.1108	3.8586	9.0998	3.8897	7.0906	3.7935	5.0804	3.6748	3.0474	3.6578	1.0016	3.6013	-1.1081	3.7365	-3.2074	3.6633	-5.2510	3.2912	-7.1687	2.4901	-9.0287	1.5653	-10.9571	0.8473	-12.8781	0.0994	-14.7945	-0.6759	-16.4494	-1.9554	-17.9426	-3.4640	-19.2785	-5.1487	-20.7509	-6.5469	-22.1469	-8.0116	-23.3757	-9.6462	-24.0920	-11.8251	-24.5590	-14.1516	-24.9664	-16.3981	-25.8921	-18.0282	*	*	*	*	*	*	-27.9348	-25.3959
pl02	1.3256	07/02/2017 16:23:00	Mowie puku teraz	u	67.2676	53.2455	54.3411	69.5103	-14.6679	14.1844	40.1286	0.9821	38.8229	3.2327	37.5432	5.7966	36.0946	8.2825	34.0241	9.4116	32.0530	10.9328	30.0964	12.7210	28.0145	14.3519	25.6216	14.8645	22.7556	12.6282	19.9446	9.3993	17.4197	6.4966	15.2578	5.7870	13.1855	6.0850	11.0904	7.6782	8.8663	9.6539	6.4765	11.8977	4.0303	13.1167	1.5249	14.0184	-0.9752	14.4006	-3.4338	14.3266	-6.2229	15.4087	-9.1706	16.5986	-12.1440	17.4244	-13.7547	14.2467	-15.1548	11.0058	-16.0768	7.1298	-17.7744	5.3066	-18.9962	2.7369	-18.6423	-2.2764	-16.7311	-9.1446	-14.1084	-16.2007	-13.8315	-19.2312	-14.9908	-20.1661	-17.3569	-19.6913	-19.1508	-20.0364	-20.6956	-20.7295	-19.7715	-23.8142	-18.3324	-27.0914	-17.0744	-29.9245	-17.3867	-31.3148	-18.0231	-32.4237
pl02	1.5996	07/02/2017 16:23:05	Mowie pogo teraz	O	46.4472	-22.4379	23.9676	67.4581	73.9002	75.1892	32.2881	-13.8404	31.0489	-12.8026	29.6317	-12.0980	27.9140	-12.1310	26.6086	-11.1578	25.6088	-9.1248	24.7147	-6.2993	23.4204	-4.3731	22.0060	-2.4850	20.4876	-0.5585	18.8366	1.2529	17.1443	3.7533	15.2317	5.3855	13.2092	6.8781	11.0924	7.3027	8.9129	8.5026	6.6162	10.0529	4.2273	11.3458	1.8549	11.7725	-0.6102	12.4068	-3.1171	12.8846	-5.6697	13.2541	-8.0589	12.8240	-10.2696	11.7981	-12.3671	10.5234	-14.3367	9.0260	-16.3475	7.7247	-18.1892	6.1393	-19.5272	3.7154	-20.7726	1.3395	-21.3021	-1.9744	-22.1341	-4.5365	-22.8065	-7.1216	-23.7119	-9.2245	-24.3784	-11.4906	-24.1945	-14.5482	-23.7760	-17.6054	-23.4892	-20.2998	-24.5230	-21.6381	*	*	*	*	-27.9877	-25.3584
pl02	1.4156	07/02/2017 16:23:11	Mowie paka teraz	a	51.5023	-35.3806	36.0122	65.8256	77.1675	78.4770	32.0514	-14.2879	30.6694	-13.5855	29.6616	-12.0305	28.7578	-10.0254	28.1866	-6.7807	27.0717	-4.5714	25.8726	-2.2071	24.1830	-1.2649	22.8483	1.5567	21.1818	3.4781	19.4127	5.4884	17.5289	7.5848	15.4722	9.0853	13.3075	10.1806	11.0728	10.9630	8.7956	11.4001	6.4977	11.6177	4.1570	11.9778	1.7758	12.3108	-0.6749	12.7603	-2.9455	12.1030	-5.3192	11.8888	-7.7104	11.6410	-10.0345	11.0922	-12.2952	10.3303	-14.6218	9.7159	-16.7157	8.5339	-18.2721	6.3058	-19.6295	3.9038	-20.4762	0.8364	-21.4952	-1.6715	-22.4586	-4.0649	-23.5603	-6.1045	-24.1594	-8.6631	-24.8028	-10.9949	-25.2912	-13.3549	-26.0955	-15.2530	-14.2227	-29.0598	*	*	*	*	*	*	-16.9904	-33.1559
pl02	1.3880	07/02/2017 16:23:16	Mowie poto teraz	O	63.0087	88.4018	90.6315	58.0174	-46.1540	46.8082	41.9373	4.4015	39.8779	5.4089	37.7511	6.2669	35.6533	7.1814	33.3083	7.4261	30.9485	7.4952	28.1954	6.0026	25.4791	4.0178	22.9521	2.0547	20.8862	1.7594	18.9104	1.7961	16.9583	1.9009	14.9907	1.6780	13.0655	2.0545	11.1192	2.3033	9.1579	2.4568	7.1783	2.6354	5.1546	3.0082	3.0908	3.3625	1.0481	3.3472	-1.0288	3.3752	-3.1170	3.3113	-5.2184	3.1804	-7.3629	3.0729	-9.5267	2.9015	-11.7651	2.8028	-13.8389	2.2110	-15.8830	1.5093	-17.8933	0.7050	-19.9139	-0.1180	-21.2777	-2.0126	-22.3252	-4.2588	-23.1349	-6.6785	-24.2933	-8.4950	-24.3863	-11.4814	-24.0942	-14.6574	-24.4111	-16.9612	*	*	*	*	*	*	*	*	-28.7733	-24.8014
pl02	1.3812	07/02/2017 16:23:22	Mowie pugu teraz	u	50.5037	-3.3839	2.1490	69.0015	68.2261	68.5055	34.4397	-9.7729	33.1764	-8.4142	32.1457	-6.4117	30.7947	-4.9427	28.9356	-4.7031	27.0582	-4.6134	25.0703	-5.0426	23.6759	-3.3316	22.2106	-1.5034	20.8586	1.5990	19.2394	4.2146	17.3894	6.1956	15.3729	7.5576	13.2691	8.8904	11.0749	10.5646	8.7558	12.3821	6.3589	13.4491	3.8791	14.4760	1.3966	14.8912	-1.0547	14.8353	-3.3822	14.0918	-5.6673	13.2445	-7.8906	12.2526	-10.0680	11.1929	-12.0887	9.7763	-13.8886	7.9415	-15.3780	5.5939	-17.0622	3.8768	-18.6361	2.0735	-20.2558	0.4623	-21.4938	-1.6736	-21.4032	-5.5987	-21.1496	-9.3572	-20.5883	-13.1434	-19.5721	-17.1041	-17.6240	-21.6977	-15.5359	-25.9624	-15.3818	-27.9640	-16.1154	-29.0444	*	*	*	*	-21.1366	-30.2161
pl02	1.4187	07/02/2017 16:23:27	Mowie podo teraz	O	62.5202	89.4799	91.2409	59.7742	-15.4884	15.8902	42.0926	4.6951	39.9344	5.5255	37.7140	6.1831	35.5668	6.9656	33.3002	7.4037	30.8524	7.1962	27.8842	4.9025	25.1927	2.8503	22.8066	1.3568	20.9728	2.2630	19.0859	3.0863	17.0880	3.1933	15.0712	2.9167	13.0824	2.6215	11.1154	3.0073	9.0951	4.0055	7.0142	4.8013	4.8646	5.6156	2.7754	5.5088	0.6528	5.5067	-1.4422	5.2576	-3.5664	5.0615	-5.7414	4.9560	-8.2140	5.6276	-10.5524	5.6539	-12.8005	5.3083	-14.6298	3.9494	-16.5818	2.9124	-18.5545	1.9231	-20.5079	0.8901	-21.4221	-1.7861	-22.1707	-4.4834	-22.8025	-7.1270	-24.5326	-8.1948	-24.8385	-10.9532	-24.7803	-13.9108	-24.3272	-17.0464	-25.5164	-18.3835	*	*	*	*	*	*	-29.3371	-24.4016
pl02	1.3249	07/02/2017 16:23:32	Mowie putu teraz	u	60.9912	92.1337	93.5665	67.3551	-7.1590	7.2399	38.2400	-2.5884	36.2253	-2.1254	34.8465	-0.3029	33.6506	2.1839	32.3119	4.6622	30.2036	5.1766	28.0536	5.5014	25.8678	5.6023	23.7127	5.7048	21.6147	5.9950	19.5684	6.6331	17.5180	7.4763	15.3847	7.7395	13.2691	8.8910	11.0782	9.9514	8.7697	12.0387	6.4135	12.7285	3.9887	13.4906	1.6683	13.0424	-0.7167	12.9883	-2.9996	12.3497	-5.3606	12.0499	-7.6115	11.3053	-9.8162	10.4369	-11.9248	9.3365	-13.8345	7.8107	-15.6963	6.2935	-17.7287	5.2149	-19.5150	3.6928	-20.7762	1.3456	-21.4027	-1.8167	-21.2271	-5.8547	-21.7579	-8.5365	-21.5206	-11.9737	-21.9603	-14.3148	*	*	-17.1937	-24.2811	-15.2245	-28.1127	-15.3986	-29.6758	-16.7812	-30.1650	-17.5769	-31.1697	-18.3518	-32.1906
pl02	1.2811	07/02/2017 16:23:37	Mowie poko teraz	O	69.2466	-2.7882	1.2540	67.6154	-80.2672	80.1625	44.5470	9.3350	42.2085	10.2162	30.6535	-9.7867	29.4258	-8.3584	28.2761	-6.5325	26.9511	-4.9467	25.5004	-3.5225	24.1140	-1.5461	22.6851	0.7737	21.0604	2.7723	19.1850	3.8150	17.2785	5.0901	15.3014	6.4579	13.2390	7.8811	11.0815	9.3400	8.8288	10.5798	6.4613	12.0983	4.0180	13.2275	1.5954	13.5384	-0.8920	13.9464	-3.3808	14.0854	-5.8696	14.0326	-8.3150	13.6936	-10.6849	13.0447	-12.6887	11.3864	-14.5118	9.4497	-16.1837	7.3646	-17.8344	5.4271	-18.9894	2.7246	-19.8827	-0.1710	-20.7377	-2.8598	-20.8875	-6.3482	-20.8159	-9.8074	-21.5805	-11.8985	-22.0464	-14.2142	-22.7466	-16.1237	-23.3932	-17.9936	-23.8388	-19.9693	-24.0123	-22.0880	-14.4195	-32.1025	*	*	-15.4782	-34.2281
pl02	1.1394	07/02/2017 16:23:42	Mowie pada teraz	a	63.2836	1.4248	1.0151	55.8362	-11.3931	11.2398	39.0355	-1.0845	37.5113	0.5273	36.1573	2.6620	34.2828	3.7615	32.2908	4.6038	30.2368	5.2798	28.1667	5.9012	26.0283	6.2564	23.6740	5.5187	21.3462	4.4338	19.1353	3.4491	17.1097	3.4089	15.1140	3.5751	13.1135	3.6661	11.1116	3.7134	9.1095	3.6515	7.1176	3.4371	5.1378	3.1592	3.1720	2.8095	1.2039	2.4962	-0.7467	2.0906	-2.6844	1.6264	-4.6030	1.0910	-6.5197	0.5421	-8.4239	-0.0578	-10.3052	-0.7302	-12.1487	-1.5038	-13.9666	-2.3379	-15.7223	-3.2950	-17.4081	-4.3713	-18.6751	-6.0952	-19.7390	-8.0175	-20.6482	-10.0337	-21.8240	-11.5930	-23.1711	-12.9006	-23.7191	-15.0656	-23.9286	-17.4506	-24.2372	-19.5927	-25.2585	-20.9902	*	*	*	*	-27.6503	-25.5977
pl02	1.1699	07/02/2017 16:23:47	Mowie pudu teraz	u	65.1004	21.7761	23.1012	67.3485	-5.9691	6.0400	42.8475	6.1222	40.6041	6.9069	38.2171	7.3210	35.8758	7.7366	33.6089	8.2600	31.4565	9.0764	29.2589	9.7610	26.5154	8.2415	23.9287	6.7410	21.5161	5.4214	19.5150	6.2409	17.4355	6.6541	15.3604	7.3660	13.2648	8.7472	11.0774	10.1110	8.7914	11.5016	6.4482	12.2707	4.0379	13.0488	1.6600	13.0990	-0.6813	12.7950	-2.9930	12.3192	-5.2909	11.7784	-7.5547	11.1122	-9.7193	10.1463	-11.6833	8.6884	-13.5338	7.0829	-15.3097	5.4438	-16.8147	3.3798	-18.1892	1.2502	-19.5331	-0.7644	-20.3749	-3.4289	-19.6395	-8.1620	-18.0252	-13.5728	-15.5878	-19.4171	-13.9214	-23.7038	-12.8087	-26.9374	-13.1968	-28.3347	-14.2190	-29.0632	-15.0727	-29.9629	-15.9615	-30.8375	-16.8163	-31.7502	-17.6552	-32.6845
pl02	1.3244	07/02/2017 16:23:51	Mowie paga teraz	a	52.8220	-8.9976	10.2882	68.4545	94.7601	97.2498	32.3721	-13.6816	30.9494	-13.0077	29.6448	-12.0683	28.8768	-9.7285	28.0683	-7.1089	27.3195	-3.8001	26.1203	-1.3313	24.9088	1.6935	23.3355	3.8946	21.6331	6.1017	19.6693	7.3753	17.6111	8.4035	15.5170	9.7741	13.3407	11.2954	11.0622	12.9521	8.6885	14.0424	6.2378	15.0477	3.7463	15.6704	1.2912	15.6090	-1.0855	15.0033	-3.3622	14.0005	-5.5765	12.8910	-7.7884	11.9057	-10.0002	10.9894	-11.9420	9.3826	-13.7174	7.5274	-15.3186	5.4633	-16.6519	3.0530	-17.8950	0.7081	-18.9111	-1.8202	-20.2742	-3.5868	-20.9235	-6.2959	-21.6600	-8.6686	-22.2898	-11.0086	-23.1157	-12.9653	-23.8683	-14.9031	-24.4406	-16.9313	-25.0056	-18.8663	-26.0133	-20.3253	-26.1246	-22.5001	*	*	-28.0617	-25.3059
pl02	1.6793	07/02/2017 16:24:39	Mowie pata teraz	a	62.5102	106.0944	107.8932	57.8838	-52.7429	53.4383	41.4292	3.4408	39.3332	4.2854	37.1889	4.9953	35.0710	5.7284	32.9768	6.5065	30.7741	6.9523	28.4863	7.0307	26.0460	6.3285	23.6020	5.1732	21.3087	4.2156	19.1927	3.8709	17.1737	4.0464	15.1571	4.2376	13.1300	4.2204	11.1091	4.1842	9.0960	3.9844	7.0527	4.2935	4.9865	4.5189	2.9401	4.3880	0.9704	3.7721	-0.9503	3.0177	-2.9298	2.5821	-4.8670	1.9873	-6.8105	1.4148	-8.6921	0.6621	-10.5751	-0.0771	-12.4250	-0.8964	-14.2392	-1.7906	-15.9944	-2.7937	-17.6550	-3.9522	-18.9673	-5.6367	-20.1327	-7.4453	-21.1917	-9.3004	-21.9578	-11.4252	-22.3720	-13.8340	-22.8146	-16.0498	-23.4091	-17.9775	-24.4427	-19.3985	-24.8827	-21.3212	*	*	*	*	-27.1701	-25.9382
pl02	1.2230	07/02/2017 16:24:44	Mowie puku teraz	u	45.7290	-9.5519	10.9798	70.2172	48.7505	49.7638	31.9449	-14.4891	30.5122	-13.9096	29.0268	-13.4663	27.6024	-12.9085	26.5048	-11.4457	25.4870	-9.5038	24.5664	-6.8235	23.4182	-4.3819	22.1667	-1.7141	20.7557	1.0003	19.1404	3.4864	17.3262	5.5653	15.3368	7.0021	13.2609	8.6139	11.0762	10.3309	8.7757	11.8908	6.3578	13.4636	3.8518	14.7214	1.2808	15.6799	-1.2210	15.7435	-3.6674	15.3902	-6.1245	15.0254	-8.5097	14.3546	-10.8640	13.5822	-13.2330	12.8469	-15.0405	10.7291	-16.6302	8.3459	-17.8895	5.5377	-19.2082	3.1277	-20.2899	0.5202	-21.1663	-2.1875	-21.7043	-5.1612	-20.9622	-9.6101	-19.6317	-14.3435	-18.7254	-18.0929	-18.9064	-20.3023	-19.5295	-21.9121	-19.5108	-24.0607	-19.1884	-26.3374	-19.1797	-28.1974	*	*	-21.6569	-29.8472
pl02	1.1017	07/02/2017 16:24:49	Mowie pogo teraz	O	46.6715	-1.9069	3.7737	69.2123	82.7386	84.5409	32.0208	-14.3457	30.5805	-13.7687	29.1052	-13.2888	27.6711	-12.7371	26.3246	-11.9457	25.4434	-9.6396	24.8575	-5.7947	24.0424	-1.8378	22.6419	0.5662	20.8221	1.3863	19.0549	2.8578	17.2734	5.0396	15.3524	7.2425	13.2593	8.5595	11.0845	8.7815	8.8460	10.1554	6.4987	11.6036	4.0095	13.3040	1.5189	14.0594	-1.0036	14.5559	-3.5533	14.8711	-6.0089	14.5749	-8.4282	14.0779	-10.8096	13.4189	-12.9142	11.9915	-14.9487	10.5071	-16.4486	7.9469	-18.0245	5.8087	-19.2780	3.2563	-20.8676	1.5008	-21.6508	-1.4274	-22.0450	-4.6660	-22.1957	-7.9458	-22.9476	-10.1833	-23.1620	-12.9112	-23.1965	-15.6341	-23.0412	-18.3506	-23.8898	-19.9211	-25.2171	-21.0267	*	*	*	*	-28.0930	-25.2837
pl02	1.2174	07/02/2017 16:24:54	Mowie paka teraz	a	48.5437	-22.4631	23.9242	69.7690	72.4648	75.2562	32.4408	-13.5518	31.0104	-12.8819	29.5589	-12.2627	28.1003	-11.6662	27.1586	-9.6323	26.2206	-7.2204	25.3387	-4.0939	23.9529	-2.2027	22.5549	0.1489	21.0188	2.5301	19.3085	4.7223	17.4958	7.2552	15.4708	9.0634	13.3540	11.7410	11.0649	12.4326	8.6942	13.9013	6.2396	15.0227	3.6284	16.7304	1.0818	17.0336	-1.3580	16.4919	-3.7561	15.7943	-6.0369	14.6842	-8.2066	13.3256	-9.9381	10.8030	-11.6224	8.5249	-12.7479	5.1812	-14.0876	2.7576	-15.3733	0.4862	-16.9905	-0.9584	-18.7363	-2.1169	-19.8566	-4.2418	-20.9079	-6.3186	-21.6790	-8.6429	-22.9951	-10.1237	-23.9969	-11.9361	-24.6397	-14.0638	-25.4245	-15.9334	-27.1626	-16.8273	*	*	*	*	*	*	-30.1411	-23.8316
pl02	1.2063	07/02/2017 16:24:59	Mowie poto teraz	O	63.3098	94.5387	96.7293	61.8547	-13.8340	13.6938	41.6829	3.9204	39.6095	4.8552	37.4921	5.6812	35.3927	6.5309	33.2531	7.2732	30.8924	7.3206	28.2555	6.2147	25.5779	4.4207	23.1263	2.8906	20.9910	2.3684	19.0767	3.0183	17.1801	4.1099	15.2158	5.1415	13.1653	5.4053	11.0999	5.9097	8.9934	6.5159	6.8257	7.2892	4.6648	7.4121	2.5111	7.3071	0.3433	7.1975	-1.8394	7.0664	-4.0278	6.8587	-6.1983	6.5071	-8.3527	6.0441	-10.4537	5.3889	-12.4897	4.5562	-14.4591	3.5742	-16.3837	2.5147	-17.9504	0.8102	-19.3227	-1.1214	-20.3134	-3.5253	-21.3299	-5.7054	-21.8447	-8.4193	-22.6483	-10.5588	-23.1788	-12.8916	-23.5155	-15.2871	-24.1895	-17.1860	*	*	*	*	*	*	*	*	-26.5500	-26.3778
pl02	1.2429	07/02/2017 16:25:04	Mowie pugu teraz	u	55.0148	46.0833	45.4262	66.2039	42.8738	42.4684	35.3731	-8.0082	33.9965	-6.7227	33.2884	-3.8270	32.4352	-0.8489	31.0213	1.0825	28.3277	-0.6620	25.7746	-2.5533	23.5659	-3.7800	21.8932	-3.0264	20.2833	-1.7460	18.5652	-0.7425	16.7920	0.2441	14.9407	0.9089	13.0897	2.8688	11.1057	4.8125	8.9906	6.5853	6.7929	7.7223	4.4819	9.0560	2.0699	10.3097	-0.3298	10.8751	-2.6704	10.8507	-4.9433	10.4247	-7.1495	9.7365	-9.4569	9.3585	-11.5664	8.3747	-13.7524	7.6119	-15.4672	5.7898	-17.2887	4.3314	-18.6129	2.0308	-19.7023	-0.4771	-18.9207	-5.7099	-17.7505	-10.9074	-16.3435	-15.8418	-16.5648	-18.1914	-17.2450	-19.8220	-18.3613	-20.8955	-19.5473	-21.8941	-19.5605	-24.0137	-19.0292	-26.4776	-18.0090	-29.1578	*	*	-18.9065	-31.7973
pl02	1.2366	07/02/2017 16:25:09	Mowie podo teraz	O	63.4721	75.3789	77.6080	57.9366	-10.4909	10.7421	42.1570	4.8168	40.0175	5.6967	37.8174	6.4169	35.6314	7.1266	33.4498	7.8185	30.9546	7.5141	27.9496	5.1337	25.1070	2.5014	22.6565	0.6364	20.7066	0.7150	18.7798	0.8359	16.8641	0.9626	14.9544	1.1206	13.0451	1.3702	11.1233	1.5369	9.1855	1.7744	7.2387	1.8388	5.2720	1.9525	3.2246	2.4517	1.1193	2.9583	-1.0430	3.4401	-3.1550	3.4592	-5.2764	3.3773	-7.3999	3.1842	-9.6007	3.1000	-11.7746	2.8258	-13.9061	2.3588	-15.9366	1.6170	-17.9343	0.7805	-19.8719	-0.1894	-21.3056	-1.9689	-22.2180	-4.4146	-22.9812	-6.8859	-23.0841	-10.0121	-23.3229	-12.7234	-23.3981	-15.4148	-24.2526	-17.1220	-25.2379	-18.6467	-26.5506	-19.8520	-27.9230	-21.0247	*	*	-28.5549	-24.9562
pl02	1.2680	07/02/2017 16:25:14	Mowie putu teraz	u	64.6545	96.6510	98.8090	66.2691	-14.0587	14.1881	42.6967	5.8371	40.5162	6.7256	38.3158	7.5441	36.0877	8.2653	33.8967	9.0583	31.4339	9.0060	28.8787	8.4176	26.3730	7.6612	24.0553	7.3486	21.8678	7.4662	19.7248	7.7833	17.6467	8.7580	15.5310	9.9892	13.3316	10.9882	11.0690	11.6659	8.7663	12.1226	6.4281	12.5353	4.0880	12.5979	1.7817	12.2711	-0.5004	11.8068	-2.7739	11.3218	-5.0371	10.7899	-7.2047	9.9239	-9.2766	8.8172	-11.2711	7.5825	-13.2819	6.4733	-15.2738	5.3648	-17.5405	4.8370	-19.6449	3.9322	-21.0265	1.7705	-22.0277	-0.8363	-22.7490	-3.6428	-21.8120	-8.4635	-18.7194	-15.4882	-14.6422	-22.8619	-12.5462	-27.2229	-12.1645	-29.3816	-12.7439	-30.4576	*	*	*	*	-15.5467	-32.7191	-16.4890	-33.5114
pl02	1.2174	07/02/2017 16:25:19	Mowie poko teraz	O	50.0885	-0.3010	1.7510	66.2739	111.6460	112.3947	32.0098	-14.3664	30.6169	-13.6937	29.3123	-12.8204	28.5272	-10.6010	27.6329	-8.3166	26.7918	-5.4427	25.4289	-3.7749	24.1043	-1.5857	22.5434	0.0937	20.9142	1.9220	19.1705	3.7078	17.2762	5.0680	15.3171	6.6996	13.2323	7.6555	11.0816	9.3281	8.8450	10.1798	6.5164	11.3706	4.2209	11.4032	1.8869	11.5551	-0.4151	11.3409	-2.7835	11.3657	-5.0925	11.0058	-7.2720	10.1527	-9.3870	9.1487	-11.4848	8.1557	-13.5248	7.0611	-15.4240	5.6950	-16.8533	3.4574	-18.1982	1.2668	-19.4304	-0.9387	-20.6204	-3.0438	-21.9675	-4.7787	-22.8836	-7.0177	-24.1500	-8.6749	-24.3673	-11.5035	-24.9061	-13.7739	-25.2296	-16.1311	-26.2717	-17.6694	*	*	*	*	*	*	-29.1578	-24.5288
pl02	1.1198	07/02/2017 16:25:24	Mowie pada teraz	a	64.3213	59.7976	62.6877	56.2788	-32.8129	33.7801	42.1319	4.7694	40.0826	5.8311	37.9661	6.7532	35.8737	7.7314	33.7220	8.5736	31.5619	9.4043	29.2401	9.6947	26.4190	7.8489	23.7194	5.7369	21.2333	3.7771	19.1701	3.7048	17.1306	3.6171	15.1170	3.6213	13.1052	3.3866	11.1154	3.0100	9.1542	2.5481	7.2120	2.1906	5.2865	1.8218	3.3808	1.3887	1.4585	1.1054	-0.6008	1.4265	-2.5888	1.2537	-4.5317	0.8489	-6.3753	0.1085	-8.3418	-0.2780	-10.3248	-0.6828	-12.1705	-1.4558	-14.0158	-2.2391	-15.7730	-3.2016	-17.3440	-4.4801	-18.6295	-6.1667	-19.9666	-7.6867	-21.0171	-9.5360	-22.0971	-11.2504	-22.8364	-13.2915	-23.8091	-14.9676	-24.7083	-16.6598	-25.6431	-18.2637	-26.4243	-19.9633	*	*	*	*	-28.5121	-24.9866
pl02	1.1974	07/02/2017 16:25:28	Mowie pudu teraz	u	62.7815	119.5624	121.2579	66.1747	-9.3550	9.4590	42.2176	4.9313	40.0635	5.7917	37.8564	6.5050	35.6727	7.2297	33.4675	7.8678	31.0457	7.7976	28.2853	6.3202	25.6631	4.7680	23.2889	3.6709	21.3125	4.2375	19.3373	4.9341	17.3492	5.7948	15.2935	6.3359	13.2124	6.9871	11.0874	8.2384	8.8729	9.4915	6.5813	10.5140	4.2408	11.2244	1.8845	11.5710	-0.4844	11.7195	-2.7513	11.2188	-5.0254	10.7445	-7.2865	10.2019	-9.5301	9.5781	-11.7226	8.7940	-13.8039	7.7365	-15.6912	6.2823	-17.4919	4.7394	-19.2502	3.2051	-21.0608	1.8286	-22.2583	-0.4745	-22.3587	-4.2101	-21.9875	-8.2267	-20.5690	-13.1677	-19.8698	-16.7564	*	*	*	*	-15.6898	-27.6729	-15.2093	-29.8425	-15.5934	-31.1395	-16.5347	-31.9651	-17.4359	-32.8400
pl02	1.0726	07/02/2017 16:25:33	Mowie paga teraz	a	52.0947	5.1704	3.4897	68.2159	91.9685	94.3474	34.5606	-9.5442	32.5172	-9.7740	30.9269	-9.1684	29.8137	-7.3906	28.7499	-5.2182	27.2273	-4.0873	25.9463	-1.9463	24.5726	0.3231	23.1877	3.1854	21.4133	4.8241	19.6479	7.2181	17.6287	8.5783	15.5449	10.2033	13.3443	11.4144	11.0646	12.4979	8.7185	13.3016	6.3141	14.0396	3.8658	14.5956	1.3924	14.9200	-0.9579	14.3063	-3.2578	13.5252	-5.4799	12.5146	-7.7457	11.7607	-9.8656	10.5853	-11.7215	8.7909	-13.2768	6.4610	-14.7769	4.2727	-16.1351	2.0156	-17.5413	0.0565	-18.6536	-2.2573	-19.7834	-4.3566	-20.6302	-6.7222	-21.6704	-8.6545	-22.7669	-10.4101	-23.6899	-12.2947	-24.1925	-14.5505	-24.6236	-16.7458	-25.3774	-18.5148	-27.2847	-19.2053	*	*	*	*	-31.7399	-22.6980
pl02	1.3169	07/02/2017 16:25:49	Mowie pata teraz	a	63.4113	1.7534	0.9026	56.6490	-14.6230	14.3755	41.0540	2.7316	38.9913	3.5802	36.8790	4.2943	34.7796	5.0011	32.6877	5.7048	30.5665	6.3060	28.3866	6.6781	26.0419	6.3117	23.6816	5.5556	21.3708	4.5768	19.2346	4.1791	17.1750	4.0598	15.1479	4.0974	13.1269	4.1169	11.1097	4.0704	9.0961	3.9814	7.0911	3.7864	5.0979	3.5180	3.1169	3.1847	1.1417	2.8358	-0.8220	2.4337	-2.7763	1.9844	-4.7134	1.4660	-6.6482	0.9277	-8.5799	0.3608	-10.5154	-0.2216	-12.4365	-0.8712	-14.3375	-1.5934	-15.9166	-2.9369	-17.3296	-4.5045	-18.5783	-6.2470	-20.0129	-7.6194	-21.0918	-9.4352	-21.7451	-11.6920	-22.1432	-14.1011	-20.6909	-18.3606	-18.2849	-23.1743	-15.2996	-28.0417	*	*	*	*	*	*	-17.1177	-33.0656
pl02	1.2178	07/02/2017 16:25:54	Mowie puku teraz	u	49.6162	-23.6476	25.3031	70.5037	15.1037	15.6138	32.5077	-13.4252	30.8834	-13.1441	29.3218	-12.7990	27.8864	-12.1999	27.2760	-9.3065	26.3499	-6.8180	25.4586	-3.6700	23.8509	-2.6185	22.2261	-1.4289	20.7223	0.8062	19.0556	2.8637	17.3047	5.3516	15.3481	7.1758	13.2900	9.5911	11.0720	11.1081	8.7553	12.3941	6.3259	13.8842	3.8015	15.1743	1.2129	16.1414	-1.2624	15.9695	-3.7397	15.7195	-6.1910	15.2844	-8.6387	14.7928	-11.0393	14.1084	-13.4084	13.3175	-15.3196	11.4045	-16.9375	9.0215	-18.0155	5.7906	-19.3390	3.3687	-20.5286	0.9253	-21.3761	-1.8583	-21.6360	-5.2604	-21.6137	-8.7310	-20.4290	-13.3433	-19.2343	-17.4986	-18.0694	-21.2130	-17.9364	-23.5278	-17.8932	-25.5899	-17.5668	-27.7658	-18.0006	-29.1646	-18.7287	-30.2906	-19.6448	-31.2738
pl02	1.2381	07/02/2017 16:25:59	Mowie pogo teraz	O	49.2498	26.8841	25.6979	70.2272	-0.7946	1.5629	32.3560	-13.7121	30.8472	-13.2186	29.2857	-12.8807	27.8371	-12.3229	27.1349	-9.6978	26.4114	-6.6267	25.6006	-3.1682	24.1104	-1.5607	22.5222	-0.0081	20.8434	1.5102	19.1073	3.2430	17.2685	4.9908	15.2876	6.2459	13.2152	7.0807	11.0849	8.7052	8.8372	10.3724	6.4405	12.3716	3.9738	13.6245	1.4210	14.7257	-1.2026	15.6433	-3.7652	15.8356	-6.2806	15.6335	-8.5618	14.5314	-10.7138	13.1312	-12.7603	11.5783	-14.8980	10.3842	-16.7986	8.7160	-18.5986	6.9611	-20.1532	4.8688	-21.5676	2.6889	-22.8465	0.4481	-23.1608	-3.0444	-23.2822	-6.4798	-23.2592	-9.7924	-23.3187	-12.7282	-23.4884	-15.3165	-23.2666	-18.1219	-23.9536	-19.8608	-24.2340	-21.8926	*	*	*	*	-24.0115	-28.1777
pl02	1.2361	07/02/2017 16:26:04	Mowie paka teraz	a	49.4640	-40.7554	42.1077	67.8634	112.4958	114.1866	32.3197	-13.7806	31.1268	-12.6420	30.2847	-10.6211	29.1763	-8.9812	27.9232	-7.5113	26.8254	-5.3381	25.7295	-2.7127	24.4299	-0.2586	22.7601	1.1336	21.0918	2.9545	19.3076	4.7161	17.4007	6.3073	15.4101	8.1295	13.3008	9.9555	11.0704	11.4116	8.7697	12.0383	6.4198	12.6452	4.0451	12.9842	1.6261	13.3299	-0.7841	13.3568	-3.1573	13.0675	-5.4070	12.2306	-7.6140	11.3135	-9.6236	9.8589	-11.1824	7.3444	-12.5343	4.6640	-13.7810	2.0838	-15.3372	0.4136	-16.6837	-1.5236	-18.0727	-3.2433	-19.2146	-5.2488	-20.3128	-7.1835	-21.3062	-9.1460	-22.3041	-10.9908	-23.3348	-12.7094	-24.0823	-14.6704	-24.8844	-16.4812	-25.2951	-18.5926	-26.7119	-19.7099	*	*	*	*	-30.4569	-23.6077
pl02	1.4620	07/02/2017 16:26:10	Mowie poto teraz	O	62.8490	95.6060	98.2635	60.1377	-24.1218	24.4092	42.1914	4.8818	39.8962	5.4466	37.6710	6.0857	35.4411	6.6518	33.2457	7.2526	30.9478	7.4929	28.5762	7.3485	26.0811	6.4714	23.7634	5.9479	21.5021	5.3402	19.2958	4.6294	17.1595	3.9050	15.1177	3.6318	13.1063	3.4249	11.1125	3.5473	9.1146	3.5248	7.0852	3.8647	4.9952	4.4413	2.8243	5.1761	0.6261	5.6529	-1.5093	5.5634	-3.6432	5.3607	-5.7548	5.0014	-7.9421	4.8116	-10.1621	4.6065	-12.2970	4.0898	-14.3088	3.2438	-16.3831	2.5133	-18.3838	1.6087	-20.0309	0.0806	-20.9507	-2.5257	-21.4789	-5.4888	-22.2701	-7.8454	-23.4507	-9.5522	-24.5885	-11.2452	-25.2143	-13.4386	-25.4189	-15.9391	-25.8456	-18.0722	-26.1601	-20.1960	*	*	*	*	-26.8958	-26.1326
pl02	1.4376	07/02/2017 16:26:15	Mowie pugu teraz	u	46.1080	5.3709	3.0753	69.8301	28.6987	29.7568	32.4238	-13.5837	30.8123	-13.2906	29.2672	-12.9224	28.0312	-11.8386	26.6110	-11.1511	25.4104	-9.7422	24.2502	-7.9408	23.2031	-5.2585	21.8782	-3.0982	20.4445	-0.8091	18.9662	2.2061	17.2164	4.4722	15.2804	6.1351	13.2326	7.6634	11.0815	9.3339	8.7984	11.3289	6.3603	13.4304	3.8382	14.8444	1.2508	15.8834	-1.2194	15.7347	-3.7457	15.7469	-6.2305	15.4380	-8.5102	14.3562	-10.6934	13.0700	-13.0167	12.2665	-14.9536	10.5190	-16.6241	8.3327	-17.8778	5.5142	-18.8859	2.5338	-19.9559	-0.0468	-20.5651	-3.1305	-20.9471	-6.2617	-20.9497	-9.6270	-21.1129	-12.4853	-21.6200	-14.7122	-21.9542	-16.9860	-22.2886	-19.1139	-23.1058	-20.6622	*	*	*	*	*	*	-23.8143	-28.3175
pl02	1.6751	07/02/2017 16:26:21	Mowie podo teraz	O	63.4428	71.4068	74.1761	60.7109	-22.4438	23.0128	42.4370	5.3461	40.1823	6.0368	37.8836	6.5666	35.6212	7.1013	33.3934	7.6622	31.0250	7.7334	28.5823	7.3700	25.9336	5.8705	23.5068	4.7167	21.2827	4.0646	19.2248	4.1074	17.1840	4.1488	15.1356	3.9082	13.1275	4.1369	11.1087	4.2571	9.0824	4.3213	7.0420	4.4341	4.9938	4.4538	2.8437	5.0440	0.6642	5.4446	-1.5504	5.7506	-3.6501	5.3878	-5.7667	5.0419	-7.9138	4.7267	-10.0770	4.3782	-12.2186	3.9002	-14.3309	3.2924	-16.2819	2.3102	-18.0880	1.0636	-19.7219	-0.4440	-21.1079	-2.2790	-22.0033	-4.7267	-22.8210	-7.1021	-23.4004	-9.6152	-24.2714	-11.6156	-24.3596	-14.3686	-24.6259	-16.7434	-24.6092	-19.2410	-24.6614	-21.5162	*	*	*	*	-23.1982	-28.7543
pl02	1.5987	07/02/2017 16:26:26	Mowie putu teraz	u	64.2522	-1.4874	1.7315	67.2344	-12.5393	12.0855	36.1878	-6.4679	35.8080	-2.9861	35.6859	1.5956	35.1217	5.8548	33.2545	7.2768	30.8687	7.2469	28.3820	6.6619	25.9860	6.0838	23.7366	5.8193	21.6356	6.1166	19.5523	6.5148	17.4609	6.9073	15.4102	8.1309	13.2867	9.4795	11.0694	11.6035	8.7516	12.4852	6.3679	13.3303	4.0225	13.1872	1.6379	13.2496	-0.6979	12.8859	-3.0139	12.4147	-5.2985	11.8082	-7.6041	11.2801	-9.9303	10.7795	-12.0451	9.6594	-14.0359	8.2980	-15.9770	6.9104	-17.6997	5.1567	-19.3788	3.4420	-20.1469	0.2774	-19.6137	-4.6228	-16.5913	-12.5921	-13.5444	-19.6186	-11.7981	-24.1717	-12.1599	-25.7612	-12.8281	-26.9162	-13.6696	-27.8552	-14.6681	-28.6387	-15.8135	-29.3103	-16.7821	-30.1643	-17.3080	-31.3749	-17.8377	-32.5552
pl02	1.3174	07/02/2017 16:26:31	Mowie poko teraz	O	45.2878	1.5862	1.4126	68.6876	84.1143	85.7895	32.0797	-14.2343	30.6365	-13.6532	29.1267	-13.2402	27.6564	-12.7739	26.2386	-12.1842	25.0921	-10.7328	24.1694	-8.2264	23.3521	-4.6513	22.1506	-1.7913	20.6795	0.5576	19.0221	2.6166	17.3079	5.3836	15.3674	7.4731	13.2605	8.6013	11.0838	8.9037	8.8764	9.4057	6.5407	11.0498	4.1109	12.3923	1.5345	13.9530	-0.9442	14.2315	-3.4608	14.4498	-5.8963	14.1366	-8.1867	13.2579	-10.3488	12.0358	-12.3716	10.5355	-14.3933	9.1630	-16.0035	6.9685	-17.2576	4.2690	-18.3909	1.6219	-19.5274	-0.7741	-20.6211	-3.0426	-21.4329	-5.5556	-22.2103	-7.9261	-23.0256	-10.0856	-23.4915	-12.5264	-23.9274	-14.8389	-24.2093	-17.1659	-24.6922	-19.1625	-25.6821	-20.6170	*	*	*	*	-29.4607	-24.3140
pl02	1.2529	07/02/2017 16:26:37	Mowie pada teraz	a	63.8000	15.0608	16.3258	56.1093	1.9939	1.7992	35.2779	-8.1882	35.1504	-4.3425	35.3429	0.8199	34.9427	5.4081	33.2278	7.2027	31.0764	7.8934	28.7779	8.0610	26.4846	8.1160	23.9482	6.8344	21.5394	5.5572	19.2406	4.2234	17.1818	4.1272	15.1390	3.9600	13.1152	3.7242	11.1132	3.4154	9.1304	3.1353	7.1625	2.8446	5.2043	2.5613	3.2490	2.2853	1.3101	1.9162	-0.6137	1.4851	-2.5230	0.9978	-4.4307	0.5062	-6.3288	-0.0311	-8.2038	-0.6482	-10.0372	-1.3787	-11.8605	-2.1372	-13.6863	-2.9008	-15.4161	-3.8591	-16.9115	-5.2142	-18.2738	-6.7245	-19.3920	-8.5218	-20.5557	-10.1585	-21.3212	-12.2239	-21.9740	-14.2987	-22.5869	-16.2975	-23.2324	-18.1566	-23.8069	-19.9995	-24.6168	-21.5555	-26.0533	-22.5586	*	*	-27.8373	-25.4651
pl02	1.3619	07/02/2017 16:26:42	Mowie pudu teraz	u	64.4526	85.3220	88.3969	66.5493	-11.5625	11.6823	42.6675	5.7819	40.4726	6.6355	38.1557	7.1821	35.8639	7.7068	33.5859	8.1963	31.2852	8.5431	28.8133	8.1862	26.3381	7.5188	23.9710	6.9442	21.7890	7.0081	19.6697	7.3784	17.5669	7.9627	15.4379	8.5579	13.2781	9.1935	11.0802	9.5795	8.8402	10.2991	6.5249	11.2578	4.1450	12.0856	1.7627	12.3999	-0.5514	12.0857	-2.8432	11.6375	-5.1137	11.0884	-7.3803	10.5202	-9.6251	9.8633	-11.8520	9.1411	-13.8605	7.8735	-15.6773	6.2516	-17.6595	5.0758	-19.6838	4.0039	-20.3923	0.6939	-20.4975	-3.2366	-19.9600	-7.6963	-19.0489	-12.1916	-16.4854	-18.2910	-14.2243	-23.3501	-13.7406	-25.9233	-14.7572	-26.7522	-15.6730	-27.6887	-16.3986	-28.7949	*	*	-17.9063	-30.9183	-18.7228	-31.9275
pl02	1.2599	07/02/2017 16:26:47	Mowie paga teraz	a	52.1981	8.3798	6.8226	68.3978	76.7986	79.0471	33.2621	-11.9991	31.4806	-11.9121	29.7893	-11.7415	28.9872	-9.4530	28.2725	-6.5425	27.2383	-4.0531	25.9013	-2.1053	24.4996	0.0256	23.0488	2.5186	21.3533	4.4748	19.5172	6.2571	17.5689	7.9828	15.5226	9.8603	13.3367	11.1587	11.0682	11.8212	8.7452	12.6439	6.3701	13.3016	3.9158	14.1468	1.4555	14.4905	-1.0115	14.5993	-3.3687	14.0304	-5.6408	13.1415	-7.9030	12.2949	-10.1224	11.3561	-12.0396	9.6447	-13.8652	7.8849	-15.4105	5.6653	-16.9093	3.5697	-17.9591	0.8263	-19.1473	-1.4193	-20.1207	-3.8276	-20.9619	-6.2402	-21.6154	-8.7287	-22.3949	-10.8768	-22.8571	-13.2673	-23.2538	-15.5718	-23.3568	-18.0305	-23.8466	-19.9619	-25.4078	-20.8587	-27.4301	-21.4291	*	*	-28.9502	-24.6760
pl02	1.6152	07/02/2017 16:27:04	Mowie pata teraz	a	63.8051	62.3288	64.4231	57.0740	-32.2323	32.9952	41.9212	4.3709	39.8193	5.2881	37.6514	6.0415	35.5083	6.8195	33.3572	7.5618	31.1718	8.1901	28.8610	8.3548	26.3442	7.5439	23.7733	5.9955	21.3826	4.6457	19.2093	3.9932	17.1603	3.9128	15.1330	3.8676	13.1182	3.8250	11.1115	3.7301	9.1146	3.5253	7.1326	3.2390	5.1545	3.0092	3.1805	2.7519	1.1899	2.5728	-0.7709	2.2010	-2.7323	1.8127	-4.6690	1.3151	-6.6113	0.8169	-8.5339	0.2374	-10.4456	-0.3905	-12.3388	-1.0859	-14.1869	-1.8957	-16.0020	-2.7796	-17.7894	-3.7242	-19.5537	-4.7170	-20.9808	-6.2127	-22.1703	-7.9800	-22.8892	-10.2566	-23.6310	-12.3635	-24.4000	-14.3247	-25.2476	-16.1129	-26.5251	-17.4299	*	*	*	*	*	*	-29.2147	-24.4884
pl02	1.3950	07/02/2017 16:27:10	Mowie puku teraz	u	47.4392	23.3358	21.5982	70.0650	47.9902	49.1750	32.4209	-13.5893	30.8201	-13.2746	29.0329	-13.4523	27.9918	-11.9368	26.9236	-10.2841	25.8698	-8.3124	24.6545	-6.5121	23.3257	-4.7589	21.9347	-2.8274	20.3194	-1.5363	18.7294	0.4654	17.0326	2.6410	15.1806	4.5990	13.2173	7.1498	11.0834	8.9921	8.8181	10.8426	6.4416	12.3575	3.9251	14.0626	1.3135	15.4572	-1.1958	15.6057	-3.6426	15.2775	-6.0873	14.8804	-8.5153	14.3736	-10.8205	13.4515	-12.8408	11.7944	-14.6947	9.8924	-16.5417	8.1516	-18.2736	6.3088	-19.8705	4.3478	-21.0084	1.7397	-20.9195	-2.5745	-20.6442	-6.7019	-20.5084	-10.2224	-20.3224	-13.4770	-20.1163	-16.4685	-19.6434	-19.5003	-19.7156	-21.7234	-19.2160	-24.3394	*	*	*	*	*	*	-21.4081	-30.0236
pl02	1.2235	07/02/2017 16:27:15	Mowie pogo teraz	O	47.9452	17.3988	14.9803	68.3117	84.0073	86.0329	32.1234	-14.1517	30.6443	-13.6371	29.0586	-13.3943	27.6960	-12.6751	26.8111	-10.5960	25.9222	-8.1494	24.8505	-5.8194	23.4743	-4.1533	22.1202	-1.9370	20.6851	0.5901	19.0391	2.7421	17.1705	4.0145	15.2421	5.5464	13.2123	6.9817	11.0831	9.0362	8.8340	10.4510	6.4617	12.0921	4.0591	12.8576	1.5711	13.7039	-0.8510	13.7220	-3.3028	13.7303	-5.7116	13.4173	-8.0776	12.8875	-10.3726	12.1072	-12.5927	11.1287	-14.6941	9.8910	-16.1878	7.3737	-17.3578	4.4703	-18.5508	1.9163	-20.2592	0.4681	-21.7500	-1.2718	-22.2295	-4.3978	-22.3454	-7.7438	-22.6830	-10.5153	-23.7371	-12.2396	-23.9035	-14.8649	-23.3821	-18.0048	-23.1503	-20.6201	-24.4053	-21.7417	*	*	*	*	-27.7282	-25.5424
pl02	1.1920	07/02/2017 16:27:20	Mowie paka teraz	a	52.4028	-8.1379	9.9044	68.8883	85.8311	88.0943	35.5539	-7.6663	33.7839	-7.1611	32.0418	-6.6466	30.5771	-5.4857	29.2051	-3.9555	27.6795	-2.6796	26.0810	-1.4703	24.3574	-0.5540	22.8713	1.6672	21.0050	2.4497	19.3839	5.2767	17.5500	7.7951	15.5378	10.0950	13.3545	11.7581	11.0619	12.9900	8.6860	14.1033	6.2332	15.1076	3.7555	15.5875	1.2543	15.8597	-1.2242	15.7609	-3.6940	15.5116	-6.0958	14.9134	-8.3490	13.8090	-10.4790	12.4265	-12.4080	10.6332	-14.0769	8.3971	-15.4927	5.8460	-16.7947	3.3398	-17.6921	0.3343	-18.6791	-2.2139	-19.4399	-4.8954	-20.3189	-7.1747	-21.0934	-9.4330	-22.1610	-11.1702	-23.2058	-12.8601	-24.7494	-13.9445	-25.7801	-15.5728	-26.9341	-17.0432	-27.1008	-19.3673	*	*	*	*	-25.5277	-27.1027
pl02	1.4519	07/02/2017 16:27:25	Mowie poto teraz	O	63.2344	85.9583	88.0846	57.1305	-18.0906	19.1440	42.2283	4.9516	40.0424	5.7481	37.7464	6.2563	35.4399	6.6487	33.1813	7.0739	30.9449	7.4840	28.2702	6.2670	25.7228	5.0112	23.2860	3.6569	21.2304	3.7606	19.1372	3.4629	17.0871	3.1835	15.0832	3.1016	13.0981	3.1480	11.1149	3.1058	9.1420	2.8499	7.1772	2.6503	5.2188	2.4309	3.2431	2.3261	1.2419	2.2883	-0.8517	2.5685	-2.9468	2.6484	-5.1070	2.8022	-7.1809	2.5266	-9.3500	2.4274	-11.4571	2.0574	-13.5418	1.5581	-15.5067	0.7540	-17.4114	-0.1828	-19.1349	-1.4402	-20.5541	-3.1478	-21.8084	-5.0099	-23.1034	-6.7211	-24.6403	-8.0597	-25.5215	-10.1554	-26.2398	-12.3227	-26.8098	-14.5285	-28.0542	-15.9844	*	*	*	*	*	*	-31.1758	-23.0980
pl02	1.3232	07/02/2017 16:27:30	Mowie pugu teraz	u	56.8581	-127.8910	126.3035	70.1920	35.6615	36.3373	40.7017	2.0655	38.5680	2.7069	36.2512	2.8744	34.2890	3.7769	32.2747	4.5592	30.2348	5.2737	27.4891	3.5063	24.9693	1.9400	22.6041	0.3850	21.0022	2.4337	19.2438	4.2470	17.3674	5.9759	15.3334	6.9508	13.2541	8.3865	11.0779	10.0134	8.7893	11.5545	6.3725	13.2699	3.8569	14.6760	1.3850	14.9704	-1.0885	15.0199	-3.6052	15.1070	-6.2517	15.5209	-8.7598	15.2037	-11.1733	14.5107	-13.1562	12.6408	-14.9498	10.5097	-16.6013	8.2824	-18.3479	6.4578	-19.7876	4.1951	-21.0316	1.7791	-22.2288	-0.5208	-22.3786	-4.1813	-22.2801	-7.8319	-20.3500	-13.4423	-19.5913	-17.0817	-18.8096	-20.4076	-18.9310	-22.5191	-17.8150	-25.6638	-16.8565	-28.3916	-17.1438	-29.8675	*	*	-18.4121	-32.1478
pl02	1.3919	07/02/2017 16:27:35	Mowie podo teraz	O	61.4171	73.5890	74.5656	60.2745	-22.7332	23.1707	40.0327	0.8007	38.5393	2.6478	37.2712	5.1813	35.1232	5.8585	32.5101	5.2122	29.8781	4.1635	27.3501	3.0148	25.2041	2.8971	23.1482	2.9959	21.1340	3.1999	19.1376	3.4659	17.1409	3.7202	15.1540	4.1913	13.1382	4.4941	11.1056	4.8388	9.0637	4.7828	7.0108	4.8467	4.9487	4.8596	2.8239	5.1788	0.6750	5.3858	-1.5075	5.5552	-3.6320	5.3173	-5.7506	4.9874	-7.9013	4.6891	-10.0449	4.2921	-12.1639	3.7679	-14.1626	2.9226	-16.1404	2.0261	-18.1037	1.0927	-19.9688	-0.0248	-21.6945	-1.3589	-22.3264	-4.2570	-22.8826	-7.0189	-23.6473	-9.3056	-25.3557	-10.3491	-25.6126	-13.0052	-25.2827	-16.0772	-25.0955	-18.7813	-26.4226	-19.9647	*	*	*	*	-28.8584	-24.7411
pl02	1.2338	07/02/2017 16:27:40	Mowie putu teraz	u	61.2409	143.0748	144.3192	68.0058	3.0655	3.5156	42.2545	5.0011	40.0355	5.7340	37.6577	6.0556	35.1919	6.0299	32.6766	5.6739	30.3401	5.6015	27.8530	4.7924	25.6346	4.6517	23.3354	3.8943	21.3722	4.5848	19.4155	5.5095	17.4147	6.4474	15.3981	7.9463	13.2961	9.7965	11.0718	11.1587	8.7509	12.5022	6.3662	13.3524	3.9196	14.1126	1.5166	14.0746	-0.8340	13.6295	-3.1647	13.1015	-5.4797	12.5138	-7.7554	11.7938	-9.9792	10.9264	-12.1903	10.0488	-14.4019	9.1837	-16.4151	7.8732	-17.6606	5.0782	-18.5886	1.9861	-19.4443	-0.9152	-19.3992	-4.9593	-18.5249	-9.7819	-16.9348	-15.0440	-15.5690	-19.4407	-14.1252	-23.4658	-12.7619	-26.9882	-12.5845	-28.9557	-13.4859	-29.7562	-14.6723	-30.3156	*	*	-17.4760	-31.2467	-18.7010	-31.9430
pl02	1.2379	07/02/2017 16:27:46	Mowie poko teraz	O	47.2269	26.7039	23.7786	67.6013	96.1053	97.6170	32.1054	-14.1858	30.6589	-13.6071	29.1505	-13.1864	27.7057	-12.6507	26.5203	-11.4028	25.5739	-9.2334	24.7214	-6.2756	23.7112	-3.1877	22.3439	-0.8637	20.7488	0.9605	19.1105	3.2672	17.3437	5.7395	15.3932	7.8706	13.2758	9.1136	11.0769	10.2010	8.7826	11.7204	6.3758	13.2261	3.9017	14.2727	1.4573	14.4784	-0.8643	13.7951	-3.1777	13.1605	-5.4713	12.4813	-7.7113	11.6439	-9.7761	10.3166	-11.7788	8.9448	-13.5762	7.1857	-15.3257	5.4788	-16.6190	2.9870	-18.0323	0.9611	-19.1760	-1.3705	-20.0240	-3.9793	-20.6348	-6.7155	-21.2452	-9.2281	-22.3230	-10.9670	-22.8376	-13.2902	-23.2844	-15.5385	-23.2937	-18.0945	-24.0067	-19.8106	-24.8845	-21.3197	*	*	*	*	-27.1218	-25.9724
pl02	1.1902	07/02/2017 16:27:51	Mowie pada teraz	a	64.9123	21.2550	23.4615	56.7115	-9.9631	10.5434	42.5443	5.5491	40.4115	6.5094	38.1063	7.0704	35.9021	7.8021	33.6371	8.3381	31.3774	8.8302	28.9769	8.7644	26.6030	8.5986	24.0373	7.2621	21.6159	6.0020	19.2954	4.6263	17.1947	4.2559	15.1673	4.3954	13.1272	4.1264	11.1112	3.7896	9.1341	3.0435	7.1785	2.6330	5.2280	2.3484	3.2679	2.1571	1.2663	2.1554	-0.7324	2.0254	-2.7325	1.8138	-4.6512	1.2548	-6.6060	0.8009	-8.5331	0.2353	-10.4730	-0.3241	-12.3365	-1.0911	-14.1245	-2.0209	-15.8050	-3.1427	-17.2932	-4.5664	-18.5685	-6.2623	-19.8086	-7.9163	-21.1573	-9.3469	-22.4033	-10.8662	-23.0850	-13.0012	-23.4672	-15.3397	-23.9494	-17.4295	-25.4584	-18.4383	-26.5345	-19.8662	*	*	*	*	-27.7962	-25.4942
pl02	1.4732	07/02/2017 16:27:56	Mowie pudu teraz	u	59.9615	132.3941	132.9214	67.6239	-5.2554	4.9881	37.2505	-4.4589	36.2743	-2.0242	35.3621	0.8633	33.8853	2.7695	31.8217	3.3026	29.6416	3.4275	27.4842	3.4890	25.3690	3.5691	23.3352	3.8929	21.3302	4.3405	19.3395	4.9508	17.3437	5.7403	15.3261	6.8378	13.2468	8.1407	11.0814	9.3619	8.8307	10.5334	6.4692	11.9938	4.0092	13.3066	1.5474	13.8653	-0.8095	13.4956	-3.1055	12.8318	-5.4136	12.2564	-7.7032	11.6163	-9.9683	10.8935	-12.1029	9.8143	-14.1535	8.5826	-15.9750	6.9060	-17.8816	5.5217	-19.4207	3.5191	-20.9927	1.7131	-22.0383	-0.8196	-21.9324	-4.8296	-21.2779	-9.1840	-20.2976	-13.5082	-20.2751	-16.2830	-20.1188	-18.9830	-19.1623	-22.2845	-17.6219	-25.8464	-16.3334	-28.8524	*	*	-17.6820	-31.0895	-18.8078	-31.8673
pl02	1.4858	07/02/2017 16:28:01	Mowie paga teraz	a	49.7417	-21.4380	22.5340	68.7729	95.1977	97.3351	32.1795	-14.0456	30.7493	-13.4206	29.2718	-12.9121	27.8871	-12.1983	27.1414	-9.6800	26.4276	-6.5762	25.5725	-3.2676	24.1752	-1.2966	22.6045	0.3870	21.0695	2.8248	19.3192	4.8012	17.4809	7.1064	15.4321	8.4687	13.2961	9.7952	11.0733	10.8785	8.7662	12.1257	6.3813	13.1540	3.9247	14.0663	1.4523	14.5124	-1.0552	14.8376	-3.4730	14.5052	-5.7346	13.5068	-7.8618	12.1548	-9.8960	10.6766	-11.9293	9.3487	-13.7467	7.5982	-15.3655	5.5664	-16.4631	2.6740	-17.4119	-0.1820	-18.2089	-3.0120	-19.3815	-4.9870	-20.4138	-7.0367	-21.3484	-9.0890	-22.1797	-11.1468	-22.8672	-13.2555	-23.2931	-15.5290	-23.6149	-17.7688	-24.3183	-19.5160	-25.8395	-20.4784	*	*	*	*	-27.5691	-25.6552
pl02	1.3953	07/02/2017 16:28:15	Mowie pata teraz	a	63.9455	56.1182	58.4656	57.0374	-26.7756	27.8698	41.9261	4.3803	39.7905	5.2287	37.6014	5.9284	35.4353	6.6375	33.2790	7.3450	31.1058	7.9847	28.9322	8.6064	26.6313	8.7140	24.2586	8.3241	21.6920	6.4444	19.3164	4.7810	17.1006	3.3189	15.0864	3.1514	13.0953	3.0555	11.1160	2.8963	9.1501	2.6495	7.1974	2.3837	5.2293	2.3365	3.2399	2.3477	1.2096	2.4651	-0.8295	2.4676	-2.7917	2.0441	-4.6837	1.3651	-6.5575	0.6554	-8.5042	0.1578	-10.4260	-0.4378	-12.2474	-1.2869	-14.0773	-2.1157	-15.8757	-3.0124	-17.4554	-4.2911	-18.8655	-5.7965	-19.9486	-7.7128	-21.1149	-9.4040	-21.7478	-11.6887	-22.3639	-13.8434	-22.7567	-16.1127	-23.5597	-17.8248	-24.4018	-19.4371	-25.1144	-21.1172	*	*	*	*	-26.8152	-26.1898
pl02	1.2479	07/02/2017 16:28:20	Mowie puku teraz	u	49.6894	17.9893	17.3310	69.2750	42.8333	43.6081	35.3948	-7.9671	34.3765	-5.9388	32.8510	-4.8165	30.9750	-4.4928	28.5161	-5.8668	26.5005	-6.3493	24.8365	-5.8686	23.3994	-4.4586	21.9637	-2.6881	20.4642	-0.6943	18.8809	1.5787	17.1274	3.5852	15.2605	5.8281	13.2143	7.0487	11.0821	9.2167	8.8282	10.5951	6.4418	12.3552	4.0315	13.1064	1.5392	13.9214	-0.9713	14.3792	-3.4572	14.4333	-5.8585	13.9894	-8.1048	12.9799	-10.3799	12.1290	-12.6775	11.3563	-14.8254	10.2087	-16.8177	8.7582	-18.4703	6.7036	-19.6603	3.9606	-19.0191	-1.6368	-17.3787	-8.1288	-16.1412	-13.2463	-16.6855	-15.3804	-18.1229	-16.2366	-18.8761	-17.9170	-19.4400	-19.7217	*	*	*	*	*	*	-18.1885	-29.0106	-19.3742	-29.7980	-20.8897	-30.3912
pl02	1.4038	07/02/2017 16:28:25	Mowie pogo teraz	O	44.4350	-3.4135	5.3847	68.8801	80.7240	82.0781	31.8291	-14.7081	30.4402	-14.0582	29.0113	-13.5013	27.6207	-12.8630	26.2062	-12.2738	24.8069	-11.6208	23.8994	-9.1808	22.9031	-6.4816	21.8444	-3.2604	20.4861	-0.5673	18.9368	1.9898	17.2001	4.3091	15.2571	5.7767	13.2249	7.4056	11.0842	8.8373	8.8796	9.3262	6.6022	10.2385	4.3651	10.1065	1.8102	12.0768	-0.7608	13.2295	-3.5533	14.8707	-5.9599	14.3841	-8.3207	13.7130	-10.6531	12.9490	-13.0428	12.3366	-15.2771	11.3018	-17.2567	9.7229	-18.5176	6.7986	-19.6813	3.9993	-20.4913	0.8620	-21.3833	-1.8471	-22.0595	-4.6449	-22.4257	-7.6354	-23.0126	-10.1019	-23.6679	-12.3203	-23.9150	-14.8524	-24.0037	-17.3744	-23.7825	-20.0226	-25.0213	-21.1991	*	*	*	*	-29.2316	-24.4765
pl02	1.4448	07/02/2017 16:28:30	Mowie paka teraz	a	52.0269	18.6845	18.3372	69.0855	81.6571	83.6646	37.7012	-3.6069	36.2732	-2.0264	34.7135	-0.6037	30.4531	-5.7950	29.1527	-4.1008	27.7863	-2.3472	26.1949	-1.0679	24.6295	0.5549	22.9752	2.1655	21.2662	3.9688	19.4776	5.9656	17.5382	7.6769	15.5146	9.7374	13.3279	10.8640	11.0642	12.5617	8.7142	13.4089	6.2886	14.3768	3.7923	15.2563	1.3373	15.2950	-1.1582	15.4004	-3.5348	14.7867	-5.9098	14.1893	-8.2253	13.3891	-10.3871	12.1506	-12.4814	10.8301	-14.3544	9.0689	-15.7916	6.5028	-17.2068	4.1671	-18.1712	1.2170	-19.2866	-1.1828	-20.1349	-3.8053	-21.1085	-6.0271	-21.4832	-8.9071	-22.0795	-11.2725	-22.9009	-13.2162	-23.3118	-15.5087	-24.2741	-17.1001	-24.9359	-18.9322	-26.2014	-20.1595	*	*	*	*	-26.4683	-26.4357
pl02	1.2229	07/02/2017 16:28:36	Mowie poto teraz	O	62.1717	100.2667	102.0585	62.3213	-19.5453	19.6939	41.5463	3.6622	39.4220	4.4686	37.2242	5.0752	35.0919	5.7804	32.8811	6.2412	30.5000	6.0991	28.0402	5.4540	25.6962	4.9026	23.5172	4.7664	21.4523	5.0509	19.4043	5.4268	17.3555	5.8577	15.2830	6.1752	13.1912	6.2763	11.0972	6.3977	8.9854	6.7133	6.8375	7.1329	4.6421	7.6157	2.4440	7.7638	0.2386	7.7698	-1.9446	7.5454	-4.1107	7.1816	-6.2693	6.7482	-8.3893	6.1539	-10.4965	5.5039	-12.5649	4.7383	-14.5907	3.8636	-16.5009	2.7500	-18.2953	1.4456	-20.0023	0.0320	-21.7092	-1.3357	-23.5083	-2.5393	-24.5212	-4.8080	-25.2329	-7.3162	-25.4755	-10.2092	-26.1084	-12.4657	-26.5660	-14.7758	-26.5773	-17.3805	-26.5001	-19.8965	-25.9866	-22.6133	*	*	-27.3011	-25.8452
pl02	1.2371	07/02/2017 16:28:41	Mowie pugu teraz	u	49.7506	23.4116	22.4215	71.6228	2.9095	4.3174	37.1092	-4.7260	35.5266	-3.5665	33.1647	-4.1068	30.9978	-4.4359	28.4883	-5.9438	26.5297	-6.2586	25.1267	-4.8431	23.8660	-2.5567	22.5966	0.3491	21.1229	3.1353	19.4211	5.5504	17.4795	7.0928	15.4742	9.1162	13.3330	11.0347	11.0613	13.1073	8.6638	14.6514	6.1617	16.0512	3.5950	17.0304	1.0206	17.4506	-1.5234	17.3956	-4.0498	17.1318	-6.5764	16.7856	-8.7894	15.3044	-10.7337	13.1910	-12.4143	10.6499	-14.2544	8.8269	-16.0379	7.0442	-17.2804	4.3148	-18.3909	1.6217	-19.3739	-1.0346	-19.3869	-4.9787	-19.2552	-8.7206	-19.1481	-12.0577	-20.3318	-13.4652	-19.1754	-17.5674	-16.9478	-22.4335	-14.4974	-27.0156	-14.2568	-29.0275	-14.7511	-30.2461	-15.4710	-31.2399	-17.3241	-31.3626	-18.6664	-31.9675
pl02	1.4337	07/02/2017 16:28:46	Mowie podo teraz	O	63.2275	61.2799	63.1284	60.1280	-14.8860	15.1970	42.4310	5.3348	40.2583	6.1935	38.0313	6.9006	35.8248	7.6093	33.4857	7.9183	30.8002	7.0335	28.0508	5.4913	25.4847	4.0405	23.2766	3.6117	21.2309	3.7635	19.2263	4.1180	17.2091	4.3992	15.1583	4.2574	13.1247	4.0431	11.1101	3.9944	9.0718	4.5816	6.9869	5.1621	4.8746	5.5251	2.7861	5.4360	0.6792	5.3629	-1.4616	5.3459	-3.6507	5.3901	-5.8347	5.2728	-7.9708	4.8979	-10.1149	4.4798	-12.2121	3.8845	-14.3418	3.3164	-16.4161	2.5796	-18.5104	1.8420	-20.4946	0.8677	-22.2099	-0.5504	-22.8823	-3.4492	-23.5148	-6.1659	-24.1860	-8.6296	-25.2068	-10.5231	-25.9318	-12.6578	-26.5149	-14.8276	-26.8523	-17.1206	-27.1870	-19.2914	*	*	*	*	-28.6241	-24.9072
pl02	1.4722	07/02/2017 16:28:51	Mowie putu teraz	u	64.6943	72.2946	74.2401	68.1788	-6.1203	5.8273	42.8417	6.1112	40.5595	6.8147	38.2438	7.3813	35.8968	7.7889	33.6690	8.4267	31.3443	8.7270	28.9718	8.7463	26.5796	8.5034	24.2883	8.4665	22.0542	8.5504	19.9154	9.1849	17.7957	10.2425	15.6117	11.2314	13.3655	12.1263	11.0626	12.8624	8.7029	13.6882	6.2964	14.2733	3.8910	14.3690	1.4980	14.2017	-0.8603	13.7733	-3.2135	13.3234	-5.4658	12.4597	-7.6477	11.4280	-9.7529	10.2469	-11.8094	9.0268	-13.8552	7.8608	-15.8408	6.6111	-17.5749	4.9061	-18.6635	2.1240	-19.4613	-0.8862	-19.4480	-4.8828	-19.8002	-7.9285	-20.2271	-10.6019	-21.6159	-11.8542	*	*	*	*	*	*	*	*	-17.8567	-27.5105	-16.6263	-30.2921	-17.0284	-31.5883	-17.7557	-32.6133
pl02	1.3885	07/02/2017 16:28:57	Mowie poko teraz	O	48.6584	-25.6893	26.1703	67.4244	102.5406	102.8646	32.0296	-14.3291	30.6071	-13.7140	29.1474	-13.1934	27.7911	-12.4378	27.0295	-9.9904	26.2554	-7.1123	25.4357	-3.7509	24.0380	-1.8557	22.5284	0.0215	20.9046	1.8662	19.1402	3.4855	17.2923	5.2283	15.2882	6.2554	13.2195	7.2242	11.0895	7.8521	8.9012	8.7922	6.5968	10.3098	4.1749	11.8168	1.7086	12.7685	-0.6966	12.8789	-3.0453	12.5578	-5.2540	11.6348	-7.4773	10.8497	-9.6780	10.0221	-11.9945	9.5236	-13.7299	7.5574	-15.0954	4.9727	-16.1783	2.1023	-17.6180	0.1978	-19.0610	-1.5657	-20.2578	-3.6125	-21.3601	-5.6615	-22.4015	-7.6681	-23.3628	-9.6625	-23.2796	-12.7739	-23.0329	-15.8122	-22.9117	-18.4819	-23.7856	-20.0197	-24.9907	-21.2261	-25.7140	-22.8369	*	*	-27.4650	-25.7290
pl02	1.3462	07/02/2017 16:29:03	Mowie pada teraz	a	62.6538	100.7831	102.7222	55.6327	-15.8038	16.6496	42.0821	4.6751	39.9215	5.4989	37.7198	6.1962	35.4562	6.6896	33.1915	7.1021	30.8598	7.2191	28.1345	5.7873	25.4997	4.1017	23.0390	2.4720	20.9559	2.1648	18.9407	2.0188	16.9426	1.7441	14.9753	1.4410	13.0389	1.1606	11.1264	0.9523	9.2261	0.7743	7.3298	0.6366	5.4154	0.6632	3.5055	0.5405	1.5380	0.6711	-0.4285	0.6416	-2.4704	0.7925	-4.4612	0.6098	-6.4535	0.3433	-8.4101	-0.0948	-10.3820	-0.5444	-12.3173	-1.1332	-14.2188	-1.8317	-16.0175	-2.7512	-17.7350	-3.8164	-19.5059	-4.7920	-20.7419	-6.5599	-21.7853	-8.4994	-22.4113	-10.8562	-23.2896	-12.7622	-23.9810	-14.7806	-24.7419	-16.6257	-25.8273	-18.0895	-27.4583	-19.0524	*	*	*	*	-27.0785	-26.0031
pl02	1.3432	07/02/2017 16:29:08	Mowie pudu teraz	u	58.8118	68.1764	68.2716	67.7261	-1.2065	1.0844	34.2385	-10.1532	32.6017	-9.5997	30.9811	-9.0458	30.1854	-6.4632	29.8913	-2.0519	29.3040	2.3768	27.8710	4.8560	25.8738	5.6267	23.8189	6.2142	21.7540	6.8045	19.6896	7.5246	17.6112	8.4049	15.4779	9.1733	13.2916	9.6450	11.0760	10.3691	8.7821	11.7330	6.4157	12.6991	4.0101	13.2988	1.6529	13.1473	-0.7502	13.1713	-3.1149	12.8744	-5.4538	12.4130	-7.7862	11.8982	-10.0348	11.0932	-12.1546	9.9530	-14.1682	8.6182	-16.2858	7.5891	-18.4504	6.6636	-20.5296	5.5622	-22.2013	3.7645	-23.3829	1.2895	-23.0583	-3.1934	-22.5832	-7.4229	-22.3558	-10.9259	-22.2910	-13.9285	*	*	*	*	*	*	-17.2787	-28.0196	-17.5000	-29.5754	-18.9799	-30.0989	-20.4385	-30.7111
pl02	1.2712	07/02/2017 16:29:14	Mowie paga teraz	a	49.1989	-35.6616	36.8248	68.4724	110.7203	112.6530	33.8582	-10.8722	31.7233	-11.4115	29.3078	-12.8307	27.7721	-12.4851	26.9117	-10.3171	26.4299	-6.5689	25.6562	-2.9718	24.4785	-0.0605	22.8340	1.4880	21.1322	3.1896	19.4026	5.4142	17.4990	7.2864	15.4704	9.0583	13.2893	9.5671	11.0763	10.3086	8.8270	10.6250	6.4996	11.5922	4.0750	12.7153	1.5367	13.9380	-0.9514	14.2706	-3.3190	13.8037	-5.6072	13.0107	-7.7266	11.6958	-9.7673	10.2902	-11.7034	8.7425	-13.7436	7.5907	-15.5233	5.9133	-17.1513	4.0557	-18.1668	1.2089	-19.3501	-1.0749	-20.5091	-3.2184	-21.9709	-4.7738	-22.7899	-7.1440	-23.2154	-9.8474	-23.5039	-12.5119	-23.8820	-14.8883	-24.2481	-17.1265	-24.2382	-19.5917	-24.3767	-21.7669	-24.4213	-23.8974	-25.3827	-25.2123	-26.2791	-26.5699
pl02	1.2423	07/02/2017 16:29:32	Mowie pata teraz	a	63.0344	-3.5331	4.1696	57.5313	-12.4536	12.1482	40.4178	1.5288	38.4836	2.5328	36.6344	3.7411	34.6511	4.6805	32.6437	5.5828	30.5331	6.2021	28.1986	6.0136	25.8196	5.4057	23.4094	4.2493	21.2194	3.6966	19.1197	3.3348	17.1072	3.3837	15.1051	3.4390	13.1097	3.5375	11.1123	3.5782	9.1124	3.5796	7.1134	3.4929	5.1086	3.4212	3.0820	3.4218	1.0235	3.4818	-1.0046	3.2652	-2.9724	2.7481	-4.9459	2.2554	-6.8838	1.6351	-8.8257	1.0204	-10.6581	0.1238	-12.5189	-0.6901	-14.2731	-1.7226	-16.0024	-2.7789	-17.5769	-4.0848	-18.7431	-5.9885	-19.8507	-7.8552	-20.8542	-9.7557	-21.7494	-11.6867	-22.4250	-13.7720	-22.7488	-16.1213	-23.5605	-17.8239	-24.2264	-19.6029	-25.7720	-20.5378	*	*	*	*	-28.0196	-25.3358
pl02	1.3736	07/02/2017 16:29:37	Mowie puku teraz	u	49.6371	29.8556	29.4847	70.3138	47.2684	48.5411	36.7228	-5.4566	35.1021	-4.4421	33.0833	-4.2910	30.7612	-5.0263	28.5086	-5.8876	26.5140	-6.3074	24.9714	-5.3919	23.4428	-4.2818	22.1306	-1.8869	20.5139	-0.4051	18.8766	1.5470	17.0415	2.7295	15.1834	4.6431	13.2017	6.6283	11.0843	8.8191	8.8210	10.7721	6.4671	12.0208	3.9349	13.9745	1.3361	15.3033	-1.3508	16.4527	-3.8670	16.2993	-6.2987	15.7037	-8.7250	15.0855	-11.1733	14.5107	-13.3140	13.0643	-15.1805	11.0681	-16.9115	8.9643	-18.7204	7.2058	-20.4939	5.4965	-21.9434	3.3268	-23.2849	1.1358	-23.5649	-2.4571	-23.2497	-6.5236	-22.3681	-10.9105	-21.3592	-15.0168	-20.9026	-18.1302	-21.7015	-19.7093	-22.9324	-20.8262	*	*	*	*	*	*	-26.2739	-26.5736
pl02	1.4206	07/02/2017 16:29:42	Mowie pogo teraz	O	48.1242	1.6284	0.7604	69.2149	76.6581	78.3004	31.7652	-14.8290	30.4004	-14.1402	29.0306	-13.4577	27.6222	-12.8591	26.8471	-10.4962	26.0254	-7.8282	25.1000	-4.9375	23.6851	-3.2943	22.2714	-1.2113	20.8294	1.4287	19.1339	3.4389	17.2394	4.7012	15.2976	6.3990	13.2510	8.2817	11.0766	10.2459	8.8211	10.7702	6.4401	12.3778	3.9329	13.9927	1.3107	15.4758	-1.1462	15.3349	-3.5366	14.7950	-5.9018	14.1579	-8.2563	13.4944	-10.4712	12.4032	-12.6396	11.2546	-14.7545	10.0370	-16.6075	8.2961	-18.2614	6.2844	-19.7544	4.1340	-21.2144	2.0894	-22.6898	0.2023	-23.4029	-2.6925	-23.5392	-6.1330	-23.5805	-9.3893	-23.9655	-11.9727	-24.1416	-14.6058	-24.0645	-17.3128	-24.4363	-19.4045	-26.1660	-20.1908	*	*	*	*	-28.5521	-24.9582
pl02	1.1848	07/02/2017 16:29:47	Mowie paka teraz	a	52.4109	-22.1766	22.9635	69.6767	64.0041	66.0629	34.6371	-9.3997	32.8492	-9.0891	31.3234	-8.2716	30.2630	-6.2693	29.1689	-4.0559	27.6472	-2.7801	26.0619	-1.5379	24.5773	0.3423	22.8525	1.5769	21.1219	3.1296	19.2826	4.5321	17.3643	5.9450	15.3714	7.5346	13.2921	9.6621	11.0751	10.5299	8.7355	12.8822	6.3455	13.6258	3.8829	14.4422	1.3878	14.9512	-1.0928	15.0434	-3.4062	14.2010	-5.6863	13.3186	-7.9276	12.3784	-9.9566	10.8586	-12.0193	9.5902	-13.9286	8.0384	-15.5844	6.0474	-17.2380	4.2297	-18.5333	1.8842	-19.5887	-0.6701	-20.3045	-3.5393	-20.9289	-6.2882	-21.6347	-8.7027	-22.1383	-11.1988	-22.8493	-13.2764	-23.1197	-15.7177	-26.6191	-14.7219	-27.7695	-16.2535	-28.9413	-17.7460	*	*	*	*	-30.0369	-23.9055
pl02	1.4558	07/02/2017 16:29:52	Mowie poto teraz	O	62.5900	130.9896	133.5517	57.8114	-7.7843	8.4470	42.1224	4.7514	40.0164	5.6946	37.8348	6.4561	35.6361	7.1385	33.3944	7.6650	30.9509	7.5025	28.1993	6.0164	25.4403	3.8598	22.9605	2.0951	20.8095	1.3131	18.8227	1.1513	16.8726	1.0478	14.9575	1.1676	13.0402	1.2053	11.1249	1.2263	9.1780	1.9611	7.1746	2.6851	5.1171	3.3454	3.1189	3.1707	1.1076	3.0223	-0.9597	3.0604	-3.0909	3.2095	-5.2978	3.4500	-7.4659	3.3821	-9.7560	3.5168	-11.9597	3.2736	-14.1640	2.9255	-16.1583	2.0621	-18.1040	1.0932	-19.5556	-0.7262	-20.8072	-2.7506	-21.8619	-4.9321	-23.2563	-6.5147	-23.7303	-9.2014	-23.7674	-12.2042	-23.3944	-15.4188	-23.9956	-17.3826	-25.4367	-18.4588	*	*	*	*	*	*	-30.0301	-23.9103
pl02	1.3045	07/02/2017 16:29:58	Mowie pugu teraz	u	50.1560	-5.3861	4.6086	69.6252	26.8875	27.4268	37.4769	-4.0309	35.5259	-3.5679	33.4134	-3.5444	31.5219	-3.1280	29.2618	-3.7982	26.8730	-5.1899	24.5761	-6.7891	22.8197	-6.8216	21.7070	-3.9197	20.4604	-0.7162	19.1454	3.5234	17.3212	5.5156	15.3978	7.9409	13.2712	8.9607	11.0787	9.8625	8.7999	11.2931	6.4013	12.8897	3.8898	14.3805	1.3917	14.9251	-1.0915	15.0362	-3.6241	15.1934	-6.1222	15.0165	-8.4912	14.2920	-10.7475	13.2325	-12.8645	11.8581	-14.8345	10.2307	-16.6583	8.4077	-18.4339	6.6306	-20.0207	4.6246	-21.2142	2.0890	-22.0965	-0.7282	-22.1423	-4.5246	-22.0243	-8.1770	-20.0847	-13.7752	-19.0238	-17.7444	-18.1179	-21.1603	-18.0028	-23.4605	-17.4702	-25.9897	-16.8396	-28.4065	-17.3104	-29.7308	-17.9548	-30.8813	-18.6304	-31.9931
pl02	1.3978	07/02/2017 16:30:03	Mowie podo teraz	O	60.7277	68.9394	69.8394	62.3312	-25.7270	26.0524	34.4148	-9.8198	34.0646	-6.5822	33.9339	-2.3671	33.6476	2.1765	32.2368	4.4540	30.2483	5.3158	27.9787	5.2364	25.6509	4.7179	23.4948	4.6588	21.4019	4.7574	19.3532	5.0513	17.2903	5.2077	15.2511	5.6836	13.1902	6.2398	11.0956	6.7053	8.9723	7.0383	6.8413	7.0836	4.6519	7.5277	2.4732	7.5647	0.2582	7.6627	-1.9090	7.3832	-4.0738	7.0378	-6.2663	6.7381	-8.4534	6.3465	-10.6646	5.9549	-12.7995	5.3058	-14.8315	4.3927	-16.6857	3.1210	-18.5169	1.8539	-20.1639	0.3063	-21.4798	-1.6957	-22.0323	-4.6845	-22.5553	-7.4606	-23.1436	-9.9375	-23.7268	-12.2516	-24.1334	-14.6147	-24.3323	-17.0412	-24.9085	-18.9581	-26.0519	-20.2913	*	*	*	*	-28.5696	-24.9458
pl02	1.3965	07/02/2017 16:30:08	Mowie putu teraz	u	64.9975	-20.4156	20.2739	66.3896	-4.4235	4.4604	42.5523	5.5641	40.4127	6.5119	38.1990	7.2801	36.0153	8.0846	33.8299	8.8731	31.4030	8.9098	28.8538	8.3293	26.2494	7.1575	23.8981	6.5943	21.6933	6.4518	19.5853	6.7577	17.4882	7.1797	15.3814	7.6885	13.2510	8.2833	11.0806	9.5086	8.8231	10.7203	6.4852	11.7816	4.1611	11.9407	1.8410	11.8673	-0.4689	11.6347	-2.7628	11.2710	-5.0710	10.9221	-7.4218	10.6611	-9.7852	10.3440	-12.0676	9.7197	-14.2142	8.7296	-16.3611	7.7545	-18.1426	6.0457	-19.8604	4.3292	-21.4096	2.4207	-22.7690	0.3266	-22.7944	-3.5768	-21.5694	-8.7908	-20.3072	-13.4961	*	*	*	*	*	*	*	*	-20.5152	-25.1686	-20.3979	-27.1980	-21.6419	-28.0673	-23.1689	-28.7751
pl02	1.3554	07/02/2017 16:30:14	Mowie poko teraz	O	51.4308	46.9913	46.7312	69.8224	-34.7466	33.1429	32.7569	-12.9540	31.2669	-12.3529	29.7544	-11.8206	28.3631	-11.0103	27.8205	-7.7962	27.2037	-4.1606	26.3120	-0.6540	24.6166	0.5024	22.7814	1.2358	20.9007	1.8434	19.0157	2.5697	17.1801	4.1101	15.2633	5.8726	13.2456	8.1021	11.0766	10.2469	8.7666	12.1138	6.3331	13.7894	3.8826	14.4451	1.3624	15.1241	-1.0816	14.9821	-3.5332	14.7792	-5.9362	14.2918	-8.2606	13.5090	-10.4769	12.4203	-12.5945	11.1336	-14.1350	8.5379	-15.6098	6.1034	-17.2044	4.1622	-18.8549	2.4768	-20.2217	0.4045	-20.7300	-2.8718	-21.5256	-5.4209	-22.1331	-8.0302	-22.5199	-10.7200	-22.8638	-13.2596	-23.2066	-15.6232	-24.6271	-16.7422	-26.6512	-17.3107	*	*	*	*	*	*	-26.6815	-26.2845
pl02	1.4311	07/02/2017 16:30:19	Mowie pada teraz	a	63.3984	78.5530	81.0742	58.5112	-20.5327	20.8838	42.1386	4.7820	40.0630	5.7908	37.8668	6.5285	35.6840	7.2580	33.4684	7.8701	31.2504	8.4347	28.9275	8.5899	26.4933	8.1516	23.9000	6.6034	21.4805	5.2149	19.2480	4.2777	17.1999	4.3080	15.1684	4.4128	13.1311	4.2564	11.1096	4.0810	9.0841	4.2786	7.0772	3.9696	5.0790	3.6877	3.1424	3.0107	1.0861	3.1397	-0.9914	3.2048	-3.1552	3.4602	-5.1354	2.8984	-7.0503	2.1348	-8.8596	1.1113	-10.7569	0.3628	-12.6663	-0.3662	-14.4251	-1.4176	-16.1633	-2.4825	-17.7548	-3.7828	-19.2808	-5.1450	-20.4694	-6.9560	-21.4622	-8.9354	-22.3242	-10.9655	-23.0425	-13.0508	-23.6434	-15.1478	-24.0505	-17.3269	-25.1562	-18.7240	-26.5919	-19.8156	*	*	*	*	-29.1512	-24.5335
pl02	1.5359	07/02/2017 16:30:24	Mowie pudu teraz	u	63.7935	96.0161	98.9342	67.2765	-15.0937	15.1373	42.8619	6.1493	40.6608	7.0238	38.3397	7.5983	36.1005	8.2974	33.8734	8.9937	31.5691	9.4269	28.8993	8.4903	26.2786	7.2765	23.8577	6.4006	21.7313	6.6729	19.6373	7.1401	17.5731	8.0250	15.4658	8.9863	13.3000	9.9291	11.0715	11.2041	8.7646	12.1650	6.3801	13.1687	4.0273	13.1434	1.6475	13.1839	-0.6898	12.8417	-2.9940	12.3239	-5.2883	11.7684	-7.5342	11.0428	-9.7758	10.3158	-11.9845	9.4968	-14.0160	8.2499	-15.7087	6.3206	-17.4882	4.7320	-19.1386	2.9994	-20.7538	1.3075	-20.2847	-3.5703	-19.2481	-8.7308	-17.9827	-13.6302	-18.0327	-16.3497	-17.0778	-20.0173	-15.1405	-24.4000	-13.7690	-27.7544	-13.9982	-29.2720	-15.9047	-29.2300	-16.8157	-30.1367	-17.8799	-30.9384	-18.0795	-32.3837
pl02	1.3586	07/02/2017 16:30:30	Mowie paga teraz	a	53.2496	7.2134	6.3518	69.5129	81.9378	83.9950	32.9522	-12.5849	31.3602	-12.1605	29.7587	-11.8108	28.8826	-9.7140	28.1733	-6.8176	27.5313	-3.1410	26.2074	-1.0238	24.6106	0.4778	22.9454	2.0226	21.2815	4.0578	19.5726	6.6645	17.6020	8.3131	15.4643	8.9638	13.2724	9.0023	11.0793	9.7467	8.7703	12.0233	6.2758	14.5461	3.6904	16.1728	1.1828	16.3464	-1.2439	15.8687	-3.5437	14.8272	-5.7327	13.4992	-7.8018	11.9514	-9.8809	10.6311	-11.7627	8.9016	-13.4682	6.9241	-14.8186	4.3643	-15.9523	1.6486	-17.0357	-0.8752	-18.3066	-2.8461	-19.1933	-5.2822	-19.9671	-7.6859	-20.5413	-10.1779	-21.5812	-11.8977	-22.2671	-13.9565	-22.9272	-15.9272	-23.7177	-17.6645	-25.0995	-18.7775	-25.6793	-20.6195	-27.4943	-21.3764	*	*	-33.4635	-21.4759
pl02	1.4549	07/02/2017 16:30:46	Mowie pata teraz	a	64.1277	25.7906	27.6299	57.3317	-4.1780	4.9292	37.2855	-4.3927	36.8815	-0.7718	36.4785	3.3886	35.5697	6.9727	33.4433	7.8005	31.1520	8.1286	28.8224	8.2186	26.2731	7.2540	23.7818	6.0360	21.4063	4.7831	19.2717	4.4521	17.2034	4.3425	15.1623	4.3177	13.1330	4.3210	11.1089	4.2269	9.0942	4.0299	7.0831	3.8923	5.0305	4.1236	3.0386	3.7175	1.0855	3.1428	-0.8318	2.4781	-2.8019	2.0839	-4.6983	1.4146	-6.4538	0.3442	-8.2597	-0.4984	-10.0885	-1.2546	-11.8559	-2.1472	-13.5659	-3.1423	-15.2613	-4.1443	-16.8423	-5.3316	-18.2503	-6.7615	-19.5779	-8.2516	-20.9738	-9.5944	-21.9489	-11.4363	-22.7672	-13.3723	-23.4556	-15.3523	-24.3758	-16.9970	-25.9789	-17.9462	*	*	*	*	*	*	-29.4020	-24.3556
pl02	1.2655	07/02/2017 16:30:51	Mowie puku teraz	u	53.9038	-13.5328	14.3868	71.1549	-3.5104	2.6860	34.9782	-8.7547	34.1449	-6.4165	33.5736	-3.1819	32.5701	-0.5124	30.6705	0.1094	27.9658	-1.7884	25.7795	-2.5359	23.8430	-2.6504	22.2958	-1.0946	20.6071	0.1365	18.8338	1.2326	17.1423	3.7338	15.2737	6.0313	13.2729	9.0170	11.0756	10.4409	8.7616	12.2378	6.3555	13.4938	3.8189	15.0174	1.2137	16.1363	-1.3913	16.6739	-3.9099	16.4945	-6.3332	15.8381	-9.0010	16.0226	-11.4309	15.2838	-13.4450	13.4156	-14.8995	10.3880	-16.4175	7.8785	-17.9183	5.5955	-19.2640	3.2305	-20.2412	0.4375	-21.6828	-1.3773	-21.7850	-5.0438	-21.7680	-8.5228	-19.8337	-14.0901	-18.7729	-18.0375	-17.7311	-21.5812	-17.7003	-23.7673	-17.5111	-25.9511	-17.4649	-27.8556	-18.1813	-29.0164	*	*	-22.7851	-29.0473
pl02	1.2119	07/02/2017 16:30:56	Mowie pogo teraz	O	46.8708	-28.4268	29.4601	69.9854	62.0218	64.1405	32.4197	-13.5917	30.8860	-13.1386	29.2472	-12.9676	27.7053	-12.6517	26.3553	-11.8605	25.6479	-9.0031	24.9226	-5.5644	24.1385	-1.4461	22.7279	0.9790	21.1370	3.2176	19.3386	4.9443	17.4406	6.7053	15.4076	8.0918	13.2785	9.2066	11.0782	9.9480	8.7898	11.5420	6.4148	12.7114	3.8680	14.5759	1.3346	15.3136	-1.2479	15.8908	-3.6627	15.3693	-6.0743	14.8297	-8.4638	14.1990	-10.8568	13.5606	-13.1698	12.6774	-15.1985	11.1114	-16.6698	8.4331	-17.5865	4.9294	-18.4448	1.7211	-19.4860	-0.8444	-20.6967	-2.9240	-21.0978	-6.0426	-21.4165	-8.9971	-21.6788	-11.7753	-22.3684	-13.8381	-23.0315	-15.8137	-23.8702	-17.5098	-23.9474	-19.8666	-23.8852	-22.1999	-24.1568	-24.1144	-25.1849	-25.3633	-26.5431	-26.3827
pl02	1.2778	07/02/2017 16:31:01	Mowie paka teraz	a	51.6025	-36.6523	36.9188	68.4338	98.1462	99.4063	32.7452	-12.9762	31.1432	-12.6081	29.6085	-12.1505	28.7296	-10.0959	28.0152	-7.2560	27.0552	-4.6227	25.8805	-2.1789	24.3869	-0.4337	22.8931	1.7716	21.2198	3.6987	19.4465	5.7371	17.5416	7.7110	15.4558	8.8334	13.3186	10.5535	11.0691	11.6482	8.7288	13.0479	6.3483	13.5887	3.8906	14.3730	1.4249	14.6988	-1.0353	14.7291	-3.3496	13.9433	-5.6017	12.9892	-7.7776	11.8691	-9.9040	10.7006	-11.6980	8.7280	-13.0177	5.8341	-14.1588	2.9143	-15.5164	0.7733	-16.7885	-1.3306	-17.9644	-3.4271	-18.9011	-5.7406	-20.0341	-7.5885	-21.1699	-9.3299	-22.1171	-11.2254	-22.9809	-13.1228	-23.6468	-15.1441	-24.0577	-17.3196	-24.7006	-19.1547	-26.2037	-20.1576	*	*	*	*	-29.1174	-24.5574
pl02	1.2443	07/02/2017 16:31:07	Mowie poto teraz	O	64.1336	55.0689	57.5760	61.3578	-10.0689	10.3690	42.0995	4.7081	40.0213	5.7046	37.8785	6.5550	35.7266	7.3643	33.5616	8.1286	31.3894	8.8674	28.9379	8.6267	26.2142	7.0141	23.5603	4.9734	21.2813	4.0566	19.2717	4.4519	17.2740	5.0458	15.2173	5.1636	13.1748	5.7227	11.1012	5.6666	9.0291	5.6363	6.9387	5.7979	4.7651	6.5099	2.5305	7.1753	0.3821	6.9858	-1.7973	6.8748	-4.0128	6.8003	-6.2340	6.6283	-8.3968	6.1764	-10.5166	5.5577	-12.6201	4.8719	-14.6561	4.0071	-16.5761	2.9009	-18.3786	1.5990	-19.3952	-0.9984	-20.2739	-3.5872	-20.8899	-6.3448	-22.0641	-8.1233	-23.0970	-9.9959	-23.5349	-12.4757	-24.1766	-14.5677	-24.8780	-16.4877	-25.7858	-18.1288	*	*	*	*	*	*	-29.7660	-24.0976
pl02	1.3602	07/02/2017 16:31:12	Mowie pugu teraz	u	58.3265	19.1021	20.1721	70.0808	22.3761	23.2649	33.8009	-10.9804	32.9748	-8.8300	33.0184	-4.4379	32.4780	-0.7422	31.3434	1.9757	29.4222	2.7445	26.9639	1.6499	24.5446	0.2091	22.3860	-0.6618	20.7372	0.8932	19.0745	3.0020	17.2742	5.0477	15.3211	6.7606	13.2536	8.3682	11.0805	9.5239	8.8133	10.9628	6.5117	11.4325	4.0271	13.1453	1.5662	13.7372	-1.0694	14.9156	-3.5375	14.7990	-6.1333	15.0596	-8.6980	14.9939	-11.1273	14.3724	-13.2850	12.9864	-15.2682	11.2802	-16.9563	9.0627	-18.4681	6.6992	-19.9140	4.4280	-21.1145	1.9199	-22.2469	-0.4924	-22.2638	-4.3481	-20.9934	-9.5679	-18.4962	-15.7682	-17.1030	-19.9879	-17.1348	-22.2300	-17.9526	-23.5114	-17.7600	-25.7158	-17.2991	-28.0017	-17.1342	-29.8755	-17.6317	-31.1279	-18.3424	-32.1973
pl02	1.4733	07/02/2017 16:31:17	Mowie podo teraz	O	64.9146	-18.3478	18.3827	59.9140	-8.4902	8.5795	41.9734	4.4696	40.0227	5.7076	38.0289	6.8953	35.9122	7.8273	33.6444	8.3585	31.1561	8.1412	28.5273	7.1753	25.9597	5.9767	23.5427	4.8890	21.3638	4.5358	19.2218	4.0852	17.1763	4.0721	15.1420	4.0061	13.1327	4.3117	11.1070	4.5724	9.0630	4.7995	7.0083	4.8792	4.9171	5.1437	2.7963	5.3665	0.6422	5.5648	-1.4842	5.4487	-3.5852	5.1349	-5.6567	4.6685	-7.7181	4.1392	-9.7667	3.5456	-11.7638	2.7995	-13.6922	1.8886	-15.5713	0.8836	-17.2784	-0.4280	-18.8247	-1.9668	-19.8882	-4.1923	-20.9293	-6.2875	-21.8750	-8.3784	-22.6949	-10.5004	-23.1113	-12.9704	-23.0159	-15.8306	-22.9279	-18.4655	-23.1314	-20.6380	-24.6218	-21.5510	*	*	*	*	-29.7066	-24.1397
pl02	1.4163	07/02/2017 16:31:22	Mowie putu teraz	u	64.2238	100.1252	102.1724	68.1688	-15.1488	14.5980	42.6820	5.8093	40.6177	6.9349	38.3759	7.6801	36.0275	8.1152	33.6180	8.2852	31.2281	8.3653	28.9074	8.5187	26.6113	8.6324	24.3863	8.9370	22.1843	9.3064	19.9968	9.7834	17.8099	10.3842	15.5979	11.0197	13.3592	11.9164	11.0610	13.1671	8.6885	14.0433	6.2902	14.3555	3.9305	14.0138	1.5475	13.8646	-0.8369	13.6454	-3.2193	13.3498	-5.5773	12.8941	-7.9428	12.4299	-10.2854	11.8455	-12.4009	10.6139	-14.4250	9.2397	-16.3889	7.8156	-18.5919	6.9479	-20.0892	4.7508	-20.1839	0.3403	-18.8670	-5.7941	-16.0739	-13.3441	-13.5310	-19.6366	-11.6273	-24.3861	-11.4003	-26.6483	-12.1909	-27.6096	-13.3083	-28.2216	-14.7026	-28.6061	-15.8213	-29.3034	-16.8137	-30.1384	-17.6106	-31.1440	-18.3706	-32.1773
pl02	1.1892	07/02/2017 16:31:27	Mowie poko teraz	O	46.9230	-20.6905	21.7493	70.4682	30.9973	33.5054	32.5184	-13.4050	31.0010	-12.9014	29.4318	-12.5501	27.8760	-12.2259	26.3949	-11.7506	25.6078	-9.1278	25.0632	-5.0677	24.2835	-0.8553	22.8159	1.4014	21.1707	3.4131	19.4270	5.5936	17.5548	7.8431	15.4623	8.9338	13.2996	9.9138	11.0707	11.3498	8.7378	12.8251	6.3200	13.9620	3.8083	15.1131	1.2399	15.9579	-1.3855	16.6423	-3.8648	16.2894	-6.3228	15.7977	-8.7499	15.1702	-10.9514	13.8444	-13.0030	12.2297	-14.8655	10.3057	-16.6090	8.2993	-17.9246	5.6081	-19.1344	2.9916	-20.3925	0.6944	-21.7288	-1.3050	-22.2926	-4.3062	-22.6487	-7.3345	-22.7892	-10.3821	-23.4670	-12.5551	-23.1880	-15.6434	-22.8137	-18.5813	-22.2674	-21.4548	-22.6563	-23.2825	*	*	*	*	-26.7978	-26.2021
pl02	1.2411	07/02/2017 16:31:32	Mowie pada teraz	a	64.8515	65.5978	67.6509	56.5373	-29.0210	29.7347	42.3288	5.1415	40.1932	6.0594	38.0050	6.8412	35.8042	7.5579	33.6253	8.3056	31.4260	8.9815	29.0775	9.1201	26.4118	7.8192	23.8022	6.1343	21.3823	4.6435	19.2439	4.2473	17.1783	4.0923	15.1457	4.0623	13.1202	3.8922	11.1134	3.3817	9.1448	2.7808	7.1978	2.3788	5.2523	2.1293	3.3202	1.8012	1.3052	1.9426	-0.7359	2.0412	-2.7491	1.8785	-4.6219	1.1552	-6.4861	0.4410	-8.4051	-0.1081	-10.3108	-0.7167	-12.1822	-1.4301	-14.0105	-2.2497	-15.7762	-3.1957	-17.4133	-4.3625	-18.9541	-5.6576	-20.3172	-7.1772	-21.5787	-8.7782	-22.7704	-10.4057	-23.3269	-12.7186	-23.8802	-14.8902	-24.1952	-17.1802	-24.9830	-18.8877	-25.1553	-21.0811	*	*	*	*	-26.8320	-26.1779
pl02	1.2827	07/02/2017 16:31:37	Mowie pudu teraz	u	59.1869	143.7155	144.4106	66.8467	-6.6332	6.7165	39.9110	0.5706	37.8243	1.1729	35.8349	1.9328	33.8561	2.6966	31.7869	3.2061	29.7421	3.7401	27.5439	3.6999	25.3839	3.6296	23.3026	3.7366	21.2310	3.7642	19.2359	4.1890	17.2558	4.8649	15.2446	5.5836	13.1900	6.2332	11.0874	8.2428	8.8972	8.8906	6.6510	9.5947	4.3369	10.3605	1.9989	10.7928	-0.3684	11.0855	-2.6619	10.8117	-5.0057	10.6676	-7.3046	10.2631	-9.5279	9.5716	-11.7116	8.7645	-13.9731	8.1461	-15.9420	6.8334	-17.8517	5.4618	-19.4942	3.6546	-21.1365	1.9571	-21.4824	-1.6917	-20.5655	-6.8162	-18.5813	-12.8225	-17.6791	-16.7933	-17.9405	-19.0097	-19.1981	-19.9849	-19.1064	-22.3413	-18.3566	-25.1518	*	*	*	*	*	*	-17.3863	-32.8752
pl02	1.2023	07/02/2017 16:31:42	Mowie paga teraz	a	54.3752	-1.8579	2.4442	69.3571	89.1829	91.0373	33.6123	-11.3370	32.1598	-10.5111	31.0465	-8.8980	30.1873	-6.4583	29.2142	-3.9303	28.0162	-1.6318	26.6243	0.4498	25.1988	2.8754	23.4751	4.5645	21.7183	6.5972	19.7448	7.9306	17.6949	9.2385	15.5336	10.0305	13.3278	10.8616	11.0629	12.8096	8.6579	14.7975	6.1240	16.5491	3.6474	16.5597	1.2474	15.9065	-1.0983	15.0730	-3.4999	14.6276	-5.9258	14.2516	-8.2932	13.6197	-10.5268	12.5700	-12.4217	10.6698	-14.0227	8.2661	-15.4468	5.7452	-16.7469	3.2437	-17.8385	0.6041	-18.8636	-1.9008	-19.4936	-4.8112	-20.0997	-7.4932	-20.6271	-10.0622	-21.6308	-11.8355	-22.1010	-14.1504	-22.0864	-16.8421	-21.8947	-19.5133	-22.4575	-21.2751	-23.6331	-22.4220	*	*	*	*	-27.0371	-26.0325
