ab03	1.6046	24/03/2017 14:44:27	Mowie paka teraz	a	67.4925	69.3639	69.6964	81.3198	89.2325	90.4431	59.1101	-14.7758	*	*	*	*	*	*	*	*	*	*	*	*	44.6064	-7.5252	43.1332	-5.2848	41.0257	-4.3140	39.0727	-2.9130	37.0009	-1.7287	34.9636	-0.3147	32.9024	1.2227	30.7479	2.6524	28.5175	4.0277	26.2391	5.5257	23.9008	7.2014	21.4386	8.5482	18.9060	10.1105	16.2691	11.3252	13.5477	12.5997	10.7332	13.8655	7.8789	14.4951	4.9763	15.0112	2.1306	14.8070	-0.6665	14.2696	-3.3330	13.1765	-5.8418	11.6283	-8.3575	10.2943	-9.8713	6.2264	*	*	*	*	*	*	-17.0198	-3.0493	-18.7454	-5.0058	-20.6784	-6.5064	-22.4251	-8.2563	-23.5721	-10.7900	*	*	*	*	-27.7770	-16.6748
ab03	1.2401	24/03/2017 14:44:32	Mowie poko teraz	O	73.4597	84.2544	86.6435	80.8945	-67.2512	67.3482	51.3891	-23.8146	*	*	*	*	*	*	*	*	*	*	*	*	43.1652	-10.4128	46.5164	2.1301	43.8807	2.5690	41.0985	2.4964	37.7958	0.6424	35.1644	0.3616	32.5354	-0.1921	29.8574	-1.3505	27.5507	-1.1662	25.2724	-0.9063	23.0078	-0.5766	20.7523	-0.0706	18.4889	0.7639	16.1837	2.5547	13.7327	5.2386	11.0262	8.9870	8.1971	11.1502	5.2493	12.9181	2.3247	13.6386	-0.6488	14.1819	-3.5301	14.0026	-6.3797	13.5785	-9.0205	12.4074	-11.4735	10.7725	-13.8369	9.0475	*	*	*	*	-18.1606	-0.8489	-19.2947	-4.0310	-21.3461	-5.4125	-23.3774	-6.8119	-25.1775	-8.5304	-27.2234	-9.8864	*	*	-29.4701	-14.7534
ab03	1.1465	24/03/2017 14:44:36	Mowie pugu teraz	u	58.1351	-4.9366	6.4215	84.2692	34.0460	34.2577	59.4375	-14.3925	*	*	*	*	*	*	*	*	45.8969	-14.2708	43.6363	-14.0651	41.7592	-13.2300	39.7480	-12.7040	37.8625	-11.9399	35.9827	-11.1637	34.1329	-10.2834	32.5433	-8.4664	30.8555	-6.6695	29.0484	-4.9870	26.9780	-4.2431	24.9250	-3.2172	22.8755	-1.7280	20.8944	1.7131	18.6780	5.0020	16.2398	8.3168	13.6047	10.3328	10.7930	12.8688	7.8539	14.7574	4.7974	16.3826	1.7947	16.8300	-1.3042	17.4247	-4.1696	16.6821	-7.1613	16.4120	-9.9283	15.3010	-12.6081	13.9914	-14.6543	11.1319	-15.3855	5.5708	-15.8024	0.1301	-15.2241	-6.5129	-15.5969	-10.5930	-15.7652	-14.5560	-16.9621	-16.5426	-17.9903	-18.6463	-18.6430	-21.1128	-19.0939	-23.6534	-19.8922	-25.6229
ab03	1.3349	24/03/2017 14:44:40	Mowie podo teraz	O	61.3186	49.2285	48.2628	75.8475	-27.5558	26.9746	59.1914	-14.6805	*	*	*	*	*	*	*	*	50.1573	-7.0431	46.6961	-8.4345	42.9878	-10.7683	40.4434	-11.1800	39.3520	-8.3491	38.4638	-4.5389	36.7183	-2.5717	34.3797	-2.2813	31.9569	-2.4228	29.5639	-2.6698	27.3187	-2.4124	25.0863	-2.1440	22.8935	-1.5717	20.6724	-1.0740	18.4286	-0.5862	16.1611	0.2347	13.8125	2.0631	11.2986	4.4511	8.6576	6.3091	5.9590	7.4767	3.1646	8.5807	0.2721	9.6257	-2.6114	10.1530	-5.4396	10.1703	-8.2241	9.8691	-10.9905	9.4020	-13.3817	7.8868	-15.3828	5.5647	-17.1683	3.0057	-18.3678	-0.4494	-19.5292	-3.6149	-20.3836	-6.9894	-21.7480	-9.2833	-21.9785	-13.0329	-22.3900	-16.2104	*	*	-23.2798	-21.7785
ab03	1.2321	24/03/2017 14:44:44	Mowie putu teraz	u	73.1999	105.9016	108.6533	83.8912	-14.1004	12.8129	68.6157	-3.6476	*	*	*	*	*	*	*	*	52.4785	-3.1052	48.2404	-5.5927	44.1238	-8.4921	40.5748	-10.8920	43.4933	1.6348	41.1186	2.5501	38.7537	3.4997	36.2832	4.1300	33.8455	4.8594	31.4674	5.8866	29.0228	6.7421	26.6581	8.3141	24.2285	10.0554	21.7495	12.4519	19.0739	13.8727	16.3107	15.5986	13.4550	16.2925	10.5179	17.4512	7.5670	17.7730	4.6045	17.8618	1.6140	17.9178	-1.2887	17.3481	-4.1321	16.5247	-6.7944	15.0820	-9.4683	13.8350	-11.6325	11.2234	-13.7188	8.7463	-15.2759	5.3179	-16.3338	1.2489	-17.5882	-1.9529	-18.6277	-5.2146	-19.4511	-8.5172	-20.0412	-11.8722	-20.6988	-14.8341	-21.2021	-17.7645	-21.9231	-20.2076	-22.9218	-22.1848
ab03	1.3181	24/03/2017 14:44:48	Mowie poto teraz	O	73.6623	29.1721	28.1822	74.7773	-16.9708	16.4883	62.6100	-10.6784	*	*	*	*	*	*	*	*	*	*	51.0990	-0.3323	48.6697	0.6163	46.1494	1.3258	43.4730	1.5861	40.6179	1.2131	37.6792	0.2947	34.9517	-0.3547	32.4634	-0.4698	30.1454	-0.0561	27.8362	0.3673	25.5196	0.7384	23.1950	1.0544	20.8648	1.3412	18.5361	1.8217	16.1838	2.5702	13.7757	3.5268	11.2536	5.1996	8.6338	6.5592	5.9384	7.6350	3.2492	8.0714	0.5501	8.2501	-2.1804	8.3471	-4.7951	7.8338	-7.3877	7.2031	-9.8357	6.1255	-12.1431	4.7283	-14.2555	2.9610	-15.8145	0.1556	-17.2175	-2.6680	-18.5935	-5.2753	-20.2957	-7.1334	-21.4966	-9.6646	-22.6168	-12.1346	-23.8586	-14.2888	*	*	-26.6830	-17.9163
ab03	1.4706	24/03/2017 14:44:52	Mowie pada teraz	a	69.3459	101.6144	100.2892	74.1769	-56.1111	55.4405	62.0496	-11.3345	*	*	*	*	*	*	*	*	*	*	*	*	47.3608	-2.0064	44.6356	-1.9921	41.9863	-1.9982	39.3652	-2.1320	36.8137	-2.2871	34.4721	-1.9701	32.1924	-1.5149	29.9366	-0.9945	27.6605	-0.5764	25.3723	-0.2412	23.0776	0.0320	20.7791	0.2656	18.4730	0.4074	16.1645	0.5818	13.8378	1.0576	11.4045	2.6878	8.8130	4.6748	6.0698	6.6276	3.4088	7.1099	0.6597	7.7075	-1.9670	7.4529	-4.6587	7.3393	-7.1847	6.5560	-9.6056	5.4728	-11.8404	3.9563	-13.7871	1.8791	-15.6070	-0.2813	-17.4062	-2.3040	-18.9955	-4.5619	-20.4793	-6.8327	*	*	*	*	*	*	*	*	-28.7917	-15.5232
ab03	1.2619	24/03/2017 14:44:56	Mowie puku teraz	u	57.8781	8.8811	7.9250	83.0139	38.4227	38.5253	61.3788	-12.1198	*	*	*	*	*	*	*	*	45.4156	-15.0873	43.3427	-14.6054	41.5224	-13.7044	39.5898	-13.0508	37.7607	-12.1852	35.9580	-11.2299	34.1357	-10.2750	32.0928	-9.9836	30.3488	-8.6235	28.5532	-7.2131	26.9162	-4.5751	25.0044	-2.6891	22.9729	-0.8802	20.9053	1.8503	18.6275	3.8701	16.2224	6.5333	13.6414	8.8715	10.8514	11.8978	7.9095	14.1734	4.9967	14.8546	1.9055	16.1624	-1.2095	16.9564	-4.3476	17.4279	-7.1359	16.3198	-9.9364	15.3271	-12.5362	13.7875	-15.0617	12.1707	-17.1505	9.6475	-18.0153	4.7890	-18.4552	-0.2808	-17.3397	-7.5003	-17.3414	-11.9736	-17.2463	-16.1115	-18.7946	-17.5143	-20.0094	-19.3251	*	*	-20.8004	-24.5923
ab03	0.7441	24/03/2017 14:45:04	Mowie paga teraz	a	72.6975	-29.6734	28.1448	75.9563	13.3095	13.4602	62.7491	-10.5156	*	*	*	*	*	*	*	*	*	*	*	*	*	*	45.6611	0.2556	43.3487	1.2863	41.1389	2.6043	38.8497	3.7858	36.4469	4.6812	33.9780	5.3701	31.4871	5.9754	28.9755	6.4880	26.4428	6.8812	23.8994	7.1894	21.3482	7.4123	18.7957	7.6378	16.2350	7.8206	13.6619	8.0561	11.0594	8.4342	8.4109	8.9018	5.7414	9.1450	3.0943	9.0040	0.5156	8.4209	-2.0126	7.6442	-4.4928	6.7376	-6.9468	5.7976	-9.3027	4.6135	-11.4772	3.0301	-13.3333	0.8308	-15.0924	-1.3645	-16.7140	-3.6391	-18.2464	-5.8913	-19.5517	-8.3523	-20.9087	-10.5563	-20.9614	-14.4646	-21.0013	-18.0273	-20.8598	-21.5027	-22.3096	-22.8795
ab03	1.3320	24/03/2017 14:45:08	Mowie pata teraz	a	75.9837	97.3999	99.0007	72.1505	-35.2258	35.4405	64.2997	-8.7004	*	*	*	*	*	*	*	*	*	*	*	*	*	*	47.3516	3.9605	44.8396	4.8807	42.0189	4.9539	38.8300	3.7272	35.6846	2.1137	32.8545	1.0383	30.2536	0.4304	27.8725	0.5625	25.5226	0.7590	23.1916	1.0249	20.8558	1.2285	18.5168	1.3887	16.1746	1.6255	13.8072	2.2755	11.3736	3.2008	8.8808	3.9628	6.3443	4.5233	3.7262	5.1991	1.1214	5.4233	-1.4084	5.1124	-3.7562	4.0671	-6.1373	3.2175	-8.4270	2.1288	-10.5904	0.7688	-12.6128	-0.8333	-14.6699	-2.2541	-16.7735	-3.5244	-18.7953	-4.9172	-20.6433	-6.5639	-22.0417	-8.8378	-23.1866	-11.3326	-24.2059	-13.8345	-25.2949	-16.1010	-26.7258	-17.8677
ab03	1.1199	24/03/2017 14:45:12	Mowie pudu teraz	u	76.2508	107.5133	108.8881	82.4623	-16.8947	15.8989	66.3154	-6.3406	*	*	*	*	*	*	*	*	*	*	*	*	50.0153	3.3123	47.5387	4.3707	44.9627	5.1774	41.7516	4.2403	38.4784	2.6784	35.6617	2.0367	33.1438	2.1537	30.7181	2.5183	28.2703	2.6995	25.8310	2.8105	23.4116	2.9410	21.0046	3.0973	18.6705	4.8344	16.2283	7.1335	13.6045	10.3430	10.8364	12.1475	7.9564	13.6801	5.0085	14.7644	2.0117	15.5231	-0.9582	15.7130	-3.9034	15.5663	-6.8430	15.2580	-9.6578	14.4389	-12.0928	12.5296	-14.1890	9.9452	-14.7970	4.2117	-14.8634	-1.8467	-15.1366	-6.6817	-17.0604	-7.9960	-17.7133	-11.3643	-17.8770	-15.1549	-17.2377	-19.7056	-18.4635	-21.3477	-18.7510	-24.0710	-19.8693	-25.6489
ab03	0.8564	24/03/2017 14:45:16	Mowie pogo teraz	O	58.4594	-60.7576	62.0487	79.7229	80.4821	80.6781	58.8202	-15.1150	*	*	*	*	*	*	*	*	*	*	*	*	41.0706	-14.6097	39.4598	-13.3356	37.8273	-12.0247	36.0058	-11.1020	34.2622	-9.8977	32.5290	-8.5143	30.6806	-7.3440	28.7641	-6.2649	26.7536	-5.4482	24.6944	-4.7520	22.5921	-4.1970	20.4546	-3.8104	18.3048	-3.3620	16.1385	-2.0841	13.8458	0.7385	11.2936	4.5336	8.4652	8.3310	5.4750	11.1877	2.3860	13.2690	-0.6341	14.1091	-3.5815	14.2178	-6.3602	13.5077	-9.1044	12.6750	-11.7553	11.5718	-14.3804	10.4335	-16.8805	9.0240	*	*	*	*	-21.7621	0.3475	-22.5735	-3.4016	-23.2913	-6.9424	-24.3837	-9.6477	-26.1004	-11.3557	-26.8673	-14.1859	-27.9732	-16.4522
ab03	1.5471	24/03/2017 14:46:18	Mowie paka teraz	a	63.0656	27.0435	25.9834	80.8215	115.1163	116.2009	64.6155	-8.3306	*	*	*	*	*	*	*	*	47.7855	-11.0667	45.3566	-10.8994	43.4030	-9.9364	41.4355	-9.0056	39.5078	-7.9734	37.6467	-6.7206	35.6343	-5.8050	33.6431	-4.7622	31.5224	-4.0983	29.4110	-3.3572	27.3351	-2.3243	25.2615	-0.9784	23.2072	1.1605	21.0297	3.4130	18.7296	6.1584	16.2440	8.7470	13.5584	12.1750	10.6795	14.7588	7.7465	15.8864	4.9478	15.2298	2.2175	14.2842	-0.4588	13.2417	-2.9608	11.6170	-5.2909	9.6313	-7.5633	7.7628	-9.9868	6.5543	-12.3406	5.2320	-14.4337	3.3724	-16.2618	1.0973	-17.7233	-1.6924	-19.2909	-4.0378	-20.8527	-6.2209	-22.6849	-7.8622	-24.6598	-9.2592	-26.8993	-10.3104	*	*	-30.7860	-13.2600
ab03	1.1515	24/03/2017 14:46:22	Mowie poko teraz	O	57.2358	46.1724	44.5147	81.1475	51.8916	51.7382	56.1614	-18.2277	*	*	*	*	*	*	46.9407	-16.5125	45.0430	-15.7195	43.2353	-14.8031	41.3638	-14.0223	39.4248	-13.4123	37.3884	-13.0829	35.4391	-12.6152	33.6383	-11.7587	32.0309	-10.1921	30.4324	-8.3011	28.6390	-6.8276	26.6839	-5.8230	24.6716	-4.9032	22.6987	-3.2685	20.6550	-1.2935	18.5246	1.5645	16.2002	4.2495	13.6812	7.2871	10.9576	10.1279	8.0724	12.4608	5.1466	13.7057	2.3067	13.7467	-0.4803	13.3485	-3.3644	13.3082	-6.2669	13.1696	-9.1500	12.8202	-11.8064	11.7170	-14.3292	10.3029	-16.7218	8.6574	-18.6796	6.1876	-20.0320	2.7605	-20.5571	-1.7908	-21.1720	-5.6977	-21.6224	-9.4738	-22.2272	-12.6829	*	*	*	*	-23.3356	-21.7151
ab03	1.1446	24/03/2017 14:46:26	Mowie pugu teraz	u	72.9345	-39.5869	40.3044	73.9976	-11.9646	12.7885	62.5199	-10.7839	*	*	*	*	*	*	52.7160	-7.4521	50.6817	-6.1534	44.5784	-12.3314	42.7257	-11.2935	40.9806	-10.0026	39.1225	-8.9022	37.2219	-7.8548	35.3453	-6.6669	33.5826	-4.9658	31.8715	-2.7523	30.1836	0.1156	28.2497	2.5890	26.1518	4.9452	23.8687	6.9215	21.4724	8.9725	18.9773	11.7085	16.2915	13.6252	13.4635	15.9537	10.5579	16.7841	7.6136	17.2841	4.5915	17.9612	1.6582	17.6516	-1.3219	17.5125	-4.2179	16.8843	-7.0181	15.8929	-9.7357	14.6871	-12.2226	12.8978	-14.6280	11.0649	-16.6405	8.4697	-17.9067	4.5604	-19.1638	1.0860	-19.9131	-2.9336	-20.5481	-6.7199	-20.9405	-10.5081	*	*	*	*	*	*	-26.9969	-17.5600
ab03	1.2853	24/03/2017 14:46:30	Mowie podo teraz	O	73.1339	111.4134	113.1053	77.0116	-23.9365	23.4276	67.5837	-4.8558	*	*	*	*	*	*	*	*	53.2722	-1.7587	50.9809	-0.5496	48.6998	0.6765	46.3789	1.8286	43.4772	1.5962	40.2788	0.3077	37.1271	-1.3521	34.4590	-2.0142	32.0903	-1.9084	29.8057	-1.5830	27.5349	-1.2510	25.2689	-0.9296	23.0419	-0.2796	20.7870	0.3646	18.5219	1.5034	16.1848	2.6724	13.7501	4.5467	11.1961	6.1577	8.4995	7.9711	5.7465	9.1062	2.9117	10.1033	0.0446	10.7512	-2.8365	11.0961	-5.6004	10.7530	-8.2200	9.8560	-10.6414	8.4115	-13.0097	6.9381	-15.1605	5.0513	-16.7641	2.1549	-18.0121	-1.1354	-18.8319	-4.8523	-20.6503	-6.5525	-22.6562	-7.9058	-24.2002	-9.9060	*	*	*	*	-26.4156	-18.2198
ab03	1.2280	24/03/2017 14:46:34	Mowie putu teraz	u	73.6368	-50.2252	50.0808	76.9280	-19.7617	20.7573	63.9276	-9.1359	*	*	*	*	*	*	55.5248	-3.0456	53.2842	-1.7383	50.9595	-0.5890	48.5625	0.4015	46.0580	1.1254	43.4779	1.5979	40.8432	1.8145	38.2779	2.0803	35.7881	2.4623	33.3661	3.0109	30.9424	3.5267	28.5065	3.9683	26.0598	4.3330	23.6074	4.6457	21.1534	4.9662	18.7072	5.6548	16.2259	6.8965	13.6592	8.1645	11.0248	9.0097	8.3673	9.3605	5.6620	9.7543	2.9625	9.7975	0.3527	9.2267	-2.1119	8.0600	-4.5871	7.0796	-7.0995	6.2844	-9.4449	5.0168	-11.3013	2.5817	-12.7366	-0.5474	-13.8369	-4.0078	-15.1375	-6.6800	-16.6372	-8.7470	-18.5871	-9.9327	*	*	*	*	*	*	*	*	-28.9866	-15.3020
ab03	1.1190	24/03/2017 14:46:38	Mowie poto teraz	O	74.2764	-62.7556	62.5465	72.3149	-18.2829	18.7717	64.2518	-8.7564	*	*	*	*	*	*	55.9499	-2.3787	53.6401	-1.1346	51.2244	-0.1016	48.8342	0.9459	46.4107	1.8985	43.8434	2.4790	41.0853	2.4610	38.3008	2.1488	35.6315	1.9348	33.1006	1.9870	30.6705	2.3045	28.2798	2.7508	25.8839	3.1624	23.4851	3.5806	21.0749	3.9800	18.6528	4.4363	16.2067	4.9239	13.7310	5.3057	11.2315	5.5679	8.7293	5.5556	6.2170	5.4992	3.6970	5.3747	1.0912	5.5726	-1.5157	5.5620	-4.0674	5.1955	-6.3646	3.9417	-8.5121	2.3702	-10.5697	0.7161	-12.5285	-1.0279	-14.2562	-3.1250	-15.7472	-5.5039	-17.2689	-7.6259	-19.1447	-9.0191	-20.9839	-10.4424	*	*	*	*	*	*	-26.4089	-18.2274
ab03	1.1603	24/03/2017 14:46:42	Mowie pada teraz	a	72.2077	-14.5341	15.8223	71.6237	17.6094	17.6569	63.4879	-9.6507	*	*	*	*	*	*	54.9280	-3.9819	53.2065	-1.8701	50.7657	-0.9456	48.1394	-0.4462	45.5416	-0.0063	43.0541	0.5762	40.3123	0.3971	37.9089	0.9798	35.3431	0.9637	32.9165	1.2772	30.5327	1.6853	28.2164	2.4101	25.7979	2.5904	23.4381	3.1715	21.0877	4.1408	18.6598	4.5937	16.2128	5.5481	13.7067	6.2731	11.1485	6.9502	8.5401	7.5438	5.9238	7.7467	3.2404	8.1243	0.6181	7.9135	-2.0325	7.7275	-4.5454	6.9284	-7.0376	6.0871	-9.2872	4.5692	-11.6826	3.5539	-13.3829	0.9454	-15.0959	-1.3572	-16.3539	-4.3338	-17.7696	-6.7373	-18.4492	-10.1587	-19.6673	-12.4393	-20.6234	-14.9403	-18.7733	-20.9423	-20.2004	-22.3058	-21.6794	-23.5947
ab03	1.0005	24/03/2017 14:46:46	Mowie puku teraz	u	57.8209	17.3076	16.5511	83.6989	33.9413	34.5821	62.0371	-11.3491	*	*	*	*	*	*	*	*	*	*	45.3848	-10.8476	41.6253	-13.4982	39.5867	-13.0575	37.7390	-12.2376	35.8831	-11.4298	33.9778	-10.7461	32.3467	-9.1283	30.6397	-7.5016	28.8524	-5.8683	26.8724	-4.8102	24.9245	-3.2207	22.8888	-1.6126	20.8768	1.4923	18.6574	4.5408	16.2382	8.1590	13.6068	10.2495	10.8361	12.1523	7.9159	14.1059	4.8861	15.7028	1.8345	16.5900	-1.1180	16.5033	-4.0027	15.9828	-6.9054	15.4843	-9.7294	14.6672	-12.3892	13.3704	-14.6782	11.1928	-16.6688	8.5350	-17.4949	3.6934	-18.1094	-0.9476	-18.4442	-5.5403	-19.8109	-7.9276	-19.9220	-12.0530	*	*	*	*	*	*	-19.6563	-25.8906
ab03	1.3258	24/03/2017 14:46:50	Mowie paga teraz	a	63.5023	32.2502	32.1159	80.7870	85.2196	85.8131	66.6409	-5.9596	*	*	*	*	*	*	50.0424	-11.6464	47.8586	-10.9428	45.8075	-10.0697	43.7790	-9.1830	41.7252	-8.3707	39.9225	-6.9737	37.9761	-5.8411	35.9588	-4.8372	33.7985	-4.2387	31.7401	-3.2587	29.7048	-2.0363	27.6570	-0.5951	25.5410	0.8812	23.3863	2.7200	21.1314	4.6900	18.7784	7.2508	16.2600	10.3946	13.5426	12.8041	10.7215	14.0605	7.9246	14.0143	5.0458	14.4780	2.0711	15.1655	-0.7415	14.6407	-3.3754	13.3541	-5.8475	11.6490	-8.5324	10.8517	-10.9196	9.2007	-13.1093	7.1920	-14.9198	4.4952	-16.4206	1.4317	-17.7674	-1.6073	-19.1135	-4.3526	-20.7406	-6.4046	-21.7367	-9.3005	-22.7164	-11.9944	-22.9541	-15.4723	*	*	-23.5225	-21.5030
ab03	1.3380	24/03/2017 14:46:54	Mowie pata teraz	a	73.4834	-58.5472	58.6702	71.5185	8.9000	8.4293	62.9397	-10.2925	*	*	*	*	*	*	55.7528	-2.6880	53.6627	-1.0963	51.3730	0.1719	48.7790	0.8352	46.1129	1.2456	43.4851	1.6152	40.9088	1.9897	38.3356	2.2526	35.7939	2.4818	33.2900	2.7175	30.8197	2.9751	28.3738	3.2556	25.9437	3.5607	23.5223	3.9051	21.0927	4.2039	18.6518	4.4146	16.2038	4.6208	13.7424	4.8542	11.2605	5.0850	8.7698	5.1293	6.2836	4.9885	3.8117	4.6842	1.3572	4.2567	-1.0365	3.5544	-3.3847	2.7206	-5.6706	1.7298	-7.9773	0.8528	-10.0862	-0.5169	-11.9856	-2.2819	-13.4448	-4.8333	-14.9627	-7.0171	-16.5880	-8.8343	-18.6851	-9.7722	-20.1586	-11.6942	*	*	*	*	-23.9750	-17.7086	-26.2594	-18.3970
ab03	1.1820	24/03/2017 14:46:58	Mowie pudu teraz	u	72.1886	97.8813	99.3881	82.9111	-24.5476	23.4795	62.5202	-10.7836	*	*	*	*	*	*	*	*	*	*	51.5244	0.4505	48.8841	1.0459	46.2685	1.5868	43.0970	0.6795	40.0978	-0.1757	37.4010	-0.5353	35.1843	0.4289	32.8921	1.1830	30.5614	1.8139	28.1813	2.2216	25.7636	2.3621	23.3651	2.5357	21.0063	3.1191	18.7245	6.0424	16.2489	9.2530	13.5554	12.2951	10.7338	13.8557	7.8295	15.0142	4.8561	15.9327	1.9509	15.8892	-0.9451	15.6479	-3.7440	14.8985	-6.4372	13.7867	-9.0200	12.4060	-11.4543	10.7179	-13.5052	8.2017	-14.3971	3.2880	-14.8678	-1.8374	-15.3423	-6.2849	-16.8424	-8.3827	-17.1701	-12.2543	-17.6624	-15.4803	-17.5283	-19.2965	-18.7646	-20.9538	*	*	-19.5159	-26.0499
ab03	1.1845	24/03/2017 14:47:02	Mowie pogo teraz	O	55.8985	23.5473	20.7750	81.5601	45.4225	45.4758	61.2154	-12.3111	*	*	*	*	*	*	*	*	*	*	45.1690	-11.2447	40.7315	-15.2892	38.1866	-16.1262	36.5874	-15.0140	35.7027	-11.9115	34.4618	-9.3024	33.0874	-6.6338	31.0681	-5.8498	29.0757	-4.8643	27.0029	-4.1091	24.9264	-3.2080	22.8636	-1.8320	20.7147	-0.5432	18.5011	1.0378	16.1906	3.2629	13.6952	6.7312	10.9767	9.8103	8.0541	12.6532	5.1575	13.6222	2.1720	14.5577	-0.6953	14.4121	-3.5862	14.2373	-6.4004	13.6535	-9.1251	12.7410	-11.7379	11.5225	-14.0985	9.7146	-15.9426	6.8577	-17.3975	3.4884	-18.3163	-0.5486	-19.0172	-4.5234	-18.9752	-9.2968	-19.0736	-13.3399	-19.5124	-16.5039	-20.7158	-18.4008	*	*	-21.2033	-24.1350
ab03	1.6618	24/03/2017 14:47:20	Mowie paka teraz	a	75.3444	41.3378	43.5033	74.8756	-77.6783	78.7371	63.3612	-9.7990	*	*	*	*	*	*	*	*	54.9129	1.0248	52.4606	2.1732	49.9543	3.1901	47.2697	3.7811	44.4987	4.0589	41.5502	3.7025	38.5570	2.9130	35.6999	2.1654	33.1230	2.0734	30.7192	2.5233	28.3269	3.0038	25.9190	3.3962	23.4969	3.6839	21.0681	3.8954	18.6429	4.2148	16.2065	4.8962	13.7183	5.8124	11.1682	6.6222	8.5909	7.0103	5.9744	7.3589	3.2938	7.8025	0.5845	8.0800	-2.0222	7.6843	-4.4219	6.4808	-6.6999	5.0106	-8.9476	3.6059	*	*	*	*	*	*	*	*	*	*	*	*	*	*	*	*	*	*	*	*	-34.1512	-9.4409
ab03	1.2891	24/03/2017 14:47:24	Mowie poko teraz	O	63.3796	16.7448	15.7607	80.7531	50.6533	50.5702	64.1081	-8.9246	*	*	*	*	*	*	*	*	*	*	*	*	*	*	42.8175	-5.9767	39.9582	-6.8876	36.7829	-9.0271	34.3296	-9.6968	32.5700	-8.3762	30.8428	-6.7184	28.8065	-6.0744	26.7650	-5.3871	24.6926	-4.7640	22.6012	-4.1173	20.5133	-3.0730	18.3867	-1.5257	16.1685	0.9976	13.7716	3.6892	11.1377	7.1296	8.3065	10.0002	5.3027	12.5090	2.3301	13.6058	-0.6015	13.9479	-3.4395	13.6227	-6.2383	13.0659	-8.9718	12.2523	-11.6523	11.2796	-14.2428	10.0825	-16.6637	8.5232	*	*	*	*	-20.7852	-1.3861	-20.9975	-5.9836	-21.1550	-10.1827	-21.6526	-13.4918	-22.3335	-16.2842	*	*	-25.5867	-19.1604
ab03	1.0820	24/03/2017 14:47:28	Mowie pugu teraz	u	58.5465	11.2853	11.1630	83.5230	38.7680	39.2295	61.2998	-12.2122	*	*	*	*	*	*	*	*	*	*	44.8083	-11.9084	42.2662	-12.2141	40.0272	-12.0920	37.9880	-11.6374	36.0336	-11.0279	34.1231	-10.3127	32.4689	-8.7167	30.8386	-6.7348	29.1220	-4.6564	27.1237	-3.4600	25.0124	-2.6361	22.8643	-1.8263	20.6776	-1.0095	18.5087	1.2069	16.1979	4.0139	13.6538	8.3775	10.8681	11.6194	7.8728	14.5588	4.8524	15.9610	1.8195	16.6805	-1.1518	16.6708	-4.0270	16.0846	-6.8824	15.4007	-9.6612	14.4496	-12.1566	12.7104	-14.5742	10.9275	*	*	-17.5728	3.8573	-18.6812	0.1552	-18.6406	-5.1918	-18.8037	-9.5779	-18.7659	-13.8066	*	*	*	*	*	*	-21.9349	-23.3047
ab03	1.1962	24/03/2017 14:47:32	Mowie podo teraz	O	71.8581	12.9112	11.5555	72.2980	37.5671	36.6486	63.5454	-9.5834	*	*	*	*	*	*	*	*	52.8264	-2.5150	50.4929	-1.4477	47.9850	-0.7557	45.4514	-0.2042	42.9693	0.3718	40.5579	1.0527	38.1852	1.8039	35.7860	2.4553	33.3943	3.1197	30.9770	3.6822	28.5431	4.1649	26.0970	4.5805	23.6395	4.9258	21.1718	5.1974	18.6991	5.4750	16.2154	5.8179	13.7082	6.2131	11.1788	6.4452	8.6367	6.5288	6.1348	6.1289	3.6816	5.4676	1.3939	4.0749	-0.8634	2.8292	-3.0797	1.6146	-5.4048	0.8827	-7.6349	-0.1186	-9.6293	-1.6820	-11.4121	-3.6065	-13.0486	-5.6673	-14.8020	-7.3270	-16.5919	-8.8273	-18.3943	-10.2487	*	*	*	*	-21.3760	-17.5370	-22.2313	-19.8323	-23.5661	-21.4536
ab03	0.5164	24/03/2017 14:47:40	Mowie putu teraz	u	78.2910	-10.5637	9.0179	77.5436	-42.8442	42.5481	66.3888	-6.2547	*	*	*	*	*	*	*	*	55.6781	2.3228	53.2035	3.5404	50.7173	4.7190	48.1651	5.7436	45.5789	6.6629	42.5950	6.4924	39.3730	5.3467	36.1000	3.5130	33.2411	2.5289	30.6921	2.4016	28.2874	2.7916	25.8902	3.2046	23.4809	3.5446	21.0619	3.8176	18.6388	4.1231	16.2129	5.5568	13.6846	7.1533	11.0403	8.7521	8.3450	9.5948	5.5812	10.3735	2.7345	11.1706	-0.0089	11.0157	-2.4872	9.6328	-4.7996	7.8501	-7.1027	6.2947	*	*	*	*	*	*	*	*	*	*	*	*	*	*	*	*	*	*	*	*	*	*	-33.4539	-10.2322
ab03	1.3968	24/03/2017 14:47:45	Mowie poto teraz	O	75.6708	53.1631	56.0905	78.7440	-29.8491	29.7033	59.4872	-14.3343	*	*	*	*	58.8121	-2.8433	56.9713	-0.7764	54.6834	0.6355	52.4524	2.1582	49.8940	3.0694	47.4526	4.1819	44.8978	5.0210	41.7848	4.3288	38.7914	3.6120	35.5091	1.5226	32.6976	0.4330	30.1613	0.0155	27.7304	-0.2011	25.4433	0.2313	23.1675	0.8147	20.8802	1.5345	18.5932	3.1022	16.2030	4.5367	13.6994	6.5649	11.0968	7.8106	8.3745	9.2848	5.5636	10.5088	2.6418	11.7290	-0.2315	12.1170	-3.0999	12.1998	-5.8518	11.6645	-8.6188	11.1270	-11.1618	9.8879	*	*	*	*	*	*	*	*	*	*	*	*	*	*	*	*	*	*	*	*	-31.3797	-12.5862
ab03	1.2827	24/03/2017 14:47:49	Mowie pada teraz	a	71.9062	-18.9362	20.4105	72.5681	9.3769	9.3307	62.6070	-10.6820	*	*	*	*	*	*	55.4517	-3.1603	53.1581	-1.9523	50.6576	-1.1446	48.0149	-0.6957	45.4164	-0.2807	43.0101	0.4700	40.6155	1.2066	38.2180	1.9018	35.7929	2.4787	33.3532	2.9609	30.9257	3.4518	28.4948	3.9054	26.0507	4.2723	23.5923	4.5146	21.1324	4.7021	18.6784	5.0094	16.2127	5.5320	13.7132	6.0136	11.1848	6.3447	8.6589	6.2957	6.1289	6.1745	3.6315	5.7692	1.1950	5.0592	-1.1505	4.0321	-3.4237	2.8618	-5.6747	1.7429	-7.8642	0.5320	-9.9415	-0.8858	*	*	*	*	*	*	*	*	*	*	*	*	*	*	*	*	*	*	-26.9425	-17.6218
ab03	1.2459	24/03/2017 14:47:54	Mowie puku teraz	u	73.1317	-70.6433	71.2185	74.2909	-49.2426	50.2370	63.5155	-9.6184	*	*	*	*	*	*	*	*	53.3064	-1.7006	*	*	48.5293	0.3349	46.0679	1.1471	43.3133	1.2009	40.7319	1.5174	37.9742	1.1745	35.4939	1.4715	33.1250	2.0812	30.7602	2.7077	28.3731	3.2516	25.9628	3.6878	23.5380	4.0415	21.0999	4.2938	18.6651	4.7133	16.2111	5.3763	13.7091	6.1795	11.1629	6.7101	8.6038	6.8740	6.0215	6.9981	3.4358	6.9477	0.8187	6.9213	-1.6118	5.9649	-3.9468	4.7584	-6.1544	3.2719	-8.4789	2.2759	*	*	*	*	*	*	*	*	*	*	*	*	*	*	*	*	*	*	*	*	-33.4299	-10.2595
ab03	1.2529	24/03/2017 14:47:58	Mowie paga teraz	a	72.3223	-39.2577	40.5886	71.1250	4.8911	4.7788	63.3557	-9.8054	*	*	*	*	*	*	55.8098	-2.5985	53.4534	-1.4513	50.9874	-0.5377	48.4424	0.1608	45.8414	0.6508	43.2672	1.0899	40.7713	1.6226	38.3059	2.1640	35.8508	2.6735	33.4094	3.1776	30.9741	3.6694	28.5372	4.1335	26.0915	4.5439	23.6361	4.8956	21.1684	5.1541	18.6931	5.3400	16.2120	5.4634	13.7232	5.6182	11.2261	5.6572	8.7305	5.5426	6.2540	5.2154	3.8260	4.5976	1.4918	3.5905	-0.7702	2.4385	-2.9970	1.3147	-5.1929	0.2072	-7.3699	-0.8706	-9.5399	-1.9100	*	*	*	*	*	*	*	*	*	*	*	*	*	*	*	*	*	*	-28.3316	-16.0454
ab03	1.5719	24/03/2017 14:48:02	Mowie pata teraz	a	72.5059	7.7003	6.3163	72.8486	38.8725	38.0118	62.6778	-10.5991	*	*	*	*	*	*	55.3990	-3.2430	53.1543	-1.9588	50.7474	-0.9793	48.2168	-0.2913	45.6945	0.3288	43.2259	0.9904	40.7857	1.6612	38.3745	2.3685	35.9667	3.0641	33.5553	3.7402	31.1197	4.3239	28.6698	4.8455	26.2043	5.2947	23.7232	5.6543	21.2286	5.9107	18.7288	6.1390	16.2222	6.5104	13.6922	6.8507	11.1446	7.0153	8.6015	6.8988	6.0786	6.5602	3.6265	5.7993	1.2435	4.8189	-1.0697	3.6934	-3.3856	2.7237	-5.6069	1.5267	-7.7322	0.1575	-9.6057	-1.7421	-11.2923	-3.8833	-12.9139	-5.9510	-14.7162	-7.4925	-16.6963	-8.6420	*	*	*	*	*	*	*	*	*	*	-26.1665	-18.5024
ab03	1.1048	24/03/2017 14:48:06	Mowie pudu teraz	u	73.7623	-63.9380	64.7318	75.3586	-23.4146	24.7401	66.2424	-6.4261	*	*	*	*	*	*	*	*	*	*	*	*	48.8373	0.9520	46.2418	1.5282	43.6705	2.0620	40.9793	2.1781	38.4221	2.5106	35.8316	2.6091	33.3243	2.8498	30.8759	3.2280	28.4505	3.6676	26.0351	4.1688	23.6018	4.5973	21.1507	4.9325	18.6892	5.2513	16.2150	5.7750	13.6999	6.5439	11.1284	7.2840	8.5277	7.6741	5.9099	7.8535	3.1515	8.6597	0.6155	7.9264	-1.7632	6.5993	-3.8595	4.4417	-6.0496	2.9379	-8.2107	1.5152	-9.9531	-0.8564	-11.9696	-2.3189	*	*	*	*	*	*	*	*	*	*	*	*	*	*	*	*	-32.5959	-11.2060
ab03	1.2662	24/03/2017 14:48:10	Mowie pogo teraz	O	55.9452	73.4087	71.4397	81.0568	49.0515	48.5536	59.4128	-14.4213	*	*	*	*	*	*	*	*	*	*	*	*	41.7284	-13.2917	38.7325	-14.9298	36.7693	-14.5754	35.3642	-12.8153	34.1818	-10.1376	32.7348	-7.8213	31.0549	-5.9008	29.1172	-4.6778	27.1326	-3.4126	24.9712	-2.9099	22.8564	-1.8948	20.6950	-0.7913	18.5049	1.1229	16.1968	3.9070	13.6929	6.8240	10.9887	9.6109	8.2180	10.9297	5.3407	12.2175	2.3577	13.4395	-0.6767	14.3202	-3.6702	14.5894	-6.4848	13.9594	-9.1583	12.8469	-11.6911	11.3897	-14.2158	10.0136	*	*	*	*	*	*	*	*	*	*	*	*	*	*	*	*	*	*	-25.4609	-19.3033
ab03	1.8109	24/03/2017 14:48:33	Mowie paka teraz	a	63.7095	-2.6658	3.7990	81.7130	85.4605	86.6188	61.3373	-12.1684	*	*	*	*	*	*	*	*	48.4789	-9.8905	46.5330	-8.7346	44.2365	-8.2663	42.0201	-7.7242	39.8002	-7.2685	37.6967	-6.5871	35.7902	-5.3400	33.8885	-3.9356	31.8103	-2.9880	29.6774	-2.1595	27.4871	-1.5082	25.4216	0.0865	23.2519	1.5493	21.0710	3.9316	18.6926	5.3284	16.2310	7.4159	13.6382	9.0009	10.8452	12.0000	7.8538	14.7581	4.8193	16.2148	2.0903	15.0498	-0.3907	12.9052	-2.8581	11.1870	-5.3972	10.0166	-7.8374	8.6366	-10.1053	6.8905	-12.3063	5.1444	-14.4463	3.4016	-16.2154	0.9997	-17.9530	-1.2494	-19.5475	-3.5824	-20.9202	-6.1103	-21.4260	-9.7717	-21.4461	-13.7823	-22.0371	-16.6721	*	*	-24.8436	-20.0038
ab03	1.2488	24/03/2017 14:48:38	Mowie poko teraz	O	76.5451	-55.9581	55.0593	76.4091	-23.4664	24.7005	65.7134	-7.0453	*	*	*	*	*	*	*	*	*	*	52.5881	2.4079	50.3780	4.0391	47.8842	5.1279	44.9889	5.2404	41.9120	4.6684	38.9621	4.1211	36.1698	3.7480	33.5796	3.8339	31.0848	4.1668	28.6334	4.6504	26.1733	5.0882	23.6954	5.4122	21.2063	5.6308	18.7133	5.7919	16.2193	6.2126	13.6952	6.7307	11.1307	7.2458	8.5349	7.5992	5.8982	7.9428	3.1679	8.5605	0.4697	8.6477	-2.0660	7.8677	-4.3466	6.2075	-6.5652	4.5813	*	*	*	*	*	*	*	*	*	*	*	*	*	*	*	*	*	*	-20.4545	-18.7427	-23.0598	-18.8232	-25.6762	-19.0588
ab03	1.4203	24/03/2017 14:48:43	Mowie pugu teraz	u	60.5008	27.2403	26.0158	83.9469	26.2232	26.7582	64.3928	-8.5913	*	*	*	*	*	*	*	*	*	*	45.6973	-10.2725	42.7975	-11.1495	40.6815	-10.6581	38.7809	-9.7257	36.7364	-9.1512	34.9138	-7.9541	33.1859	-6.3020	31.4704	-4.2985	29.5109	-2.9082	27.4071	-1.9378	25.2529	-1.0355	23.0457	-0.2466	20.8231	0.8177	18.6201	3.7035	16.2325	7.5686	13.5836	11.1735	10.7705	13.2436	7.8548	14.7479	4.8213	16.1996	1.7659	17.0031	-1.2519	17.1662	-4.1733	16.6976	-6.9919	15.7977	-9.6999	14.5732	-12.2244	12.9028	-14.3012	10.2315	*	*	*	*	*	*	*	*	*	*	-17.2365	-16.1264	-18.6193	-17.7610	-20.1873	-19.0923	*	*	-20.9581	-24.4133
ab03	1.1680	24/03/2017 14:48:47	Mowie podo teraz	O	77.8147	115.4802	118.3452	79.0389	-14.1577	13.6578	65.3329	-7.4907	*	*	*	*	*	*	*	*	54.7750	0.7908	52.6769	2.5713	50.7648	4.8141	48.5199	6.5210	45.6355	6.7993	42.1628	5.3382	38.4269	2.5248	35.1681	0.3742	32.5412	-0.1698	30.2448	0.3909	27.9072	0.7492	25.5317	0.8192	23.2070	1.1589	20.9151	1.9735	18.5916	3.0659	16.2013	4.3685	13.7141	5.9795	11.0865	7.9824	8.3307	9.7452	5.4915	11.0612	2.6103	11.9184	-0.2872	12.3930	-3.1228	12.2960	-5.9234	11.9243	-8.6700	11.2902	-11.3209	10.3393	-13.5912	8.4210	-15.4658	5.7563	-16.6163	1.8437	-17.7566	-1.6283	-19.0052	-4.5447	-20.1153	-7.4290	-20.2209	-11.5996	-19.9880	-15.8346	*	*	*	*	-21.6392	-23.6404
ab03	1.2656	24/03/2017 14:48:51	Mowie putu teraz	u	78.7978	8.6054	9.3956	79.9547	-49.1473	48.2899	66.4078	-6.2325	*	*	*	*	*	*	58.3419	1.3738	55.8524	2.6185	53.3542	3.8176	50.7830	4.8507	48.2015	5.8233	45.5890	6.6873	42.8868	7.2714	39.6962	6.3108	36.5689	5.0923	33.6360	4.0515	31.1592	4.5014	28.7007	5.0119	26.2226	5.4159	23.7330	5.7403	21.2355	5.9970	18.7410	6.4132	16.2305	7.3644	13.6422	8.8404	10.9182	10.7852	8.0840	12.3389	5.1671	13.5484	2.3033	13.7672	-0.4597	13.2463	-3.0865	12.1438	-5.6325	10.8696	-7.9494	8.9935	-10.0806	6.8204	-12.0750	4.5547	*	*	*	*	*	*	*	*	*	*	*	*	*	*	*	*	*	*	-33.8485	-9.7845
ab03	1.4095	24/03/2017 14:48:55	Mowie poto teraz	O	75.6725	-59.8032	59.4051	74.2092	7.8362	7.3048	64.4819	-8.4871	*	*	*	*	*	*	*	*	*	*	*	*	49.6353	2.5511	47.2126	3.6559	44.6679	4.4666	41.8727	4.5636	38.9928	4.2128	36.1655	3.7334	33.5045	3.5446	30.9480	3.5519	28.4417	3.6202	26.0027	3.9532	23.5570	4.2068	21.1182	4.5244	18.6732	4.8930	16.2108	5.3387	13.7174	5.8474	11.1834	6.3687	8.6200	6.7039	5.9885	7.2511	3.3650	7.3737	0.7630	7.1965	-1.7581	6.5778	-4.3083	6.0688	-6.7736	5.2455	*	*	*	*	*	*	*	*	*	*	*	*	*	*	*	*	*	*	*	*	*	*	-33.3873	-10.3079
ab03	1.4455	24/03/2017 14:49:00	Mowie pada teraz	a	75.9607	-43.9825	43.8256	72.0886	13.2951	12.8785	66.6047	-6.0019	*	*	*	*	*	*	*	*	54.8753	0.9610	52.4185	2.0958	49.8845	3.0503	47.3134	3.8767	44.6418	4.4037	41.8429	4.4840	38.9781	4.1690	36.1698	3.7480	33.5390	3.6775	31.0215	3.8824	28.5785	4.3554	26.1300	4.8004	23.6811	5.2880	21.2117	5.6989	18.7240	6.0318	16.2197	6.2505	13.7045	6.3618	11.1836	6.3649	8.6718	6.1593	6.1718	5.8453	3.6673	5.5533	1.2273	4.8993	-1.1797	4.1542	-3.5216	3.2166	-5.9112	2.4965	-8.1300	1.2861	-10.1982	-0.2312	-11.9665	-2.3262	-13.6239	-4.4562	-15.1895	-6.5796	-16.9307	-8.2260	-18.7481	-9.6690	-19.8883	-12.1041	-20.5236	-15.0808	-20.9453	-18.1006	*	*	-23.4633	-21.5702
ab03	1.2867	24/03/2017 14:49:04	Mowie puku teraz	u	60.1677	31.8457	30.5928	84.8585	24.3435	24.9083	61.9851	-11.4100	*	*	*	*	*	*	*	*	*	*	*	*	43.4790	-9.7842	40.5768	-10.8876	38.4519	-10.5190	36.4788	-9.8392	34.4877	-9.2251	32.7323	-7.8296	30.9586	-6.2719	29.1616	-4.4782	27.1954	-3.0751	25.1407	-1.7824	23.0077	-0.5769	20.9185	2.0163	18.6727	4.8829	16.2469	9.0432	13.5761	11.4721	10.7353	13.8305	7.7922	15.4066	4.7463	16.7742	1.6455	17.7285	-1.3737	17.7689	-4.3295	17.3517	-7.1998	16.5514	-9.8574	15.0751	-12.3466	13.2494	-14.3227	10.2863	-16.0536	7.1140	-16.0582	0.6687	-15.7621	-5.4751	-15.2858	-11.1451	-15.9544	-14.2461	-16.7516	-16.8619	-17.6884	-19.0713	-19.0403	-20.5931	-19.5308	-23.1213	-20.2534	-25.2130
ab03	1.2940	24/03/2017 14:49:08	Mowie paga teraz	a	76.9126	-57.0676	57.0263	73.1084	18.0111	17.4200	65.8872	-6.8419	*	*	*	*	*	*	*	*	54.9763	1.1323	52.5762	2.3859	50.1407	3.5636	47.5735	4.4469	44.9411	5.1253	42.2038	5.4478	39.3143	5.1716	36.4508	4.6944	33.7166	4.3622	31.2064	4.7136	28.7315	5.1770	26.2426	5.5491	23.7453	5.8470	21.2432	6.0942	18.7344	6.2653	16.2207	6.3552	13.7039	6.3871	11.1804	6.4194	8.6561	6.3251	6.0501	6.7789	3.4295	6.9854	1.0017	6.0158	-1.2105	4.2833	-3.2606	2.2707	-5.4868	1.1440	-7.6569	-0.0563	-9.4922	-2.0316	*	*	-12.8474	-6.0909	-14.7813	-7.3669	-16.7542	-8.5392	-18.6226	-9.8746	-19.9566	-12.0004	-20.5900	-14.9873	-21.3142	-17.6180	-22.8376	-19.0938	-24.6931	-20.1746
ab03	1.2154	24/03/2017 14:49:13	Mowie pata teraz	a	76.1759	-37.9517	38.3591	73.7954	12.2513	11.8027	*	*	*	*	*	*	*	*	*	*	*	*	52.4768	2.2030	49.9475	3.1766	47.3963	4.0586	44.6989	4.5413	41.9235	4.6994	39.0873	4.4946	36.3870	4.4794	33.8088	4.7176	31.3110	5.1835	28.8187	5.6457	26.3206	6.0681	23.8118	6.4260	21.2937	6.7284	18.7635	6.9173	16.2272	7.0242	13.6825	7.2374	11.1181	7.4568	8.5398	7.5473	5.8856	8.0397	3.3982	7.1741	0.9649	6.1975	-1.2436	4.4219	-3.6308	3.6127	-6.0006	2.7816	-8.3214	1.8292	-9.9835	-0.7788	-11.4210	-3.5862	-12.7509	-6.2942	-14.8037	-7.3237	-16.7931	-8.4703	-18.5235	-10.0369	-19.2161	-13.1237	-19.6471	-16.3144	-20.1867	-19.0932	*	*	-24.5379	-20.3507
ab03	1.2074	24/03/2017 14:49:17	Mowie pudu teraz	u	77.1203	-53.3485	53.3325	76.7267	-29.4228	30.3844	66.2959	-6.3635	*	*	*	*	*	*	*	*	*	*	52.5313	2.3034	50.1247	3.5315	47.7138	4.7544	45.1025	5.5144	42.1883	5.4063	39.2342	4.9328	36.4374	4.6493	33.8517	4.8832	31.3689	5.4438	28.8683	5.9124	26.3568	6.3090	23.8317	6.5994	21.3023	6.8363	18.7672	7.0002	16.2333	7.6512	13.6496	8.5480	10.9895	9.5975	8.2878	10.1965	5.5900	10.3062	2.9430	9.9152	0.3143	9.4168	-2.2059	8.4539	-4.6219	7.2056	-6.9342	5.7575	-8.7360	3.0055	*	*	-11.3562	-3.7358	-13.0741	-5.6136	-14.9604	-7.0215	*	*	*	*	*	*	*	*	*	*	*	*	-26.4133	-18.2224
ab03	1.1265	24/03/2017 14:49:21	Mowie pogo teraz	O	58.8613	63.3907	61.4509	82.9225	33.6170	33.5558	61.1608	-12.3750	*	*	*	*	*	*	*	*	*	*	*	*	41.7310	-13.2864	39.2267	-13.8465	37.8593	-11.9476	36.6631	-9.3469	35.6239	-5.8359	34.0206	-3.4907	32.1518	-1.6715	29.9353	-1.0005	27.7595	-0.0447	25.5524	0.9567	23.3122	2.0751	21.0509	3.6792	18.7271	6.1022	16.2535	9.7206	13.5530	12.3913	10.7048	14.3383	7.8053	15.2689	4.8801	15.7486	1.9525	15.8794	-0.8791	15.3213	-3.6792	14.6270	-6.4090	13.6844	-9.1084	12.6877	-11.7565	11.5753	-13.9574	9.3547	-15.8516	6.6474	-17.4465	3.5914	-18.4475	-0.2956	-19.1439	-4.2987	-18.8891	-9.4379	-19.2181	-13.1206	-19.4491	-16.5931	-20.5769	-18.5826	*	*	-21.2532	-24.0784
ab03	1.5356	24/03/2017 14:50:29	Mowie paka teraz	a	74.3151	-42.5050	42.8635	76.8376	-13.7923	13.0139	63.9623	-9.0953	*	*	*	*	*	*	*	*	*	*	*	*	*	*	46.2701	1.5902	43.6643	2.0472	41.0485	2.3629	38.5771	2.9728	36.1473	3.6723	33.7077	4.3280	31.2515	4.9162	28.7808	5.4423	26.2870	5.8444	23.7796	6.1458	21.2646	6.3621	18.7457	6.5185	16.2244	6.7351	13.6763	7.4851	11.0572	8.4710	8.3677	9.3566	5.5451	10.6501	2.8618	10.4038	*	*	*	*	*	*	*	*	*	*	*	*	*	*	*	*	*	*	*	*	*	*	-20.7019	-10.8701	*	*	*	*	*	*	-25.6161	-19.1270
ab03	0.9227	24/03/2017 14:50:35	Mowie poko teraz	O	80.3190	-12.4194	12.2820	79.1517	7.6013	7.8159	68.0703	-4.2862	*	*	*	*	*	*	*	*	*	*	54.2595	5.4837	51.5434	6.3742	48.9037	7.3622	46.2737	8.3380	43.6831	9.3976	40.6499	9.1557	37.5775	8.4892	34.5248	7.4785	31.7927	7.3489	29.1122	7.2226	26.4993	7.2572	23.9358	7.5060	21.3818	7.8352	18.8150	8.0709	16.2399	8.3250	13.6209	9.6883	10.8992	11.1005	8.0664	12.5234	5.2844	12.6492	2.5181	12.4737	-0.1335	11.6323	-2.7421	10.7008	-5.2216	9.3800	-7.1209	6.3526	-8.7895	3.1572	-10.3126	0.0605	-12.2930	-1.5720	-14.2128	-3.2164	-16.2408	-4.5518	*	*	*	*	*	*	*	*	*	*	*	*	-27.1557	-17.3799
ab03	1.4783	24/03/2017 14:50:39	Mowie pugu teraz	u	68.1304	21.5515	22.2225	75.3614	-35.8753	37.3302	52.7236	-22.2523	*	*	*	*	*	*	*	*	*	*	*	*	*	*	41.7998	-8.2071	41.6626	-2.7786	40.8979	1.9606	38.5792	2.9791	36.0885	3.4743	33.5810	3.8394	31.0812	4.1509	28.5995	4.4681	26.1318	4.8120	23.6647	5.1447	21.1856	5.3701	18.7035	5.5732	16.2179	6.0660	13.6931	6.8160	11.1116	7.5650	8.4820	8.1547	5.8037	8.6677	3.1999	8.3678	0.6332	7.8388	*	*	*	*	*	*	*	*	*	*	*	*	*	*	*	*	*	*	*	*	*	*	*	*	*	*	*	*	-33.6549	-10.0041
ab03	1.0264	24/03/2017 14:50:43	Mowie podo teraz	O	76.0193	97.2193	98.5992	78.8943	-43.1963	42.7227	68.2910	-4.0278	*	*	*	*	*	*	*	*	*	*	*	*	49.2131	1.7051	47.3206	3.8927	44.7266	4.6081	41.2828	2.9885	37.9334	1.0528	35.1458	0.2993	32.6667	0.3139	30.2705	0.5066	27.9188	0.8113	25.5713	1.0830	23.2365	1.4158	20.8912	1.6732	18.5490	2.1104	16.1858	2.7728	13.7487	4.6035	11.1718	6.5620	8.4055	8.9588	5.5751	10.4201	2.5676	12.1756	-0.3530	12.7186	-3.1834	12.5497	-5.7752	11.3867	-8.4428	10.5663	-11.1245	9.7823	-13.2739	7.6117	-15.1672	5.0667	*	*	-17.4647	-2.1912	-18.6061	-5.2529	*	*	*	*	*	*	*	*	*	*	-21.1754	-24.1667
ab03	1.2201	24/03/2017 14:50:47	Mowie putu teraz	u	75.8867	-52.4403	53.1282	80.5527	9.0526	8.7804	65.4594	-7.3427	*	*	*	*	*	*	*	*	*	*	51.7258	0.8211	49.3971	2.0737	47.0342	3.2649	44.6731	4.4792	41.9769	4.8419	39.2498	4.9795	36.4838	4.8056	33.9461	5.2473	31.4331	5.7326	28.9389	6.2915	26.4263	6.7713	23.8954	7.1540	21.3511	7.4494	18.8295	8.3971	16.2521	9.5775	13.5913	10.8647	10.8292	12.2666	7.9925	13.3002	5.1067	14.0113	2.3192	13.6712	*	*	*	*	*	*	*	*	*	*	*	*	*	*	*	*	*	*	*	*	*	*	*	*	*	*	*	*	*	*	-37.5021	-5.6381
ab03	1.2368	24/03/2017 14:50:51	Mowie poto teraz	O	76.2479	-59.5889	60.0592	76.3180	28.4747	27.7067	65.8682	-6.8641	*	*	*	*	*	*	*	*	*	*	*	*	49.6576	2.5956	47.2003	3.6290	44.5930	4.2860	41.8653	4.5439	39.0814	4.4771	36.4165	4.5788	33.8130	4.7339	31.2453	4.8885	28.7092	5.0573	26.1973	5.2476	23.7023	5.4728	21.2058	5.6244	18.7145	5.8186	16.2233	6.6270	13.6711	7.6894	11.0459	8.6581	8.4007	9.0091	5.6643	9.7361	3.0800	9.0902	0.4656	8.6681	*	*	*	*	*	*	*	*	*	*	*	*	*	*	*	*	*	*	*	*	*	*	*	*	*	*	*	*	-34.3834	-9.1774
ab03	1.5030	24/03/2017 14:50:56	Mowie pada teraz	a	76.5591	-60.5967	61.1800	73.8127	53.3843	52.6937	67.8624	-4.5296	*	*	*	*	*	*	*	*	*	*	*	*	50.2631	3.8088	47.5139	4.3163	44.8118	4.8137	42.1486	5.3002	39.3767	5.3578	36.6434	5.3430	33.9221	5.1548	31.3110	5.1836	28.7496	5.2745	26.2331	5.4858	23.7350	5.7569	21.2389	6.0398	18.7364	6.3098	16.2264	6.9470	13.6721	7.6503	11.0289	8.9418	8.3529	9.5124	5.7965	8.7231	3.4865	6.6424	1.2947	4.5659	-1.0158	3.4678	-3.3849	2.7211	-5.5991	1.5017	*	*	*	*	*	*	*	*	*	*	*	*	*	*	*	*	*	*	*	*	*	*	-29.7792	-14.4025
ab03	1.3094	24/03/2017 14:51:00	Mowie puku teraz	u	62.0943	33.9241	32.7669	85.8257	19.0491	19.2694	67.8512	-4.5427	*	*	*	*	*	*	*	*	*	*	*	*	44.0830	-8.5739	41.5798	-8.6893	39.2669	-8.5542	37.2191	-7.8625	35.1708	-7.1875	33.2610	-6.0491	31.3322	-4.8314	29.3547	-3.6100	27.2839	-2.5998	25.1679	-1.6015	23.0489	-0.2186	20.8158	0.7263	18.5271	1.6202	16.2013	4.3699	13.6860	7.0984	10.8852	11.3338	7.9069	14.2003	*	*	*	*	*	*	*	*	*	*	*	*	*	*	*	*	*	*	*	*	*	*	*	*	*	*	*	*	*	*	*	*	*	*	-24.4449	-20.4563
ab03	1.4726	24/03/2017 14:51:05	Mowie paga teraz	a	67.0608	47.0154	46.2791	81.9048	68.5112	69.4450	60.8145	-12.7804	*	*	*	*	*	*	*	*	*	*	47.8397	-6.3300	45.4799	-5.7750	43.1820	-5.1778	41.0945	-4.1482	39.1222	-2.7806	37.0771	-1.5014	34.9420	-0.3874	32.9487	1.4012	30.8723	3.2115	28.5928	4.4320	26.2163	5.3741	23.8717	6.9478	21.5084	9.4240	18.9820	11.8136	16.3020	14.7016	13.4345	17.1051	10.4731	18.1956	7.5557	17.8921	4.8053	16.3224	2.0739	15.1488	-0.5582	13.7336	-3.3202	13.1227	-6.0450	12.3651	-8.4425	10.5652	-10.2167	7.2065	*	*	*	*	*	*	*	*	*	*	*	*	*	*	*	*	*	*	*	*	-26.4479	-18.1831
ab03	1.1413	24/03/2017 14:51:09	Mowie pata teraz	a	78.4888	49.8602	50.7123	76.0878	-20.0539	19.6756	66.4549	-6.1773	*	*	*	*	*	*	*	*	*	*	*	*	51.1450	5.5758	48.6136	6.7264	45.9611	7.5844	43.0173	7.6200	40.0057	7.2342	36.8946	6.1892	33.9519	5.2696	31.1846	4.6155	28.5977	4.4583	26.1243	4.7624	23.6510	5.0257	21.1722	5.2022	18.6953	5.3892	16.2164	5.9106	13.6805	7.3159	11.0466	8.6462	8.3348	9.7025	5.6891	9.5462	3.0438	9.3080	0.4696	8.6484	*	*	*	*	*	*	*	*	*	*	*	*	*	*	*	*	*	*	*	*	*	*	*	*	*	*	*	*	-34.1246	-9.4711
ab03	1.1557	24/03/2017 14:51:13	Mowie pudu teraz	u	78.5129	56.7281	57.7747	84.4713	-16.9630	16.1103	73.5074	2.0790	*	*	*	*	*	*	*	*	*	*	52.1516	1.6046	49.9156	3.1126	48.0392	5.4676	45.4599	6.3760	42.3344	5.7965	39.0196	4.2929	36.2136	3.8954	33.7638	4.5443	31.2519	4.9181	28.7637	5.3502	26.2695	5.7280	23.7583	5.9603	21.2461	6.1298	18.7831	7.3570	16.2485	9.2072	13.5489	12.5555	10.6553	15.1627	7.6164	17.2544	4.6247	17.7064	1.6206	17.8780	-1.3614	17.7080	-4.3079	17.2615	-7.1204	16.2635	-9.8109	14.9270	-12.1292	12.6326	*	*	*	*	*	*	*	*	*	*	*	*	*	*	*	*	*	*	*	*	-19.2101	-26.3970
ab03	1.2706	24/03/2017 14:51:17	Mowie pogo teraz	O	59.5239	65.7110	64.0513	82.6620	47.6786	47.3171	67.4264	-5.0400	*	*	*	*	*	*	*	*	*	*	*	*	43.1576	-10.4281	40.1178	-11.8935	37.9549	-11.7170	36.1332	-10.7620	34.6714	-8.6771	33.1212	-6.5199	31.3837	-4.6329	29.3000	-3.8560	27.1833	-3.1400	25.0073	-2.6700	22.9264	-1.2854	20.7676	0.1208	18.5602	2.3623	16.2039	4.6350	13.6680	7.8120	10.9408	10.4090	8.0272	12.9353	5.0411	14.5140	1.9872	15.6709	-0.9270	15.5584	-3.7496	14.9220	-6.5537	14.2091	-9.2925	13.2747	-11.9188	12.0357	-14.1108	9.7460	*	*	*	*	*	*	*	*	*	*	*	*	*	*	-19.4867	-20.0090	*	*	-20.6057	-24.8131
ab03	1.7215	24/03/2017 14:51:43	Mowie paka teraz	a	67.3189	26.1028	25.9285	83.1199	70.7199	71.9792	66.9048	-5.6506	*	*	*	*	*	*	*	*	*	*	53.4660	4.0234	49.1131	1.5047	43.2564	-5.0147	41.4508	-3.2891	39.5413	-1.6617	37.5880	0.0226	35.7192	2.2304	33.6122	3.9596	31.2759	5.0258	29.0423	6.8472	26.7056	8.6297	24.2617	10.3448	21.6971	11.7949	19.0463	13.2535	16.3030	14.8057	13.4671	15.8110	10.5221	17.3808	7.5542	17.9085	4.6448	17.5527	1.8020	16.7859	-0.9789	15.8152	-3.5074	13.9073	-6.0153	12.2574	-8.3933	10.4084	-9.5637	5.3539	-11.6654	3.5101	-13.7992	1.9071	-15.4166	-0.6821	-17.3535	-2.4058	-18.8019	-4.9056	-20.6391	-6.5708	-22.1036	-8.7439	*	*	*	*	*	*	-34.0408	-9.5662
ab03	1.3092	24/03/2017 14:51:47	Mowie poko teraz	O	58.8333	49.8163	48.2745	82.6844	61.7502	62.3042	65.5798	-7.2018	*	*	*	*	*	*	*	*	*	*	*	*	42.4582	-11.8295	39.7460	-12.7085	37.8831	-11.8902	36.3522	-10.1770	34.7237	-8.5211	32.9819	-6.9891	31.0302	-5.9960	29.0778	-4.8547	27.2223	-2.9304	25.1573	-1.6716	23.0042	-0.6079	20.7166	-0.5194	18.4899	0.7873	16.1988	4.1112	13.6599	8.1361	10.7962	12.8154	7.7823	15.5102	4.7167	17.0012	1.8010	16.7918	-0.9665	15.7542	-3.6693	14.5855	-6.3340	13.4128	-9.0729	12.5747	-11.7171	11.4636	-14.0134	9.4976	*	*	*	*	*	*	*	*	*	*	*	*	*	*	*	*	*	*	-24.2638	-20.6617
ab03	1.1266	24/03/2017 14:51:51	Mowie pugu teraz	u	79.9696	-1.5296	1.2825	79.7369	-75.5362	75.3368	66.8933	-5.6641	*	*	*	*	*	*	*	*	*	*	54.0521	5.1019	51.5070	6.3013	48.9026	7.3599	46.1410	8.0181	43.1440	7.9582	39.7182	6.3766	36.4801	4.7929	33.5098	3.5650	30.9800	3.6957	28.5059	3.9650	26.0662	4.3757	23.6200	4.7553	21.1702	5.1774	18.7342	6.2613	16.2348	7.8062	13.6195	9.7420	10.9068	10.9742	8.1453	11.6941	5.3421	12.2064	2.5229	12.4449	-0.3115	12.5129	-3.0589	12.0280	*	*	*	*	*	*	*	*	*	*	*	*	*	*	*	*	*	*	*	*	*	*	*	*	*	*	-37.3467	-5.8145
ab03	0.9602	24/03/2017 14:51:55	Mowie podo teraz	O	77.6437	-57.9559	57.1732	73.5792	-9.1278	9.5528	66.0721	-6.6254	*	*	*	*	*	*	*	*	*	*	52.8882	2.9601	50.4698	4.2231	48.0746	5.5452	45.4666	6.3922	42.3973	5.9644	39.2403	4.9511	36.1955	3.8346	33.4945	3.5059	30.8723	3.2118	28.3481	3.1174	25.8927	3.2209	23.4784	3.5228	21.0698	3.9159	18.6450	4.2615	16.2042	4.6640	13.7259	5.5097	11.1795	6.4341	8.5872	7.0494	6.0152	7.0458	3.4357	6.9482	0.9133	6.4530	-1.5642	5.7656	-3.9567	4.7941	-6.3613	3.9314	-8.7486	3.0413	*	*	*	*	*	*	*	*	*	*	*	*	*	*	*	*	*	*	*	*	-33.7413	-9.9061
ab03	1.1659	24/03/2017 14:51:59	Mowie putu teraz	u	78.7456	36.2133	35.7994	81.4890	-27.4341	26.3736	65.8294	-6.9096	*	*	*	*	*	*	*	*	*	*	53.9598	4.9322	51.2893	5.8650	48.5041	6.4864	45.8158	7.2341	42.5518	6.3768	39.2683	5.0346	36.0790	3.4422	33.4036	3.1554	30.9539	3.5785	28.5331	4.1113	26.1012	4.6085	23.6463	4.9848	21.2026	5.5843	18.7608	6.8566	16.2446	8.8081	13.5925	10.8179	10.7893	12.9319	7.9044	14.2265	4.9862	14.9352	2.1555	14.6572	-0.6544	14.2095	-3.3624	13.2996	-5.9952	12.1845	*	*	*	*	*	*	*	*	*	*	*	*	*	*	*	*	*	*	*	*	*	*	*	*	-38.3383	-4.6892
ab03	1.3117	24/03/2017 14:52:03	Mowie poto teraz	O	78.5695	-40.8264	40.0826	74.9318	-13.5891	13.6375	66.8766	-5.6836	*	*	*	*	*	*	*	*	*	*	54.0314	5.0639	51.4150	6.1168	48.5699	6.6307	45.6463	6.8253	42.6197	6.5583	39.5140	5.7674	36.3495	4.3532	33.4157	3.2019	30.7623	2.7171	28.3202	2.9675	25.9000	3.2700	23.4866	3.5939	21.0680	3.8939	18.6390	4.1282	16.2021	4.4436	13.7391	4.9847	11.1951	6.1739	8.5516	7.4226	5.8472	8.3343	3.1970	8.3858	0.6335	7.8372	-1.8550	6.9840	-4.3333	6.1593	*	*	*	*	*	*	*	*	*	*	*	*	*	*	*	*	*	*	*	*	*	*	*	*	-34.6039	-8.9272
ab03	1.3885	24/03/2017 14:52:08	Mowie pada teraz	a	77.3536	-34.4632	33.9978	72.8231	8.5110	8.2458	66.2652	-6.3993	*	*	*	*	*	*	58.1141	1.0164	55.6696	2.3084	53.1867	3.5095	50.5974	4.4787	47.9336	5.2360	45.2000	5.7494	42.3447	5.8239	39.4705	5.6377	36.6074	5.2218	33.8652	4.9352	31.2408	4.8681	28.6751	4.8741	26.1609	5.0057	23.6704	5.1950	21.1974	5.5192	18.7145	5.8190	16.2194	6.2210	13.7001	6.5379	11.1608	6.7447	8.5564	7.3726	6.0280	6.9479	3.5439	6.2968	1.2534	4.7704	-1.1066	3.8481	-3.4219	2.8555	-5.7677	2.0393	-8.1248	1.2714	*	*	*	*	*	*	*	*	*	*	*	*	*	*	*	*	*	*	*	*	-30.7098	-13.3465
ab03	1.1325	24/03/2017 14:52:12	Mowie puku teraz	u	60.9659	6.1854	5.8360	84.6601	26.6090	26.1827	58.3057	-15.7174	*	*	*	*	*	*	*	*	45.1459	-15.5449	42.8452	-15.5210	41.6028	-13.5434	40.3135	-11.4645	38.9062	-9.4237	36.6217	-9.4574	34.9033	-7.9853	33.1130	-6.5475	31.4793	-4.2643	29.3840	-3.4783	27.3495	-2.2470	25.2204	-1.2522	23.0499	-0.2092	20.8866	1.6160	18.6547	4.4803	16.2414	8.4822	13.5679	11.7978	10.7025	14.3763	7.7424	15.9299	4.7467	16.7712	1.7280	17.2315	-1.2637	17.2243	-4.2430	16.9894	-7.0862	16.1396	-9.6719	14.4837	*	*	*	*	*	*	*	*	*	*	*	*	*	*	*	*	*	*	*	*	*	*	-26.1881	-18.4779
ab03	1.4266	24/03/2017 14:52:16	Mowie paga teraz	a	69.3536	20.5240	20.4588	83.9361	44.6231	46.5120	66.8780	-5.6820	*	*	*	*	*	*	*	*	53.8920	-0.7072	51.5987	0.5872	49.3192	1.9176	44.1304	-3.0994	42.1833	-1.5233	40.2015	0.1013	38.0977	1.5429	36.1093	3.5443	33.9563	5.2866	31.8058	7.4079	29.5936	9.8085	27.1502	11.5881	24.5908	13.2112	21.9579	15.0694	19.2158	17.0523	16.3385	18.4561	13.3749	19.4792	10.3776	19.7869	7.3895	19.6396	4.4427	19.1017	1.6075	17.9573	-1.1691	16.7563	-3.8569	15.3716	-6.3907	13.6181	-8.9081	12.0491	-8.7989	3.1838	*	*	*	*	*	*	*	*	*	*	*	*	*	*	*	*	*	*	*	*	-32.9129	-10.8462
ab03	1.4659	24/03/2017 14:52:20	Mowie pata teraz	a	76.3120	-50.4015	50.4791	73.8501	14.3839	13.5898	65.0617	-7.8083	*	*	*	*	*	*	*	*	*	*	*	*	49.9238	3.1291	47.2754	3.7936	44.6088	4.3243	41.9310	4.7192	39.2570	5.0009	36.5651	5.0795	33.9296	5.1835	31.2998	5.1332	28.7313	5.1762	26.1978	5.2511	23.7256	5.6756	21.2414	6.0714	18.7411	6.4144	16.2231	6.6063	13.6908	6.9051	11.1383	7.1200	8.4683	8.2983	5.9000	7.9294	3.3839	7.2603	1.1511	5.2763	-1.2081	4.2732	-3.6323	3.6179	-6.3337	3.8435	-9.2022	4.3280	*	*	*	*	*	*	*	*	*	*	*	*	*	*	*	*	*	*	*	*	-34.0819	-9.5196
ab03	1.2636	24/03/2017 14:52:24	Mowie pudu teraz	u	78.3395	55.0959	56.9353	83.5692	-27.8051	27.1002	65.3444	-7.4774	*	*	*	*	*	*	*	*	*	*	53.0775	3.3084	50.5562	4.3962	48.1277	5.6615	44.9451	5.1349	41.8972	4.6289	38.7845	3.5916	36.3058	4.2061	33.7816	4.6129	31.3002	5.1349	28.8113	5.6060	26.3147	6.0291	23.8128	6.4346	21.3554	7.5037	18.8846	9.6303	16.2748	11.9105	13.5106	14.0785	10.6413	15.3955	7.7019	16.3550	4.7339	16.8698	1.7851	16.8877	-1.1680	16.7511	-3.9919	15.9374	-6.7276	14.8397	-9.3106	13.3323	-11.3335	10.3751	-12.2293	4.9481	*	*	*	*	*	*	-15.3096	-11.1029	*	*	-18.2891	-14.5298	-20.2038	-15.5309	-22.2511	-16.3920	*	*	-25.9197	-18.7825
ab03	1.1257	24/03/2017 14:52:28	Mowie pogo teraz	O	76.7337	0.0000	0.0000	76.6316	0.0000	0.0000	*	*	*	*	*	*	*	*	*	*	*	*	*	*	*	*	*	*	*	*	*	*	*	*	*	*	*	*	*	*	*	*	*	*	*	*	*	*	*	*	*	*	*	*	*	*	*	*	*	*	*	*	*	*	*	*	*	*	*	*	*	*	*	*	*	*	*	*	*	*	*	*	*	*	*	*	*	*	*	*	*	*	*	*
