ps02	1.4124	07/02/2017 16:21:26	Mowie pata teraz	a	60.0937	110.1540	110.8916	56.7427	-50.2694	51.1570	46.6061	-12.2569	46.7041	-9.1917	47.3403	-5.1189	47.3814	-1.4553	45.8046	0.0902	42.9834	-0.3936	40.2249	-1.0360	37.7001	-1.5082	35.8562	-0.7632	34.0014	-0.0629	32.1029	0.5092	30.2320	1.1314	28.3513	1.7205	26.5008	2.4319	24.5833	2.9129	22.6473	3.3169	20.6921	3.6128	18.7283	3.8297	16.7569	3.9499	14.7954	4.2298	12.8195	4.3574	10.8368	4.4275	8.8486	4.4591	6.8351	4.6375	4.8030	4.7581	2.7799	4.6647	0.7821	4.3592	-1.2049	3.9789	-3.1628	3.4712	-5.0455	2.7156	-6.8035	1.6411	-8.5269	0.5615	-10.2320	-0.4963	-11.9206	-1.5404	-13.2611	-3.2193	-14.4427	-5.0543	-15.3717	-7.1627	-16.4359	-8.9033	-18.2330	-9.5195	-20.7495	-9.2663	-23.5806	-8.8263	-25.6285	-9.4909
ps02	1.4281	07/02/2017 16:21:33	Mowie puku teraz	u	50.9298	-50.9682	51.5087	69.3427	38.2960	38.9777	47.7144	-10.9742	45.7887	-10.3296	44.0223	-9.5538	41.8421	-9.4284	39.9479	-9.0058	37.9970	-8.7706	36.3077	-8.1759	34.7625	-7.3394	33.8605	-5.0976	32.9238	-2.6378	31.9875	0.2036	30.5127	1.9613	29.2374	4.6793	27.7021	7.0247	25.9962	9.2105	24.1154	11.1374	22.1104	12.9710	20.0295	15.0661	17.7337	16.1115	15.3772	17.1489	12.9481	17.3844	10.5049	17.5656	8.0481	17.6988	5.6024	17.5025	3.2070	16.9028	0.9071	15.8567	-1.2642	14.4053	-3.2855	12.6277	-5.2018	10.8041	-7.0677	9.1086	-8.3363	5.9537	-9.2758	2.4553	-9.9588	-1.1218	-10.9654	-3.5338	-11.1348	-7.2834	-11.2970	-10.5846	-11.1548	-14.0052	-11.7889	-15.8823	-12.0564	-18.1242	-12.4879	-19.9617	-13.1721	-21.3646	-13.9988	-22.5390
ps02	1.2620	07/02/2017 16:21:39	Mowie pogo teraz	O	62.7610	0.0000	0.0000	66.9758	0.0000	0.0000	52.5117	-5.4221	50.4762	-4.5028	48.7117	-3.2859	47.4804	-1.3128	46.1976	0.7005	44.3643	1.9262	42.6373	3.3612	41.0225	5.0872	39.5134	7.1795	37.8418	9.1130	35.9515	10.6957	34.0340	12.3739	31.9648	13.7868	29.7906	15.0094	27.3851	15.4011	25.0355	16.0391	22.6608	16.6021	20.2386	16.8717	17.8111	17.0747	15.3778	17.1618	12.9243	14.9689	10.6562	11.5769	8.6168	8.2933	6.6783	6.2742	4.7912	4.8484	3.3605	1.1950	1.9981	-1.6107	0.8443	-4.5393	-0.3293	-6.7191	-1.3862	-8.8530	-2.4387	-10.6397	-3.2157	-12.8675	-4.2258	-14.2489	-5.2195	-15.5236	-6.1253	-16.8582	-7.0805	-17.9974	-8.0019	-19.1213	-8.8955	-20.2278	-9.8711	-21.1686	-10.7241	-22.2451	-11.8730	-22.9294	-12.7857	-23.9001
ps02	1.4540	07/02/2017 16:21:44	Mowie paka teraz	a	47.9638	-62.1173	62.8961	67.6835	106.4045	108.3292	42.5023	-17.0064	41.0538	-16.2152	39.3288	-15.8272	38.1518	-14.7400	37.2645	-13.1735	36.6033	-11.1121	36.0570	-8.6329	35.7582	-5.3630	35.1260	-2.3490	34.3679	0.8127	32.9350	2.7116	31.3715	4.5008	29.7546	6.4066	28.0870	8.4962	26.3201	10.6540	24.3755	12.5230	22.2507	13.8963	20.0471	15.2184	17.7056	15.7613	15.3334	16.1769	12.9363	16.1832	10.5483	15.8452	8.1953	15.2647	5.9586	13.7854	3.8372	12.1070	1.8335	10.3206	-0.1911	9.1369	-2.0707	7.5780	-3.8975	6.1132	-5.6815	4.7261	-7.4695	3.5150	-9.0235	1.8173	-10.3691	-0.1823	-11.7785	-1.8371	-12.8965	-3.9161	-13.9939	-5.8432	-14.8889	-7.9462	-16.5204	-8.7764	-18.0180	-9.8191	-19.5289	-10.8466	-20.1292	-12.9839	-21.1255	-14.5430
ps02	1.4708	07/02/2017 16:21:50	Mowie poto teraz	O	62.8033	67.3664	69.6771	59.9051	0.6013	0.1293	54.6511	-2.9462	52.8419	-1.5621	50.9163	-0.3393	49.0414	0.9340	47.1375	2.1603	44.8484	2.7394	42.0089	2.2157	39.0577	1.1869	36.4834	0.5989	34.4096	0.9123	32.4922	1.5396	30.5529	2.0803	28.6687	2.7803	26.8491	3.7634	25.0018	4.7779	23.0343	5.3783	20.9794	5.5087	18.9557	5.7933	16.9535	6.3976	14.9284	7.1842	12.8557	8.0270	10.7196	9.0671	8.4818	10.5270	6.2177	11.0805	4.0006	10.8638	1.9074	9.8787	-0.2248	9.3026	-2.3753	8.8441	-4.5065	8.3035	-6.6306	7.7268	-8.2785	5.7910	-9.7027	3.5347	-10.9077	1.0510	-12.2962	-0.7568	-13.1235	-3.4822	-13.6836	-6.3887	-14.3574	-8.8086	-15.6370	-10.1031	-17.4009	-10.6787	-19.1354	-11.3560	-21.7611	-11.0181	-23.5981	-11.7688
ps02	1.4338	07/02/2017 16:21:55	Mowie pugu teraz	u	48.4684	5.6034	5.4364	68.8570	37.6990	38.5692	42.5380	-16.9650	42.5598	-14.3431	42.4273	-11.6857	41.8361	-9.4370	39.8750	-9.1190	37.4020	-9.7703	35.2695	-10.0683	34.0129	-8.8276	33.2596	-6.4025	32.8499	-2.8142	31.9493	0.1025	30.8486	2.9548	29.2100	4.5881	27.5871	6.5852	25.8474	8.5473	24.0807	10.9528	22.0206	12.3783	19.9167	14.0926	17.6590	15.1814	15.3452	16.4382	12.9451	17.0746	10.5078	17.4490	8.0727	17.2912	5.6500	17.0056	3.2406	16.6472	0.8817	16.0083	-1.4084	15.1135	-3.3884	13.0554	-5.2459	10.9627	-6.9931	8.8728	-8.4842	6.3698	-8.7883	1.2225	-8.3287	-4.8543	-8.0086	-9.7037	-8.7686	-11.8058	-9.8437	-13.1394	-10.9364	-14.3596	-12.0340	-15.5142	-13.1974	-16.5347	-13.6301	-18.4830	-14.4868	-19.7808	-15.0969	-21.3069
ps02	1.4765	07/02/2017 16:22:00	Mowie podo teraz	O	62.9372	81.5163	83.7851	62.3487	-10.6087	10.4904	54.8865	-2.6737	53.0391	-1.3171	51.1169	-0.0711	49.2327	1.2093	47.2291	2.3026	44.8314	2.7109	41.7539	1.7510	38.8376	0.7499	36.4027	0.4236	34.6231	1.4226	32.7996	2.3533	30.8561	2.9768	29.0177	3.9456	27.1363	4.8616	25.2616	5.9362	23.2603	6.5825	21.2718	7.4375	19.2580	8.4038	17.1807	9.2265	15.0503	9.8909	12.8777	10.2535	10.6846	10.4524	8.4728	10.6758	6.2426	10.8209	3.9842	10.9883	1.7408	10.8746	-0.4925	10.6170	-2.7362	10.3444	-4.9782	9.9997	-7.0942	9.1925	-8.6644	6.8770	-9.8578	3.9268	-11.0067	1.2777	-12.3261	-0.6944	-13.3919	-2.9693	-13.7435	-6.2834	-14.0361	-9.3299	-14.6297	-11.6159	-15.8050	-12.9020	-17.1275	-13.9554	-18.3135	-15.1711	-19.5063	-16.3597
ps02	1.4403	07/02/2017 16:22:05	Mowie putu teraz	u	64.0161	10.0408	11.1508	66.0693	-2.1610	2.3470	55.2018	-2.3087	53.4500	-0.8063	51.4526	0.3775	49.4226	1.4826	47.2141	2.2792	45.1173	3.1912	43.0146	4.0490	40.7024	4.4517	38.3843	4.7273	36.1013	4.9544	34.0660	5.7052	32.1252	6.7296	30.1680	7.7870	28.1638	8.7900	26.1817	10.0373	24.1485	11.3141	22.0761	12.7442	19.8417	13.4444	17.5535	13.8674	15.2318	13.9211	12.9143	13.9588	10.5974	13.9046	8.2854	13.7741	5.9866	13.4930	3.6949	13.1902	1.4846	12.4052	-0.6919	11.5958	-2.7199	10.2765	-4.7927	9.3328	-6.3412	6.8118	-7.8557	4.6015	-8.4255	0.3052	-9.0974	-3.0941	-9.8840	-5.7903	-11.6672	-6.2656	-13.3610	-6.9558	-14.5723	-8.4599	-15.5294	-10.2648	-16.7637	-11.5663	-18.0534	-12.7567	-18.9064	-14.4569	-20.0131	-15.7911
ps02	1.4244	07/02/2017 16:22:10	Mowie poko teraz	O	48.0504	-29.3152	30.0007	67.0972	86.9149	87.6323	40.9526	-18.7998	39.7217	-17.8711	38.4027	-17.0650	37.3416	-15.9061	37.3479	-13.0440	37.4744	-9.6486	36.9880	-6.9358	35.7549	-5.3695	34.3134	-4.1138	33.3350	-1.6552	32.1647	0.6727	30.7966	2.8009	29.2958	4.8745	27.5024	6.2611	25.6369	7.6091	23.7116	8.9867	21.7869	10.8362	19.7613	12.7508	17.5564	13.9040	15.2580	14.5022	12.9225	14.7882	10.5694	15.0128	8.1994	15.1966	5.8050	15.3878	3.4373	15.1501	1.1714	14.2774	-0.7869	12.0620	-2.5334	9.5011	-4.2507	7.3837	-5.9821	5.6765	-7.3602	3.2075	-8.6349	0.8346	-9.9583	-1.1229	-11.6603	-2.0836	-13.1918	-3.3517	-14.1527	-5.5641	-15.0755	-7.6433	-16.0107	-9.5419	-17.7210	-10.2327	-19.2616	-11.1925	-19.6114	-13.6076	-20.2644	-15.5092
ps02	1.4159	07/02/2017 16:22:16	Mowie pada teraz	a	62.4977	65.9698	68.1313	54.8589	-28.3755	29.4370	55.1328	-2.3886	53.1621	-1.1642	51.1506	-0.0262	49.1003	1.0188	47.0235	1.9832	44.4214	2.0221	41.3433	1.0026	38.4423	-0.0348	35.9877	-0.4777	34.0423	0.0347	32.1483	0.6293	30.2361	1.1437	28.2824	1.4904	26.3021	1.6724	24.3444	1.8481	22.3811	1.8986	20.4359	1.9224	18.5053	1.9038	16.5958	1.9442	14.7180	2.5126	12.8049	2.8841	10.8681	3.1880	8.9440	2.8818	7.0183	2.7258	5.0602	2.8016	3.0976	2.7663	1.1133	2.7332	-0.8128	2.3490	-2.7339	1.9288	-4.5458	1.1357	-6.2827	0.1758	-7.9249	-0.9604	-9.5210	-2.1242	-11.0774	-3.3001	-12.6116	-4.4607	-13.6167	-6.5064	-14.6343	-8.3593	-15.5567	-10.2238	-17.1520	-11.0254	-18.7768	-11.8202	-19.8530	-13.3166	-21.0699	-14.6055
ps02	1.4252	07/02/2017 16:22:21	Mowie pudu teraz	u	62.7275	43.7210	45.2755	65.7645	-18.8377	18.9133	48.7889	-9.7306	47.2959	-8.4560	47.3434	-5.1148	47.1918	-1.7283	46.8219	1.6702	44.7922	2.6451	42.3278	2.7971	39.8515	2.7625	37.5308	2.8737	35.5300	3.5893	33.6164	4.5150	31.7813	5.7128	29.9001	6.8922	27.9803	8.0885	25.9307	8.9186	23.9237	10.1161	21.8395	11.1834	19.7178	12.3744	17.4811	12.9662	15.2104	13.4462	12.9111	13.6339	10.6020	13.7204	8.2949	13.6178	5.9998	13.3551	3.7194	13.0033	1.5038	12.2905	-0.6865	11.5692	-2.7732	10.4981	-4.8117	9.4012	-6.6258	7.7115	-8.2525	5.7180	-8.8939	1.4895	-8.9505	-3.4306	-8.0551	-9.6066	-7.0239	-15.1406	-5.9823	-19.9280	-5.6468	-22.9428	-6.5394	-23.7662	-7.9857	-23.7952	-9.3606	-24.0102	-10.9203	-24.0771	-11.9848	-24.7987
ps02	1.0702	07/02/2017 16:22:26	Mowie paga teraz	a	47.4688	-50.3185	51.7071	67.5251	94.0590	96.5569	41.0414	-18.6971	39.7813	-17.7970	38.4234	-17.0372	37.1976	-16.1134	36.5364	-14.3043	36.1811	-11.8214	35.8865	-8.9437	35.3458	-6.1817	34.7107	-3.2510	33.7542	-0.6537	32.5997	1.8240	31.0571	3.5714	29.6595	6.0889	27.9145	7.8368	26.0099	9.2717	24.1215	11.1699	22.1565	13.2748	20.0691	15.4088	17.7125	15.8472	15.3221	15.9241	12.9328	15.8350	10.5516	15.7162	8.2023	15.1488	5.9076	14.3167	3.6868	13.2513	1.5866	11.7957	-0.2989	9.6664	-2.0065	7.3111	-3.7238	5.4888	-5.5153	4.2007	-7.3430	3.1591	-8.9599	1.6563	-10.5574	0.2489	-11.7468	-1.9032	-13.0383	-3.6451	-14.2786	-5.3427	-15.3219	-7.2435	-16.1900	-9.2727	-17.0850	-11.1188	-19.0748	-11.4343	-21.2182	-11.6720	-23.2012	-12.2142
ps02	1.2509	07/02/2017 16:22:55	Mowie pata teraz	a	62.1765	100.3823	102.0267	58.3207	-40.9200	41.5087	54.4853	-3.1380	52.5948	-1.8693	50.6354	-0.7147	48.7522	0.5178	46.8938	1.7819	44.6294	2.3716	42.2236	2.6072	39.3541	1.7752	36.7804	1.2440	34.4028	0.8960	32.4276	1.3687	30.5147	1.9673	28.5995	2.5494	26.6978	3.1850	24.7750	3.7671	22.8221	4.2481	20.8424	4.6046	18.8568	4.9395	16.8716	5.3786	14.8653	5.7821	12.8395	6.3866	10.7772	6.7859	8.7022	6.8813	6.6538	6.5304	4.6338	6.0460	2.5936	5.7784	0.5538	5.4802	-1.4876	5.1541	-3.3872	4.2780	-5.1806	3.1425	-6.8600	1.8000	-8.6083	0.7675	-10.2971	-0.3471	-11.8611	-1.6647	-13.0474	-3.6276	-14.0240	-5.7902	-14.9246	-7.8883	-16.1921	-9.2695	-18.0913	-9.7169	-19.3311	-11.1026	-19.7195	-13.4775	-19.8342	-15.9919
ps02	1.3256	07/02/2017 16:23:00	Mowie puku teraz	u	67.2676	53.2455	54.3411	69.5103	-14.6679	14.1844	52.4098	-5.5401	51.6417	-3.0541	50.9692	-0.2686	50.1147	2.4788	48.3499	4.0432	46.7699	5.9675	45.2638	8.1487	43.6005	10.2047	41.3833	11.2407	38.0890	9.7036	34.6259	7.1869	31.5146	4.9239	29.2486	4.7169	27.2959	5.4718	25.6111	7.4940	23.8864	9.9179	22.0603	12.6403	19.9496	14.3766	17.7100	15.8169	15.3592	16.7497	12.9466	17.2287	10.4709	18.9084	7.8649	20.7287	5.1522	22.1998	2.8704	19.4640	0.7795	16.6193	-0.9879	13.0486	-3.0509	11.6522	-4.8175	9.4218	-5.5962	4.4567	-5.2730	-2.6651	-4.2985	-10.1295	-4.7079	-13.1450	-6.0473	-13.7963	-8.2468	-12.8032	-10.0724	-12.7375	-11.7332	-13.0667	-11.5241	-16.2801	-10.8561	-19.7964	-10.2651	-22.8394	-10.8810	-24.1244	-11.7497	-25.0624
ps02	1.5996	07/02/2017 16:23:05	Mowie pogo teraz	O	46.4472	-22.4379	23.9676	67.4581	73.9002	75.1892	41.4466	-18.2281	40.4715	-16.9390	39.2483	-15.9347	37.5669	-15.5819	36.5128	-14.3409	35.9941	-12.1355	35.7560	-9.1815	34.9264	-7.0142	33.9712	-4.8571	32.9231	-2.6393	31.7201	-0.5040	30.6313	2.3122	29.1332	4.3315	27.4967	6.2394	25.5289	7.1277	23.6739	8.7855	21.7831	10.8111	19.7447	12.6066	17.5283	13.5542	15.2680	14.7249	12.9320	15.7524	10.5271	16.6846	8.1024	16.8009	5.7179	16.2966	3.3881	15.5244	1.1330	14.5066	-1.1183	13.6891	-3.2685	12.5568	-5.1157	10.4944	-6.8619	8.4581	-8.1207	5.3472	-9.5058	3.0368	-10.7405	0.6681	-12.0941	-1.1784	-13.2516	-3.2374	-13.7577	-6.2584	-14.0350	-9.3317	-14.3595	-12.0218	-15.6669	-13.0944	-17.5494	-13.4092	-18.7901	-14.5970	-19.8773	-15.9435
ps02	1.4156	07/02/2017 16:23:11	Mowie paka teraz	a	54.0343	11.6254	10.8004	69.0514	-66.2373	64.0384	41.1156	-18.6112	39.9262	-17.6169	38.7100	-16.6542	38.3851	-14.4043	38.7979	-10.7920	39.6564	-5.9829	39.9073	-1.6148	40.3330	3.7185	40.0716	8.3919	39.2636	12.5100	37.3578	14.4178	35.1360	15.6324	32.0937	14.2172	28.9172	11.6702	26.0375	9.3944	23.9866	10.4514	22.0555	12.6084	19.9552	14.4245	17.6941	15.6185	15.3401	16.3252	12.9428	16.8430	10.5195	16.9876	8.1137	16.6132	5.7145	16.3321	3.3638	15.7091	1.0671	14.9001	-1.1402	13.7967	-3.0787	11.7681	-4.8005	9.3608	-5.7417	4.9164	-5.7815	-1.2345	-5.5217	-7.0369	-4.9820	-12.5175	-4.7563	-16.4901	-4.5420	-19.8844	-5.0765	-21.5205	-6.6029	-21.3913	-7.2920	-22.6358	-8.1069	-23.6264	-8.1875	-25.5290	-9.7884	-25.4405	-10.9074	-26.0074
ps02	1.3880	07/02/2017 16:23:16	Mowie poto teraz	O	63.0087	88.4018	90.6315	58.0174	-46.1540	46.8082	54.9389	-2.6131	53.1577	-1.1697	51.2772	0.1432	49.4378	1.5045	47.2073	2.2686	44.9230	2.8649	41.9054	2.0273	38.8134	0.7018	35.9107	-0.6449	33.8312	-0.4697	31.9139	0.0089	30.0349	0.5486	28.0674	0.7724	26.2756	1.5708	24.4345	2.2494	22.5575	2.8387	20.6684	3.4564	18.7796	4.2733	16.8477	5.0811	14.8537	5.5240	12.8358	6.0168	10.7864	6.4226	8.7092	6.7660	6.5952	7.1418	4.4480	7.4598	2.2443	7.8653	0.0907	7.7534	-2.0586	7.5277	-4.1981	7.1944	-6.3517	6.8452	-8.1055	5.3044	-9.6298	3.3502	-10.9612	1.1735	-12.4973	-0.3372	-13.2572	-3.2267	-13.6844	-6.3873	-14.5096	-8.5615	-16.1080	-9.3958	-17.9281	-9.9442	-19.3151	-11.1233	-19.7164	-13.4812	-20.5181	-15.2246
ps02	1.3812	07/02/2017 16:23:22	Mowie pugu teraz	u	50.5037	-3.3839	2.1490	69.0015	68.2261	68.5055	44.4551	-14.7463	43.5285	-13.1391	42.9728	-10.9565	41.9854	-9.2221	40.2273	-8.5719	38.4178	-8.0638	36.3842	-8.0365	35.4088	-6.0565	34.3905	-3.9464	33.7683	-0.6199	32.7766	2.2922	31.4176	4.6374	29.7576	6.4167	28.0061	8.1871	26.2430	10.3105	24.3902	12.6015	22.2935	14.1786	20.1070	15.7352	17.7807	16.6962	15.3791	17.1911	12.9442	16.9883	10.5274	16.6747	8.1383	16.2063	5.7788	15.6616	3.4920	14.7340	1.3267	13.3492	-0.6511	11.3952	-2.6772	10.0992	-4.6152	8.6946	-6.5549	7.4873	-8.2402	5.6833	-9.0316	1.8377	-9.6268	-1.8820	-9.9284	-5.6977	-9.8257	-9.7853	-8.9568	-14.6987	-7.8777	-19.3229	-8.1761	-21.3081	-9.1332	-22.1966	-10.3896	-22.6781	-12.5525	-22.1108	-14.2893	-22.2131
ps02	1.4187	07/02/2017 16:23:27	Mowie podo teraz	O	62.5202	89.4799	91.2409	59.7742	-15.4884	15.8902	55.1560	-2.3618	53.2389	-1.0687	51.2223	0.0698	49.3052	1.3136	47.1944	2.2486	44.7624	2.5950	41.3556	1.0250	38.2726	-0.3717	35.6125	-1.2925	34.0285	0.0017	32.3741	1.2269	30.4510	1.7790	28.4235	1.9614	26.4191	2.1195	24.5886	2.9364	22.8435	4.3620	20.9939	5.6040	19.0814	6.8794	17.0214	7.2435	14.9524	7.7172	12.8549	7.9440	10.7408	8.2289	8.5974	8.6136	6.3383	9.8224	4.0652	10.3721	1.7969	10.5391	-0.2904	9.6248	-2.4252	9.0517	-4.5694	8.5297	-6.7046	7.9608	-8.1955	5.5575	-9.5295	3.0967	-10.7378	0.6619	-12.6632	0.0091	-13.5795	-2.6106	-14.1857	-5.5060	-14.4469	-8.6633	-15.9055	-9.6999	-17.5031	-10.5363	-19.1897	-11.2857	-19.9643	-13.1826	-20.9780	-14.7086
ps02	1.3249	07/02/2017 16:23:32	Mowie putu teraz	u	60.9912	92.1337	93.5665	67.3551	-7.1590	7.2399	49.7689	-8.5964	47.9093	-7.6936	46.9741	-5.6085	46.3660	-2.9169	45.6168	-0.2016	43.6774	0.7722	41.6549	1.5707	39.5474	2.1589	37.4701	2.7418	35.4905	3.4949	33.6392	4.5754	31.8300	5.8566	29.8099	6.5913	28.0063	8.1877	26.1088	9.7122	24.3268	12.2638	22.1852	13.4641	19.9929	14.7503	17.6311	14.8336	15.2946	15.3154	12.9266	15.2047	10.5585	15.4417	8.1979	15.2206	5.8548	14.8684	3.5531	14.2686	1.3500	13.2096	-0.8045	12.1483	-3.0269	11.5527	-5.1088	10.4697	-6.8641	8.4648	-8.1833	5.5234	-8.9173	1.5487	-10.0356	-0.9458	-10.5748	-4.3488	-11.5280	-6.5318	-10.5057	-11.9756	-9.1164	-17.3128	-8.0561	-21.4883	-8.5761	-22.9726	-10.0332	-23.1395	-11.0338	-23.9403	-12.0178	-24.7616
ps02	1.2811	07/02/2017 16:23:37	Mowie poko teraz	O	69.2466	-2.7882	1.2540	67.6154	-80.2672	80.1625	58.5879	1.6100	56.5064	2.9930	54.6832	4.6955	52.7638	6.2918	50.7522	7.7742	48.1846	8.3442	45.7354	9.0083	43.5327	10.0701	41.4988	11.4915	39.2967	12.5891	36.0747	11.0216	32.6059	8.1511	29.5543	5.7377	27.2803	5.4122	25.3362	6.2687	23.4095	7.3773	21.5644	9.3686	19.6481	11.7724	17.5751	14.1368	15.3006	15.4485	12.9338	15.9350	10.4948	17.9625	7.9073	20.0267	5.3943	19.6737	3.1423	17.3944	1.0285	15.1313	-1.3179	14.6687	-3.2979	12.6793	-4.7295	9.1055	-4.8484	2.0925	-4.5372	-4.7355	-3.8212	-11.3364	-3.8412	-15.1295	-4.1173	-17.8236	-4.4230	-20.1117	-5.0716	-21.5291	-6.0129	-22.3487	-6.9472	-23.1537	-7.7449	-24.1306	-8.1658	-25.5570	-8.8527	-26.5677	-9.6740	-27.3912
ps02	1.1394	07/02/2017 16:23:42	Mowie pada teraz	a	63.2836	1.4248	1.0151	55.8362	-11.3931	11.2398	50.8813	-7.3091	49.7571	-5.3967	48.9161	-3.0128	47.3357	-1.5211	45.5831	-0.2538	43.7329	0.8654	41.8548	1.9349	39.8504	2.7604	37.3906	2.5692	34.8789	2.0335	32.5035	1.5695	30.5204	1.9842	28.6127	2.5935	26.6835	3.1306	24.7432	3.6253	22.7781	4.0138	20.7888	4.2513	18.7971	4.4242	16.8030	4.5240	14.8147	4.6597	12.8228	4.7017	10.8304	4.6836	8.8406	4.5918	6.8496	4.4864	4.8595	4.3286	2.8753	4.0950	0.9053	3.7542	-1.0533	3.3488	-2.9788	2.8096	-4.8630	2.1385	-6.4841	0.7424	-7.9518	-0.8925	-9.2898	-2.6536	-10.7852	-3.9098	-12.3911	-4.8821	-13.4103	-6.8692	-14.1491	-9.1466	-14.9299	-11.1651	-16.2384	-12.2981	-17.7530	-13.1455	-18.5510	-14.8850	-19.6021	-16.2523
ps02	1.1699	07/02/2017 16:23:47	Mowie pudu teraz	u	65.1004	21.7761	23.1012	67.3485	-5.9691	6.0400	56.2116	-1.1401	54.2011	0.1274	51.9677	1.0660	49.7791	1.9958	47.6871	3.0139	45.7725	4.2920	43.7842	5.4517	40.7699	4.5858	37.9128	3.7033	35.2658	2.9580	33.4993	4.2051	31.5653	5.0739	29.7026	6.2327	27.9699	8.0485	26.1437	9.8678	24.2276	11.7354	22.1164	13.0102	19.9418	14.3087	17.6356	14.8906	15.2858	15.1191	12.9263	15.1735	10.5656	15.1614	8.2101	15.0197	5.8840	14.5634	3.6433	13.5828	1.4800	12.4329	-0.6181	11.2335	-2.5474	9.5594	-4.3643	7.7920	-6.1255	6.1300	-7.5430	3.7219	-7.8873	-1.0557	-7.5267	-6.6906	-6.4612	-12.9325	-5.7980	-17.4837	-5.4383	-20.8843	-6.1298	-22.1591	-7.2893	-22.6400	-8.3229	-23.3254	-9.3851	-23.9786	-10.4227	-24.6765	-11.4497	-25.3990
ps02	1.3244	07/02/2017 16:23:51	Mowie paga teraz	a	52.8220	-8.9976	10.2882	68.4545	94.7601	97.2498	41.5640	-18.0922	40.3286	-17.1167	39.2677	-15.9087	39.0436	-13.4563	38.8428	-10.7221	38.8547	-7.3297	38.2394	-4.6549	37.7366	-1.4356	36.6967	1.0622	35.5323	3.5947	33.9039	5.2761	32.1285	6.7394	30.3949	8.5445	28.6150	10.5148	26.7657	12.6401	24.6968	14.2347	22.5337	15.7637	20.2452	16.9290	17.8388	17.4194	15.3868	17.3617	12.9433	16.8948	10.5366	16.3098	8.1602	15.8453	5.7992	15.4481	3.5467	14.3173	1.4006	12.9073	-0.6224	11.2545	-2.4620	9.2045	-4.1990	7.1978	-5.7559	4.9615	-7.4803	3.5454	-8.7204	1.0507	-9.9699	-1.0965	-11.1081	-3.2359	-12.3516	-4.9576	-13.5194	-6.6775	-14.5317	-8.5257	-15.5160	-10.2849	-16.8251	-11.4809	-17.4209	-13.5755	-19.1025	-14.2207	-19.9377	-15.8758
ps02	1.6793	07/02/2017 16:24:39	Mowie pata teraz	a	62.5102	106.0944	107.8932	57.8838	-52.7429	53.4383	54.2284	-3.4354	52.3750	-2.1425	50.4444	-0.9700	48.5447	0.2191	46.6781	1.4468	44.6314	2.3749	42.4194	2.9640	39.8837	2.8266	37.2430	2.2486	34.7934	1.8293	32.6539	1.9676	30.7257	2.5912	28.8032	3.2295	26.8239	3.6671	24.8463	4.0848	22.8396	4.3412	20.9175	5.1004	18.9545	5.7832	16.9307	6.1143	14.8731	5.9555	12.8322	5.6508	10.8054	5.6700	8.7842	5.5245	6.7619	5.4021	4.7594	5.0903	2.7586	4.7920	0.7721	4.4081	-1.1963	3.9433	-3.1316	3.3591	-5.0097	2.6023	-6.6662	1.2547	-8.2072	-0.2466	-9.6551	-1.8172	-10.8779	-3.7162	-11.8214	-5.9709	-12.7494	-8.0311	-13.7609	-9.7765	-15.0866	-10.9297	-15.9464	-12.7049	-17.0626	-14.0394	-17.9516	-15.6071	-19.2104	-16.6917
ps02	1.2230	07/02/2017 16:24:44	Mowie puku teraz	u	45.7290	-9.5519	10.9798	70.2172	48.7505	49.7638	40.9667	-18.7835	39.7004	-17.8976	38.3521	-17.1326	37.0890	-16.2698	36.3471	-14.5982	35.7905	-12.4775	35.4940	-9.6591	34.9223	-7.0223	34.3005	-4.1418	33.5338	-1.1803	32.5168	1.6047	31.2147	4.0373	29.5980	5.8834	27.9361	7.9195	26.1919	10.0825	24.2995	12.1183	22.2956	14.1929	20.1353	15.9804	17.8445	17.4908	15.4207	18.1136	12.9573	18.3175	10.4809	18.5127	8.0061	18.3936	5.5385	18.1685	3.0650	17.9828	0.8289	16.3241	-1.2545	14.3578	-3.1112	11.9033	-4.9366	9.8502	-6.5752	7.5515	-8.0361	5.1091	-9.2269	2.3315	-9.5008	-2.1704	-9.2651	-7.0817	-9.2222	-10.9388	-9.8938	-13.0514	-10.8619	-14.4806	-11.3252	-16.5787	-11.5212	-18.8698	-11.9297	-20.6843	-13.1920	-21.3405	-14.7137	-21.7370
ps02	1.1017	07/02/2017 16:24:49	Mowie pogo teraz	O	46.6715	-1.9069	3.7737	69.2123	82.7386	84.5409	41.0728	-18.6607	39.7985	-17.7756	38.4683	-16.9772	37.1944	-16.1181	36.0594	-15.0450	35.7176	-12.6001	36.0083	-8.7217	36.1008	-4.6828	35.2747	-2.0260	33.6850	-0.8189	32.2926	1.0112	31.0455	3.5368	29.6671	6.1141	27.9223	7.8668	25.8527	8.5706	23.9791	10.4113	22.0161	12.3487	19.9713	14.5638	17.7133	15.8581	15.3663	16.9074	12.9521	17.7861	10.4927	18.0478	8.0235	18.1057	5.5550	17.9972	3.1840	17.0777	0.8685	16.0871	-1.1670	13.9283	-3.1821	12.1977	-4.9758	9.9911	-6.9184	8.6366	-8.3380	5.9584	-9.4480	2.8906	-10.3299	-0.2720	-11.5642	-2.2841	-12.3846	-4.8946	-13.0285	-7.5404	-13.4860	-10.2226	-14.6650	-11.5629	-16.2063	-12.3429	-17.9635	-12.8731	-18.9662	-14.3848	-19.9632	-15.8471
ps02	1.2174	07/02/2017 16:24:54	Mowie paka teraz	a	48.5437	-22.4631	23.9242	69.7690	72.4648	75.2562	41.6600	-17.9811	40.4163	-17.0077	39.1404	-16.0789	37.8526	-15.1707	37.3907	-12.9774	37.0172	-10.4167	36.8584	-7.1721	35.9318	-5.0183	35.0964	-2.4132	34.1331	0.2516	32.9576	2.7714	31.7588	5.6461	30.1905	7.8622	28.7278	10.9461	26.6519	12.1332	24.6707	14.0959	22.5299	15.7389	20.3679	17.9884	17.9540	18.8547	15.4549	18.8736	12.9614	18.7312	10.4898	18.1606	8.0708	17.3228	5.8180	15.2524	3.6660	13.4099	1.8196	10.4034	-0.0291	8.3418	-1.7913	6.4163	-3.6911	5.3710	-5.6521	4.6332	-7.2202	2.8135	-8.7102	1.0252	-9.9826	-1.0672	-11.5972	-2.2154	-12.9797	-3.7571	-14.0830	-5.6866	-15.2669	-7.3328	-17.1611	-7.8143	-19.3168	-8.0096	-21.3584	-8.4780	-21.1410	-11.7650	-21.6337	-13.9729
ps02	1.2063	07/02/2017 16:24:59	Mowie poto teraz	O	63.3098	94.5387	96.7293	61.8547	-13.8340	13.6938	54.5831	-3.0248	52.7720	-1.6491	50.8936	-0.3696	49.0380	0.9291	47.1193	2.1320	44.8293	2.7073	42.0115	2.2206	39.0000	1.0723	36.2678	0.1306	34.0698	0.1003	32.3498	1.1627	30.7461	2.6517	29.0631	4.0973	27.1238	4.8139	25.2240	5.7684	23.3070	6.8313	21.3677	8.0708	19.2894	8.6749	17.1669	9.0553	15.0298	9.4343	12.8732	9.7958	10.6939	10.0838	8.4999	10.2276	6.2964	10.2594	4.1021	10.0916	1.9312	9.7365	-0.2082	9.2209	-2.3213	8.6197	-4.2302	7.3097	-6.0005	5.7348	-7.5048	3.6142	-8.9840	1.7173	-10.0940	-0.8122	-11.3567	-2.7171	-12.3966	-4.8716	-13.2615	-7.1308	-14.3440	-8.8303	-15.6838	-10.0329	-17.5858	-10.4211	-18.0386	-12.7759	-18.4606	-14.9939	-18.7047	-17.2591
ps02	1.2429	07/02/2017 16:25:04	Mowie pugu teraz	u	55.0148	46.0833	45.4262	66.2039	42.8738	42.4684	45.7603	-13.2357	44.7068	-11.6744	44.6658	-8.6937	44.5017	-5.6002	43.5567	-3.4010	40.5407	-4.4974	37.6286	-5.7684	35.2011	-6.4688	33.7399	-5.3595	32.4579	-3.7509	31.0084	-2.3877	29.5014	-1.0289	27.8463	0.0340	26.4817	2.3589	24.9838	4.6978	23.3198	6.8996	21.4328	8.5002	19.4796	10.3180	17.4099	12.0804	15.1980	13.1693	12.9114	13.6700	10.6009	13.7644	8.2967	13.5881	5.9632	13.7369	3.6869	13.2509	1.3855	12.9974	-0.6940	11.6060	-2.7960	10.5930	-4.6022	8.6478	-6.2261	6.4478	-6.6371	1.1729	-6.6616	-4.1546	-6.3964	-9.2788	-7.1386	-11.5190	-8.1670	-12.9557	-9.4955	-13.7517	-10.8751	-14.4591	-11.3631	-16.5218	-11.3976	-19.0420	-11.0040	-21.8827	-11.6875	-23.1528	-12.4703	-24.2539
ps02	1.2366	07/02/2017 16:25:09	Mowie podo teraz	O	63.4721	75.3789	77.6080	57.9366	-10.4909	10.7421	55.2461	-2.2575	53.3582	-0.9204	51.3755	0.2745	49.4042	1.4561	47.4331	2.6194	44.9332	2.8819	41.4711	1.2356	38.1109	-0.6927	35.3047	-1.9609	33.4220	-1.4473	31.5714	-0.8976	29.7328	-0.3448	27.9071	0.2372	26.1023	0.9084	24.2667	1.5016	22.4315	2.1674	20.5486	2.6665	18.6575	3.2181	16.7740	4.1635	14.8359	5.1290	12.8365	6.0832	10.7826	6.5752	8.6968	6.9708	6.5840	7.2586	4.4204	7.6698	2.2402	7.8898	0.0583	7.9125	-2.0867	7.6446	-4.2211	7.2772	-6.3268	6.7662	-8.1229	5.3533	-9.5602	3.1744	-10.8579	0.9370	-11.6589	-2.0866	-12.4992	-4.6754	-13.1758	-7.2815	-14.3912	-8.7538	-15.6931	-10.0188	-17.2426	-10.8993	-18.8429	-11.7346	-19.5376	-13.6965	-20.3400	-15.4244
ps02	1.2680	07/02/2017 16:25:14	Mowie putu teraz	u	64.6545	96.6510	98.8090	66.2691	-14.0587	14.1881	56.0007	-1.3842	54.0749	-0.0296	52.1138	1.2613	50.1041	2.4635	48.1465	3.7274	45.7347	4.2285	43.1127	4.2277	40.5011	4.0522	38.1723	4.2670	36.0668	4.8719	34.0494	5.6612	32.2427	7.0770	30.4567	8.7510	28.5372	10.2175	26.4841	11.3851	24.3423	12.3463	22.1561	13.2725	19.8896	13.8581	17.5686	14.0564	15.2406	14.1154	12.9162	14.1523	10.5914	14.1413	8.2849	13.7831	6.0176	13.1689	3.7970	12.4127	1.5889	11.7824	-0.6008	11.1485	-2.9282	11.1422	-5.1818	10.7321	-7.0128	8.9350	-8.5727	6.6190	-9.9048	4.0455	-10.0720	-0.8626	-8.6325	-8.4017	-6.3118	-16.5016	-5.2466	-21.2215	-5.3584	-23.4108	-6.1642	-24.3296	-7.1302	-24.9870	-8.4593	-25.1771	-9.4025	-25.9054	-10.4985	-26.4663
ps02	1.2174	07/02/2017 16:25:19	Mowie poko teraz	O	50.0885	-0.3010	1.7510	66.2739	111.6460	112.3947	41.0575	-18.6784	39.8508	-17.7106	38.7752	-16.5671	38.5074	-14.2282	38.1478	-11.8015	37.9723	-8.8122	37.0179	-6.8814	36.2176	-4.4510	35.0729	-2.4645	33.8949	-0.3175	32.5958	1.8137	31.0546	3.5638	29.5110	5.5930	27.6935	6.9918	25.9723	9.1040	23.9836	10.4353	21.9811	12.1177	19.7513	12.6640	17.5107	13.3351	15.2193	13.6423	12.9166	14.1973	10.5858	14.3640	8.2705	14.0211	5.9843	13.5167	3.7173	13.0192	1.4839	12.4097	-0.6732	11.5040	-2.5677	9.6436	-4.3693	7.8103	-6.0645	5.9370	-7.6960	4.1522	-9.3977	2.7633	-10.7923	0.7867	-12.3979	-0.5446	-13.2437	-3.2525	-14.2777	-5.3443	-15.1212	-7.5691	-16.4816	-8.8347	-17.8278	-10.0840	-19.2377	-11.2235	-19.8894	-13.2728	-20.8317	-14.8727
ps02	1.1198	07/02/2017 16:25:24	Mowie pada teraz	a	64.3213	59.7976	62.6877	56.2788	-32.8129	33.7801	55.2110	-2.2981	53.4517	-0.8041	51.5958	0.5689	49.7759	1.9912	47.8676	3.2942	45.9487	4.5879	43.7511	5.3914	40.5881	4.2247	37.4838	2.7716	34.6216	1.4189	32.5947	1.8108	30.5875	2.1825	28.6260	2.6378	26.6128	2.8601	24.5892	2.9390	22.5744	2.9285	20.6015	3.0153	18.6423	3.0874	16.6880	3.0925	14.7511	3.2473	12.8161	4.0217	10.8401	4.2989	8.8559	4.3398	6.8932	4.0315	4.8901	4.0956	2.8668	4.1456	0.8948	3.8059	-1.0791	3.4561	-3.0073	2.9120	-4.8249	2.0180	-6.4557	0.6625	-8.0995	-0.5191	-9.5377	-2.0859	-10.9745	-3.5146	-12.1525	-5.3381	-13.4761	-6.7535	-14.7317	-8.2012	-16.0022	-9.5547	-17.1444	-11.0360	-18.5722	-12.0850	-19.1724	-14.1365	-20.3050	-15.4636
ps02	1.1974	07/02/2017 16:25:28	Mowie pudu teraz	u	62.7815	119.5624	121.2579	66.1747	-9.3550	9.4590	55.3308	-2.1595	53.4243	-0.8383	51.4332	0.3516	49.4675	1.5473	47.4614	2.6634	45.0855	3.1378	42.0643	2.3167	39.1609	1.3917	36.6011	0.8547	34.8020	1.8498	33.0332	2.9714	31.2886	4.2557	29.4064	5.2438	27.5243	6.3450	25.7338	8.0406	23.8565	9.7582	21.8524	11.2684	19.7306	12.4853	17.5120	13.3511	15.2366	14.0268	12.9152	14.0470	10.5926	14.0944	8.2674	14.0724	5.9411	13.9673	3.6286	13.6946	1.3633	13.1305	-0.8020	12.1362	-2.9027	11.0362	-4.9601	9.9350	-7.0331	8.9993	-8.7164	7.0233	-9.6515	3.4052	-10.1900	-0.5925	-9.9150	-5.7256	-10.0379	-9.3798	-9.3791	-13.9563	-9.1200	-17.3070	-8.4110	-20.9554	-8.4290	-23.1776	-9.0940	-24.3554	-10.1964	-24.9490	-11.2708	-25.5997
ps02	1.0726	07/02/2017 16:25:33	Mowie paga teraz	a	52.0947	5.1704	3.4897	68.2159	91.9685	94.3474	44.6242	-14.5506	42.5812	-14.3166	41.1672	-13.3699	40.4807	-11.3879	39.9309	-9.0323	38.7005	-7.5888	37.9320	-5.2153	37.1018	-2.6957	36.3937	0.4042	35.0318	2.3989	33.8478	5.1277	32.1848	6.9058	30.5183	8.9565	28.6451	10.6301	26.6662	12.1969	24.5600	13.5060	22.3822	14.7641	20.1208	15.8547	17.7830	16.7253	15.3549	16.6539	12.9385	16.4082	10.5464	15.9213	8.1693	15.6944	5.8399	15.0241	3.6290	13.6913	1.5911	11.7693	-0.3613	9.9728	-2.1909	8.0776	-4.0004	6.4835	-5.6030	4.4779	-7.1746	2.6852	-8.5300	0.5695	-9.9768	-1.0805	-11.4389	-2.5456	-12.7609	-4.1754	-13.7562	-6.2611	-14.6684	-8.3040	-15.7996	-9.8590	-17.8131	-10.1045	-20.1364	-10.0600	-21.7027	-11.0885	-22.9378	-12.5097
ps02	1.3169	07/02/2017 16:25:49	Mowie pata teraz	a	63.4113	1.7534	0.9026	56.6490	-14.6230	14.3755	53.7038	-4.0425	51.8838	-2.7532	49.9852	-1.5838	48.0976	-0.4244	46.2167	0.7302	44.2842	1.7916	42.2432	2.6428	39.8760	2.8112	37.4063	2.6034	34.9349	2.1674	32.7639	2.2586	30.7300	2.6039	28.7629	3.0950	26.7977	3.5669	24.8213	3.9737	22.8390	4.3382	20.8413	4.5976	18.8386	4.7828	16.8334	4.9020	14.8303	5.0046	12.8263	5.0529	10.8210	5.0530	8.8170	4.9820	6.8108	4.8910	4.8013	4.7716	2.7844	4.6378	0.7666	4.4352	-1.2479	4.1575	-3.0880	3.2021	-4.8164	1.9911	-6.4238	0.5728	-8.1295	-0.4432	-9.5880	-1.9709	-10.7305	-4.0239	-11.6584	-6.2825	-11.1977	-10.7591	-9.9319	-15.9897	-8.1134	-21.4023	-7.6659	-24.2407	-8.0208	-25.7448	-9.6563	-25.5996	-11.0113	-25.8909
ps02	1.2178	07/02/2017 16:25:54	Mowie puku teraz	u	49.6162	-23.6476	25.3031	70.5037	15.1037	15.6138	41.7537	-17.8727	40.2337	-17.2347	38.7892	-16.5484	37.5245	-15.6428	37.5782	-12.6863	37.2334	-10.0535	37.0704	-6.7858	35.7392	-5.4007	34.4224	-3.8772	33.4578	-1.3619	32.2947	1.0167	31.1459	3.8338	29.6479	6.0501	28.1835	8.8652	26.3620	10.8408	24.3924	12.6133	22.3588	14.6101	20.1878	16.4331	17.8818	17.9558	15.4310	18.3430	12.9607	18.6547	10.4742	18.7800	7.9785	18.8495	5.4856	18.7206	2.9996	18.4808	0.7082	17.0449	-1.4027	15.0851	-3.1773	12.1780	-5.0100	10.1144	-6.7169	7.9997	-8.1668	5.4769	-9.1826	2.2196	-9.9388	-1.1677	-9.8179	-5.9281	-9.5850	-10.2455	-9.2823	-14.1265	-9.6714	-16.4122	-10.0915	-18.4316	-10.2611	-20.6252	-10.9974	-21.8913	-11.9593	-22.8255	-13.0725	-23.5783
ps02	1.2381	07/02/2017 16:25:59	Mowie pogo teraz	O	49.2498	26.8841	25.6979	70.2272	-0.7946	1.5629	41.5415	-18.1183	40.1818	-17.2992	38.7356	-16.6199	37.4490	-15.7516	37.3530	-13.0360	37.3362	-9.8808	37.3212	-6.3286	36.2292	-4.4280	35.0294	-2.5589	33.7336	-0.7029	32.4300	1.3749	31.0297	3.4903	29.3806	5.1575	27.5480	6.4355	25.8360	8.4962	24.0191	10.6247	22.1315	13.1102	20.0084	14.8841	17.7673	16.5295	15.4161	18.0118	12.9619	18.7735	10.4651	19.1404	7.9950	18.5776	5.5839	17.6953	3.2414	16.6406	0.8905	15.9560	-1.3357	14.7562	-3.4832	13.4494	-5.4673	11.7588	-7.3342	9.9513	-9.0828	8.0542	-10.1720	4.7210	-11.0602	1.4002	-11.7803	-1.8333	-12.4963	-4.6810	-13.2418	-7.1655	-13.6544	-9.9493	-14.7137	-11.4898	-15.4423	-13.4072	-15.8485	-15.6111	-16.0508	-17.8968	-16.6341	-19.5823
ps02	1.2361	07/02/2017 16:26:04	Mowie paka teraz	a	49.4640	-40.7554	42.1077	67.8634	112.4958	114.1866	41.4908	-18.1769	40.5834	-16.7999	40.2157	-14.6417	39.5030	-12.7951	38.6112	-11.0818	38.0285	-8.7178	37.5489	-5.9136	36.8324	-3.2307	35.5171	-1.4996	34.2993	0.6489	32.9554	2.7656	31.4536	4.7437	29.9221	6.9657	28.2758	9.2180	26.4284	11.1369	24.3267	12.2634	22.1726	13.3815	19.9343	14.2442	17.6543	15.1232	15.3115	15.6896	12.9339	15.9396	10.5538	15.6282	8.1974	15.2291	5.9129	14.2620	3.8302	12.1608	1.9120	9.8516	0.1186	7.6164	-1.7723	6.3375	-3.5188	4.7514	-5.2578	3.3867	-6.8202	1.6882	-8.3241	0.0489	-9.7320	-1.6410	-11.1180	-3.2152	-12.5078	-4.6591	-13.6757	-6.4027	-14.8633	-7.9877	-15.7368	-9.9533	-17.3680	-10.7246	-18.8439	-11.7333	-20.6794	-12.3211	-21.8913	-13.6838
ps02	1.4620	07/02/2017 16:26:10	Mowie poto teraz	O	62.8490	95.6060	98.2635	60.1377	-24.1218	24.4092	55.2941	-2.2019	53.1839	-1.1371	51.1585	-0.0155	49.1123	1.0360	47.1074	2.1135	44.9218	2.8628	42.5782	3.2536	39.9500	2.9581	37.5739	2.9674	35.2340	2.8820	32.9245	2.6837	30.6801	2.4566	28.6290	2.6479	26.6225	2.8972	24.7068	3.4632	22.7547	3.8892	20.8531	4.6753	18.9455	5.7056	16.9945	6.9082	14.9591	7.8656	12.8580	8.2570	10.7330	8.5378	8.5946	8.6608	6.4203	8.9662	4.2109	9.2638	2.0145	9.2388	-0.1357	8.8652	-2.3210	8.6182	-4.4736	8.1850	-6.4213	7.0650	-7.9018	4.7311	-9.0807	1.9618	-10.3799	-0.1575	-11.9130	-1.5563	-13.4013	-2.9512	-14.5028	-4.9485	-15.2627	-7.3396	-16.1566	-9.3228	-16.9391	-11.3220	-17.6542	-13.2734	-18.0822	-15.4498	-18.9867	-16.9427
ps02	1.4376	07/02/2017 16:26:15	Mowie pugu teraz	u	46.1080	5.3709	3.0753	69.8301	28.6987	29.7568	41.6364	-18.0085	40.1316	-17.3616	38.7083	-16.6565	37.7466	-15.3232	36.5167	-14.3349	35.6624	-12.6927	34.9355	-10.6772	34.5162	-7.8284	33.7092	-5.4261	32.8250	-2.8738	32.0601	0.3959	30.8628	2.9966	29.3487	5.0511	27.6955	6.9995	25.9736	9.1096	24.1957	11.5655	22.2906	14.1601	20.1496	16.1034	17.8610	17.6959	15.4203	18.1045	12.9610	18.6827	10.4702	18.9386	8.0060	18.3953	5.5900	17.6311	3.1457	17.3688	0.8664	16.0998	-1.2516	14.3435	-3.1051	11.8778	-4.7556	9.1992	-6.3767	6.9240	-7.6616	4.0553	-8.7357	1.0894	-9.4924	-2.1897	-10.2921	-4.9387	-11.2855	-6.9953	-12.1207	-9.1363	-12.9236	-11.1351	-14.0671	-12.4609	-15.4310	-13.4229	-15.8945	-15.5515	-16.2334	-17.6768	-16.4733	-19.7627
ps02	1.6751	07/02/2017 16:26:21	Mowie podo teraz	O	63.4428	71.4068	74.1761	60.7109	-22.4438	23.0128	55.6375	-1.8045	53.5951	-0.6260	51.4736	0.4055	49.3886	1.4337	47.3431	2.4797	45.0510	3.0799	42.5890	3.2732	39.6716	2.4055	37.0479	1.8250	34.7342	1.6880	32.7383	2.1909	30.7586	2.6887	28.7085	2.9133	26.8027	3.5862	24.8622	4.1559	22.9018	4.6726	20.9387	5.2399	18.9470	5.7181	16.9838	6.7752	14.9496	7.6541	12.8599	8.4487	10.7323	8.5657	8.5920	8.7030	6.4289	8.8770	4.2426	9.0223	2.0484	9.0365	-0.1464	8.9175	-2.2679	8.3975	-4.3074	7.5875	-6.2377	6.4845	-7.9997	5.0067	-9.4209	2.8221	-10.7502	0.6904	-11.8782	-1.6290	-13.1753	-3.3832	-13.8783	-6.0464	-14.6701	-8.3012	-15.2137	-10.7390	-15.7745	-12.9445	-16.0284	-15.3782	-15.6130	-18.4241	-15.9708	-20.3265
ps02	1.5987	07/02/2017 16:26:26	Mowie putu teraz	u	64.2522	-1.4874	1.7315	67.2344	-12.5393	12.0855	46.8995	-11.9173	47.3097	-8.4389	48.2176	-3.9464	48.6224	0.3309	47.1214	2.1352	44.7897	2.6408	42.2351	2.6281	39.7704	2.6016	37.5190	2.8480	35.5381	3.6087	33.5970	4.4637	31.6468	5.3149	29.9225	6.9670	28.1553	8.7573	26.4704	11.3242	24.4092	12.7029	22.2756	14.0608	19.9578	14.4470	17.6478	15.0423	15.2900	15.2114	12.9273	15.2713	10.5648	15.1922	8.1995	15.1944	5.8203	15.2278	3.5082	14.6102	1.2630	13.7296	-0.9397	12.8125	-3.0117	11.4895	-5.0324	10.1947	-6.4902	7.2827	-7.0689	2.3877	-5.9095	-6.0562	-4.5149	-13.5869	-3.8336	-18.4155	-4.5424	-19.8835	-5.4526	-20.8593	-6.4830	-21.5859	-7.6317	-22.1257	-8.8986	-22.5234	-10.0339	-23.1386	-10.8178	-24.2005	-11.5985	-25.2321
ps02	1.3174	07/02/2017 16:26:31	Mowie poko teraz	O	45.2878	1.5862	1.4126	68.6876	84.1143	85.7895	41.1552	-18.5653	39.8790	-17.6755	38.5002	-16.9347	37.1717	-16.1507	35.9221	-15.2582	35.1302	-13.5868	34.7927	-10.9374	34.7975	-7.2700	34.2675	-4.2135	33.3604	-1.5946	32.2066	0.7835	31.1562	3.8643	29.7334	6.3356	27.9329	7.9073	25.8794	8.6899	23.8406	9.6738	21.9329	11.7996	19.8658	13.6526	17.7047	15.7510	15.3515	16.5779	12.9478	17.3548	10.5041	17.5954	8.0751	17.2524	5.6940	16.5460	3.3864	15.5372	1.1085	14.6528	-0.9525	12.8750	-2.7797	10.5252	-4.4776	8.1995	-6.1221	6.1192	-7.6965	4.1535	-9.0508	1.8864	-10.3397	-0.2496	-11.6183	-2.1714	-12.6195	-4.4456	-13.5625	-6.6016	-14.3588	-8.8063	-15.2770	-10.6438	-16.5677	-11.8395	-18.4038	-12.3031	-19.6589	-13.5504	-21.0788	-14.5955
ps02	1.2529	07/02/2017 16:26:37	Mowie pada teraz	a	63.8000	15.0608	16.3258	56.1093	1.9939	1.7992	45.6271	-13.3899	46.3648	-9.6134	47.7095	-4.6255	48.3478	-0.0644	47.0787	2.0690	45.1370	3.2243	42.9344	3.9028	40.7118	4.4704	37.9527	3.7899	35.3190	3.0851	32.7797	2.3004	30.7517	2.6681	28.7234	2.9631	26.6983	3.1869	24.6780	3.3346	22.6828	3.5060	20.6998	3.6638	18.7279	3.8266	16.7606	3.9958	14.7882	4.0707	12.8167	4.0817	10.8468	4.0348	8.8774	3.9833	6.9072	3.8850	4.9416	3.7039	2.9911	3.4029	1.0442	3.0724	-0.9062	2.7374	-2.8069	2.1912	-4.5680	1.2058	-6.2342	0.0391	-7.7267	-1.4617	-9.2276	-2.7960	-10.4365	-4.6373	-11.5378	-6.5130	-12.5831	-8.3235	-13.6289	-9.9907	-14.6017	-11.6580	-15.7398	-12.9928	-17.3646	-13.6484	-18.5279	-14.9129	-19.7546	-16.0811
ps02	1.3619	07/02/2017 16:26:42	Mowie pudu teraz	u	64.4526	85.3220	88.3969	66.5493	-11.5625	11.6823	55.9599	-1.4314	54.0121	-0.1076	51.8767	0.9444	49.7608	1.9694	47.6505	2.9571	45.4860	3.8107	42.9970	4.0168	40.4352	3.9212	37.9996	3.8918	35.8873	4.4431	33.9050	5.2789	31.9866	6.3198	30.0452	7.3769	28.0829	8.4805	26.0274	9.3493	24.0056	10.5526	21.9641	12.0059	19.8303	13.3460	17.5791	14.1863	15.2533	14.3987	12.9194	14.4756	10.5836	14.4494	8.2473	14.4036	5.9124	14.2666	3.5803	14.0618	1.3388	13.2766	-0.7953	12.1032	-2.9906	11.4016	-5.2036	10.8106	-6.6360	7.7437	-7.6194	3.9368	-8.0952	-0.5300	-8.2148	-5.1151	-7.0836	-11.6338	-6.0139	-17.0711	-6.1193	-19.6872	-7.2957	-20.2672	-8.3982	-20.9746	-9.3533	-21.8900	-10.2747	-22.8269	-11.2985	-23.6214	-12.3205	-24.4220
ps02	1.2599	07/02/2017 16:26:47	Mowie paga teraz	a	52.1981	8.3798	6.8226	68.3978	76.7986	79.0471	42.8085	-16.6520	41.0919	-16.1679	39.4818	-15.6226	39.2130	-13.2126	39.1688	-10.2159	38.7188	-7.5580	37.8525	-5.3602	36.9641	-2.9692	36.1089	-0.2145	34.8949	2.0719	33.5051	4.2204	31.9931	6.3389	30.4197	8.6273	28.5804	10.3825	26.5181	11.5366	24.4385	12.8591	22.2713	14.0324	20.0688	15.4061	17.7482	16.2925	15.3683	16.9515	12.9436	16.9254	10.5301	16.5683	8.1357	16.2503	5.7624	15.8328	3.5103	14.5946	1.3368	13.2888	-0.6667	11.4720	-2.5970	9.7657	-4.2351	7.3273	-5.8963	5.4052	-7.3847	3.2764	-8.7452	1.1137	-9.9399	-1.1651	-11.1810	-3.0838	-12.1673	-5.3099	-13.0704	-7.4669	-13.7218	-9.8399	-14.6320	-11.6124	-16.3545	-12.1364	-18.4532	-12.2391	-19.8346	-13.3388	-20.6624	-15.0627
ps02	1.6152	07/02/2017 16:27:04	Mowie pata teraz	a	63.8051	62.3288	64.4231	57.0740	-32.2323	32.9952	54.9163	-2.6392	53.0735	-1.2743	51.1296	-0.0542	49.2154	1.1844	47.2854	2.3899	45.2963	3.4920	43.0813	4.1705	40.4468	3.9443	37.5942	3.0115	34.9619	2.2319	32.6976	2.0831	30.6827	2.4640	28.6968	2.8743	26.7238	3.2844	24.7468	3.6416	22.7548	3.8896	20.7591	4.0549	18.7798	4.2743	16.7983	4.4659	14.8182	4.7376	12.8240	4.8147	10.8255	4.8759	8.8265	4.8250	6.8220	4.7748	4.8184	4.6410	2.8146	4.4575	0.8137	4.2042	-1.1689	3.8291	-3.1359	3.3745	-5.0895	2.8546	-7.0315	2.2825	-8.7575	1.1447	-10.3129	-0.3111	-11.5237	-2.3686	-12.7188	-4.2557	-13.9078	-5.9946	-15.1347	-7.5473	-16.6749	-8.5445	-18.2155	-9.5438	-19.8772	-10.3956	-20.1583	-12.9488	-20.8781	-14.8206
ps02	1.3950	07/02/2017 16:27:10	Mowie puku teraz	u	47.4392	23.3358	21.5982	70.0650	47.9902	49.1750	41.6322	-18.0133	40.1427	-17.3477	38.3612	-17.1204	37.6863	-15.4101	37.0156	-13.5600	36.4306	-11.4022	35.6497	-9.3753	34.7477	-7.3690	33.8249	-5.1748	32.5401	-3.5545	31.4392	-1.2474	30.2732	1.2531	28.9071	3.5765	27.5655	6.5024	25.8988	8.7761	24.1059	11.0872	22.1294	13.0962	20.0591	15.3219	17.8265	17.2665	15.4144	17.9736	12.9562	18.2021	10.4847	18.3631	8.0049	18.4134	5.5517	18.0313	3.2114	16.8692	0.9783	15.4312	-1.2119	14.1486	-3.3128	12.7409	-5.3085	11.1877	-7.0020	8.9009	-7.8824	4.6766	-8.5391	0.5924	-9.1958	-2.8689	-9.7440	-6.0824	-10.2136	-9.0440	-10.4323	-12.1046	-11.0009	-14.2550	-11.1004	-16.9164	-10.9265	-19.6982	-11.6830	-21.0037	-13.0494	-21.5124	-14.5107	-21.9647
ps02	1.2235	07/02/2017 16:27:15	Mowie pogo teraz	O	47.9452	17.3988	14.9803	68.3117	84.0073	86.0329	41.2163	-18.4946	39.8902	-17.6616	38.3992	-17.0696	37.2325	-16.0633	36.8361	-13.8387	36.5181	-11.2551	35.9959	-8.7442	35.0282	-6.8121	34.2053	-4.3487	33.3731	-1.5642	32.2513	0.9020	30.7154	2.5608	29.1795	4.4859	27.5229	6.3397	25.9084	8.8192	24.0336	10.7020	22.0895	12.8331	19.9196	14.1176	17.6846	15.5000	15.3282	16.0605	12.9406	16.6181	10.5229	16.8530	8.0984	16.8670	5.6868	16.6209	3.3039	16.1649	0.9785	15.4296	-1.0413	13.3111	-2.8323	10.7439	-4.5673	8.5223	-6.5569	7.4938	-8.3997	6.1322	-9.5677	3.1933	-10.4305	-0.0416	-11.3808	-2.6670	-12.7945	-4.1111	-13.5451	-6.6323	-13.7407	-9.8092	-14.1010	-12.4100	-15.5755	-13.2217	-17.5719	-13.3800	-18.6873	-14.7209	-19.6656	-16.1810
ps02	1.1920	07/02/2017 16:27:20	Mowie paka teraz	a	52.6887	-37.0591	37.1832	61.3729	95.1252	92.8856	46.0131	-12.9431	44.4014	-12.0540	42.8189	-11.1622	41.6516	-9.7025	40.6575	-7.9038	39.4567	-6.3184	38.1699	-4.7816	36.6955	-3.5023	35.2587	-2.0610	33.8382	-0.4531	32.3570	1.1818	30.6949	2.5002	29.0161	3.9403	27.2678	5.3641	25.4415	6.7380	23.4041	7.3486	21.3030	7.6435	19.2015	7.9166	17.0966	8.1796	14.9955	8.6735	12.8666	9.1275	10.7089	9.4891	8.5648	9.1536	6.4891	8.2484	4.4886	7.1506	2.5316	6.1487	0.5226	5.6334	-1.2949	4.3531	-3.0728	3.1474	-4.6943	1.6052	-6.4825	0.7379	-8.1662	-0.3504	-9.6935	-1.7293	-11.1289	-3.1926	-12.6116	-4.4606	-14.1631	-5.5457	-15.5326	-6.9017	-16.9868	-8.0759	-17.6702	-10.3036	-18.2030	-12.5631	-17.4334	-16.2313	-17.8708	-18.1947
ps02	1.4519	07/02/2017 16:27:25	Mowie poto teraz	O	63.2344	85.9583	88.0846	57.1305	-18.0906	19.1440	55.3458	-2.1421	53.3940	-0.8759	51.2703	0.1339	49.1104	1.0333	47.0046	1.9539	44.9170	2.8547	42.0376	2.2682	39.2736	1.6154	36.5951	0.8416	34.6151	1.4034	32.5084	1.5824	30.4479	1.7697	28.4766	2.1390	26.5524	2.6291	24.6102	3.0325	22.6301	3.2253	20.6706	3.4712	18.7128	3.6963	16.7639	4.0370	14.8052	4.4486	12.8277	5.1910	10.8037	5.7384	8.7330	6.3724	6.6501	6.5687	4.5139	6.9582	2.3774	7.0699	0.2339	7.0504	-1.8613	6.7072	-3.9275	6.2212	-5.8889	5.3820	-7.6547	4.0360	-9.2945	2.5023	-10.9400	1.1250	-12.7379	0.1649	-14.0664	-1.6800	-15.2522	-3.6312	-16.3021	-5.6531	-17.8411	-6.7930	-19.4364	-7.8430	-21.1437	-8.7561	-21.5475	-11.2754	-22.4776	-13.0260
ps02	1.3232	07/02/2017 16:27:30	Mowie pugu teraz	u	56.8581	-127.8910	126.3035	70.1920	35.6615	36.3373	53.2111	-4.6127	51.2755	-3.5093	49.0552	-2.8269	47.3451	-1.5076	45.5574	-0.2937	43.7296	0.8599	40.6576	-0.2471	37.8509	-1.2088	35.1973	-2.1942	34.0953	0.1614	32.7881	2.3227	31.3469	4.4282	29.5832	5.8341	27.8786	7.6994	26.1224	9.7727	24.2374	11.7875	22.2665	14.0010	20.1301	15.9350	17.7871	16.7760	15.3876	17.3786	12.9545	18.0276	10.4680	19.0241	7.9527	19.2771	5.4452	19.1427	3.0937	17.7648	0.8681	16.0899	-1.2406	14.2895	-3.3517	12.9028	-5.2619	11.0203	-7.0158	8.9445	-8.6980	6.9715	-9.6644	3.4377	-10.3866	-0.1421	-9.7632	-6.0424	-9.8394	-9.7592	-9.8231	-13.1757	-10.4146	-15.2063	-10.0319	-18.5211	-9.7091	-21.3943	-10.3199	-22.7683	-11.1780	-23.7666	-12.0670	-24.7064
ps02	1.3919	07/02/2017 16:27:35	Mowie podo teraz	O	61.4171	73.5890	74.5656	60.2745	-22.7332	23.1707	52.2757	-5.6953	51.2342	-3.5606	50.5662	-0.8072	48.6247	0.3342	45.9332	0.2899	43.1331	-0.1421	40.4119	-0.6950	38.2942	-0.3287	36.3128	0.2284	34.3955	0.8786	32.5095	1.5853	30.6206	2.2806	28.7899	3.1850	26.8932	3.9320	24.9895	4.7235	22.9870	5.1265	21.0007	5.6490	18.9939	6.1237	16.9947	6.9110	14.9469	7.5944	12.8579	8.2487	10.7341	8.4930	8.5955	8.6463	6.4327	8.8376	4.2546	8.9312	2.0720	8.8952	-0.0653	8.5194	-2.1937	8.0890	-4.3163	7.6194	-6.3844	6.9483	-8.3652	6.0349	-9.6306	3.3522	-10.7916	0.7852	-12.0493	-1.2719	-13.9482	-1.9060	-14.7938	-4.4369	-15.1609	-7.5047	-15.5846	-10.1819	-17.1431	-11.0378	-18.8080	-11.7798	-19.6089	-13.6107	-20.5875	-15.1467
ps02	1.2338	07/02/2017 16:27:40	Mowie putu teraz	u	61.2409	143.0748	144.3192	68.0058	3.0655	3.5156	55.3824	-2.0998	53.3842	-0.8881	51.1389	-0.0418	48.7300	0.4858	46.1989	0.7026	43.9057	1.1558	41.3005	0.9247	39.1070	1.2848	36.6966	1.0619	34.9380	2.1748	33.2384	3.5146	31.4987	4.8771	29.8694	6.7898	28.2355	9.0641	26.3731	10.8902	24.4124	12.7197	22.2789	14.0827	20.0649	15.3719	17.7146	15.8735	15.3240	15.9666	12.9342	15.9744	10.5464	15.9205	8.1672	15.7289	5.8056	15.3820	3.4541	15.0223	1.1048	14.6748	-1.1509	13.8489	-2.9912	11.4042	-4.5886	8.5988	-6.0727	5.9631	-6.9352	2.0118	-7.1641	-2.8841	-6.7938	-8.3688	-6.4482	-12.9597	-5.9433	-17.2060	-5.4042	-20.9444	-5.6722	-22.9016	-6.7301	-23.4797	-8.0117	-23.7590	-9.4303	-23.9200	-10.9528	-24.0380	-12.3026	-24.4420
ps02	1.2379	07/02/2017 16:27:46	Mowie poko teraz	O	47.2269	26.7039	23.7786	67.6013	96.1053	97.6170	41.1911	-18.5238	39.9111	-17.6357	38.5354	-16.8876	37.2475	-16.0417	36.3719	-14.5598	35.9358	-12.2335	35.7679	-9.1599	35.4755	-5.9241	34.6638	-3.3528	33.5182	-1.2175	32.4386	1.3977	31.2708	4.2031	29.8476	6.7171	28.0626	8.4031	26.1634	9.9557	24.2680	11.9507	22.2599	13.9575	20.0834	15.5320	17.7473	16.2803	15.3315	16.1347	12.9348	16.0348	10.5473	15.8870	8.1766	15.5729	5.8669	14.7421	3.6076	13.8541	1.4616	12.5426	-0.6258	11.2713	-2.4447	9.1327	-4.2762	7.4752	-5.9133	5.4592	-7.3245	3.1069	-8.5330	0.5771	-9.6911	-1.7348	-11.1311	-3.1879	-12.1533	-5.3365	-13.0927	-7.4275	-13.6746	-9.9164	-14.7541	-11.4291	-15.9478	-12.7030	-17.4700	-13.5119	-18.2443	-15.2545	-19.1710	-16.7359
ps02	1.1902	07/02/2017 16:27:51	Mowie pada teraz	a	64.9123	21.2550	23.4615	56.7115	-9.9631	10.5434	55.7877	-1.6307	53.9243	-0.2167	51.8035	0.8466	49.8194	2.0538	47.7321	3.0838	45.6403	4.0698	43.2860	4.5437	40.9354	4.9142	38.1354	4.1867	35.4932	3.5014	32.9234	2.6808	30.7931	2.7907	28.8486	3.3810	26.8001	3.5761	24.7599	3.6997	22.6659	3.4158	20.6680	3.4540	18.7033	3.6138	16.7502	3.8667	14.7991	4.3136	12.8222	4.6349	10.8255	4.8770	8.8303	4.7622	6.8236	4.7580	4.8187	4.6388	2.8027	4.5284	0.8148	4.1986	-1.1361	3.6931	-3.0253	2.9766	-4.7947	1.9226	-6.4177	0.5557	-7.9970	-0.7783	-9.6319	-1.8702	-11.1868	-3.0716	-12.3297	-4.9994	-13.2262	-7.1928	-14.1646	-9.1214	-15.8613	-9.7663	-17.2301	-10.9167	-18.6631	-11.9674	-18.7955	-14.5905	-19.7211	-16.1188
ps02	1.4732	07/02/2017 16:27:56	Mowie pudu teraz	u	59.9615	132.3941	132.9214	67.6239	-5.2554	4.9881	48.3855	-10.1975	47.9798	-7.6060	47.7379	-4.5875	46.7259	-2.3988	44.8343	-1.4168	42.7377	-0.8064	40.6490	-0.2629	38.6055	0.2892	36.6960	1.0607	34.8423	1.9462	33.0391	2.9872	31.2711	4.2039	29.5507	5.7257	27.8163	7.4615	25.9797	9.1370	24.0488	10.7831	22.0747	12.7356	19.9716	14.5664	17.6976	15.6626	15.3178	15.8306	12.9315	15.6982	10.5531	15.6548	8.1784	15.5442	5.8089	15.3474	3.4867	14.7742	1.2122	14.0334	-0.9388	12.8076	-3.1071	11.8860	-5.0559	10.2792	-6.9927	8.8715	-8.5794	6.6376	-9.3750	2.7059	-9.7131	-1.6845	-9.7268	-6.1183	-10.3269	-8.8275	-10.7797	-11.4940	-10.5875	-14.9259	-9.8845	-18.7423	-9.3026	-21.9606	-9.7677	-23.4833	-11.1183	-23.8386	-12.3898	-24.3442
ps02	1.4858	07/02/2017 16:28:01	Mowie paga teraz	a	49.7417	-21.4380	22.5340	68.7729	95.1977	97.3351	41.2948	-18.4038	40.0410	-17.4741	38.7151	-16.6474	37.5255	-15.6414	37.3633	-13.0201	37.3633	-9.8353	37.2715	-6.4192	36.3515	-4.1851	35.1982	-2.1923	34.2486	0.5275	32.9858	2.8460	31.7109	5.5045	30.0196	7.2913	28.2352	9.0628	26.3117	10.6168	24.3429	12.3494	22.2491	13.8860	20.0595	15.3257	17.7500	16.3146	15.3792	17.1935	12.9484	17.4114	10.5205	16.9454	8.1445	16.1046	5.8307	15.1198	3.5515	14.2815	1.3880	12.9828	-0.6450	11.3656	-2.3630	8.7927	-3.9277	6.2220	-5.3388	3.6426	-6.9242	1.9807	-8.3896	0.2145	-9.7604	-1.5760	-11.0318	-3.3952	-12.1745	-5.2961	-13.0991	-7.4163	-13.9146	-9.5270	-14.9918	-11.0722	-16.6900	-11.6691	-17.9249	-12.9231	-18.9292	-14.4295	-19.5359	-16.3265
ps02	1.3953	07/02/2017 16:28:15	Mowie pata teraz	a	63.9455	56.1182	58.4656	57.0374	-26.7756	27.8698	54.9233	-2.6311	53.0321	-1.3258	51.0555	-0.1532	49.1035	1.0233	47.1606	2.1961	45.1860	3.3067	43.2070	4.3997	40.9888	5.0203	38.5891	5.1721	35.6665	3.9155	32.9785	2.8268	30.4914	1.8985	28.4909	2.1868	26.5290	2.5396	24.5643	2.8281	22.5931	3.0281	20.6305	3.2068	18.7019	3.6019	16.7656	4.0587	14.8133	4.6282	12.8267	5.0876	10.8195	5.1147	8.8234	4.8770	6.8382	4.6053	4.8295	4.5567	2.8230	4.4070	0.8578	3.9877	-1.1114	3.5902	-3.0650	3.1194	-4.8911	2.2273	-6.6027	1.0761	-8.0878	-0.5486	-9.6035	-1.9353	-10.7323	-4.0200	-11.8157	-5.9819	-12.7071	-8.1054	-13.8734	-9.5940	-15.0555	-10.9765	-16.1265	-12.4541	-16.8778	-14.2785	-17.8728	-15.7020	-18.9210	-17.0165
ps02	1.2479	07/02/2017 16:28:20	Mowie puku teraz	u	49.6894	17.9893	17.3310	69.2750	42.8333	43.6081	45.7906	-13.2006	45.2528	-10.9957	44.0177	-9.5600	42.2620	-8.8240	39.5577	-9.6119	37.4852	-9.6304	35.9713	-8.7891	34.8868	-7.0928	33.8844	-5.0456	32.8699	-2.7664	31.8364	-0.1963	30.5772	2.1521	29.2604	4.7564	27.5399	6.4045	25.9479	8.9953	24.0603	10.8438	22.1291	13.0940	19.9484	14.3662	17.7022	15.7192	15.3583	16.7280	12.9477	17.3378	10.5079	17.4434	8.0926	16.9631	5.6847	16.6438	3.2723	16.4057	0.9218	15.7687	-1.3449	14.8016	-3.4159	13.1697	-5.1904	10.7632	-5.8201	5.1645	-5.6765	-1.5300	-5.6175	-6.7947	-6.6263	-8.7525	-8.2189	-9.2647	-9.3296	-10.7335	-10.2837	-12.3659	-10.3869	-15.2513	-10.5583	-17.7305	-10.2591	-20.6280	-11.1459	-21.6990	-12.4779	-22.2007	-14.0878	-22.4391
ps02	1.4038	07/02/2017 16:28:25	Mowie pogo teraz	O	44.4350	-3.4135	5.3847	68.8801	80.7240	82.0781	40.8048	-18.9709	39.5969	-18.0262	38.3291	-17.1633	37.1169	-16.2296	35.8706	-15.3383	34.6532	-14.3882	34.3156	-11.8070	33.9497	-8.9531	33.6399	-5.5766	32.9197	-2.6475	31.9830	0.1917	30.8103	2.8413	29.2457	4.7071	27.6302	6.7499	25.8649	8.6250	23.8259	9.5956	21.8110	10.9951	19.6012	11.3679	17.5529	13.8608	15.3057	15.5604	12.9521	17.7857	10.4977	17.8508	8.0465	17.7260	5.6022	17.5041	3.1360	17.4429	0.7266	16.9352	-1.5565	15.8402	-3.4407	13.2729	-5.2022	10.8056	-6.6948	7.9297	-8.1713	5.4895	-9.4574	2.9144	-10.4845	0.0820	-11.6093	-2.1902	-12.7452	-4.2053	-13.5534	-6.6176	-14.2052	-9.0556	-14.5831	-11.6859	-16.0542	-12.5548	-17.6188	-13.3193	-19.4747	-13.7723	-20.8919	-14.8052
ps02	1.4448	07/02/2017 16:28:30	Mowie paka teraz	a	60.8672	11.3332	11.4749	58.3884	20.5346	17.9823	53.6164	-4.1436	52.1435	-2.4303	50.4611	-0.9476	49.4208	1.4801	47.2110	2.2745	43.5296	0.5239	39.4902	-2.3750	36.3455	-4.1972	34.6449	-3.3939	33.0795	-2.2656	31.5279	-1.0127	29.8485	-0.0026	28.1435	1.0266	26.4488	2.2331	24.6664	3.2829	22.8324	4.3028	20.8633	4.7423	18.8888	5.2159	16.8943	5.6604	14.8740	5.9756	12.8378	6.2113	10.7878	6.3693	8.7060	6.8178	6.6146	6.9393	4.5794	6.4597	2.6301	5.5598	0.6894	4.8142	-1.1779	3.8666	-2.9523	2.7142	-4.6383	1.4282	-6.3725	0.4285	-7.9758	-0.8319	-9.4689	-2.2434	-10.8836	-3.7044	-12.3705	-4.9215	-13.8394	-6.1148	-15.0372	-7.7055	-16.0552	-9.4752	-16.9713	-11.2772	-17.8949	-12.9618	-18.0500	-15.4886	-18.6380	-17.3340
ps02	1.2229	07/02/2017 16:28:36	Mowie poto teraz	O	62.1717	100.2667	102.0585	62.3213	-19.5453	19.6939	54.3921	-3.2459	52.5026	-1.9839	50.4967	-0.9001	48.5767	0.2651	46.5254	1.2096	44.1730	1.6049	41.6313	1.5275	39.2232	1.5154	37.0692	1.8711	35.1206	2.6112	33.2089	3.4365	31.3089	4.3157	29.3602	5.0896	27.3443	5.6570	25.3308	6.2446	23.3435	7.0255	21.3442	7.9158	19.3129	8.8784	17.2039	9.5154	15.0559	10.0156	12.8780	10.2861	10.6855	10.4172	8.4847	10.4786	6.2854	10.3745	4.0861	10.2134	1.8987	9.9308	-0.2716	9.5324	-2.3828	8.8753	-4.4239	8.0063	-6.4043	7.0112	-8.3744	6.0608	-10.3974	5.2911	-11.8930	3.3071	-13.1488	1.0223	-14.0336	-1.7428	-15.1562	-3.7999	-16.1198	-5.9488	-16.7147	-8.4847	-17.2033	-10.9539	-17.3118	-13.7167	-18.3303	-15.1509	-19.3173	-16.5718
ps02	1.2371	07/02/2017 16:28:41	Mowie pugu teraz	u	49.7506	23.4116	22.4215	71.6228	2.9095	4.3174	48.1879	-10.4262	46.9054	-8.9415	44.4825	-8.9387	42.2969	-8.7737	39.5133	-9.6808	37.5340	-9.5486	36.4840	-7.8546	35.7678	-5.3439	35.1820	-2.2275	34.3702	0.8182	33.2530	3.5532	31.7065	5.4916	30.2057	7.9130	28.5490	10.2625	26.7996	12.7915	24.8092	14.8337	22.6845	16.7587	20.4026	18.2882	17.9878	19.2747	15.4962	19.7913	12.9750	20.1006	10.4350	20.3294	7.9463	19.3819	5.5779	17.7580	3.3705	15.6582	1.1686	14.2941	-0.9691	12.9565	-2.7917	10.5750	-4.4775	8.1993	-6.0309	5.8309	-6.9275	1.9901	-7.6379	-1.6861	-8.2815	-4.9623	-9.7505	-6.0688	-9.5430	-10.3258	-8.4627	-15.5674	-7.1017	-20.5821	-7.3181	-22.5967	-8.0730	-23.6736	-8.9972	-24.4807	-10.8307	-24.1850	-12.2744	-24.4737
ps02	1.4337	07/02/2017 16:28:46	Mowie podo teraz	O	63.2275	61.2799	63.1284	60.1280	-14.8860	15.1970	55.6292	-1.8141	53.7042	-0.4903	51.6923	0.6979	49.7008	1.8831	47.4905	2.7086	44.6750	2.4482	41.6499	1.5614	38.8239	0.7227	36.5759	0.7997	34.6163	1.4062	32.7421	2.2010	30.8392	2.9270	28.8089	3.2485	26.7790	3.4955	24.8047	3.8995	22.9499	4.9286	21.0481	5.9617	19.0710	6.7889	17.0155	7.1702	14.9458	7.5711	12.8558	8.0343	10.7322	8.5682	8.5775	8.9433	6.4117	9.0567	4.2285	9.1297	2.0512	9.0197	-0.1516	8.9433	-2.3383	8.6902	-4.5447	8.4408	-6.6968	7.9360	-8.6863	6.9384	-9.9912	4.2641	-11.2166	1.7582	-12.4229	-0.4924	-13.8421	-2.1088	-15.0271	-4.0268	-16.0817	-6.0106	-16.9244	-8.1697	-17.7371	-10.2103	-18.4648	-12.2240	-19.3397	-13.9349	-20.3963	-15.3611
ps02	1.4722	07/02/2017 16:28:51	Mowie putu teraz	u	64.6943	72.2946	74.2401	68.1788	-6.1203	5.8273	56.2035	-1.1495	54.1369	0.0476	52.0072	1.1188	49.8113	2.0421	47.7831	3.1629	45.5848	3.9766	43.2770	4.5273	40.8913	4.8267	38.6499	5.3042	36.4916	5.8867	34.5494	6.9844	32.7206	8.4903	30.8138	9.9435	28.8253	11.3191	26.7460	12.5526	24.6314	13.8863	22.4173	14.9958	20.0946	15.6283	17.7249	16.0015	15.3305	16.1126	12.9364	16.2016	10.5478	15.8646	8.1902	15.3482	5.8739	14.6690	3.5962	13.9409	1.3411	13.2631	-0.8741	12.4902	-2.9462	11.2173	-4.6306	8.7499	-6.0829	5.9951	-6.9656	2.0972	-7.9915	-0.7921	-9.0067	-3.3018	-10.6409	-4.2109	-12.2615	-5.1298	-13.3950	-6.8961	-13.4711	-10.2467	-12.0174	-15.5391	-10.4864	-20.3115	-9.9107	-23.2981	-10.5931	-24.4712	-11.5316	-25.3071
ps02	1.3885	07/02/2017 16:28:57	Mowie poko teraz	O	48.6584	-25.6893	26.1703	67.4244	102.5406	102.8646	41.0851	-18.6465	39.8366	-17.7282	38.5308	-16.8937	37.3783	-15.8533	37.1846	-13.2975	37.0753	-10.3191	37.0299	-6.8595	36.0925	-4.6992	35.0420	-2.5315	33.8730	-0.3697	32.5165	1.6038	31.1062	3.7164	29.3833	5.1666	27.5843	6.5744	25.6492	7.6638	23.7274	9.0704	21.8217	11.0658	19.7992	13.0773	17.6089	14.5576	15.2896	15.2043	12.9287	15.4177	10.5694	15.0133	8.2266	14.7465	5.8965	14.4332	3.5271	14.4666	1.3953	12.9393	-0.5148	10.7264	-2.2136	8.1718	-4.0435	6.6384	-5.8450	5.2431	-7.4701	3.5166	-9.0036	1.7669	-10.4683	0.0447	-11.8521	-1.6835	-12.4684	-4.7344	-12.9089	-7.7507	-13.3892	-10.3796	-14.5855	-11.6824	-16.0303	-12.5881	-17.0963	-13.9957	-18.4742	-14.9775	-19.4510	-16.4218
ps02	1.3462	07/02/2017 16:29:03	Mowie pada teraz	a	62.6538	100.7831	102.7222	55.6327	-15.8038	16.6496	55.1413	-2.3788	53.2203	-1.0918	51.2309	0.0812	49.1355	1.0694	47.0208	1.9791	44.7747	2.6157	41.7978	1.8311	38.8522	0.7790	36.0889	-0.2578	33.9900	-0.0903	31.9933	0.2191	29.9844	0.3993	27.9992	0.5448	26.0493	0.7056	24.1388	0.9312	22.2469	1.1836	20.3680	1.4744	18.5082	1.9295	16.6194	2.2379	14.7312	2.8062	12.8082	3.2182	10.8521	3.8229	8.8709	4.0911	6.8696	4.2779	4.8646	4.2894	2.8421	4.2933	0.8241	4.1532	-1.1856	3.8986	-3.1446	3.4057	-5.0572	2.7525	-7.0017	2.1987	-8.6025	0.7528	-10.0541	-0.9035	-11.1924	-3.0601	-12.4755	-4.7207	-13.6017	-6.5328	-14.7568	-8.1604	-16.1427	-9.3437	-17.9480	-9.9165	-18.9117	-11.6455	-19.0841	-14.2428	-19.1357	-16.7755
ps02	1.3432	07/02/2017 16:29:08	Mowie pudu teraz	u	58.8118	68.1764	68.2716	67.7261	-1.2065	1.0844	44.1737	-15.0719	42.7027	-14.1656	41.2475	-13.2626	41.0508	-10.5673	41.7530	-6.2024	42.1732	-1.7547	41.3323	0.9826	39.5587	2.1813	37.6877	3.2145	35.8076	4.2525	33.9572	5.4170	32.1290	6.7407	30.2221	7.9677	28.1972	8.9175	26.2002	10.1197	24.2703	11.9631	22.1807	13.4349	19.9707	14.5585	17.6395	14.9393	15.3030	15.5013	12.9319	15.7418	10.5491	15.8165	8.1606	15.8375	5.7888	15.5570	3.4674	14.9209	1.2058	14.0714	-1.0886	13.5430	-3.4055	13.1263	-5.6786	12.5189	-7.7107	11.1416	-9.4170	8.9944	-10.1054	4.5528	-10.5904	0.3245	-11.1539	-3.1405	-11.7638	-6.0812	-12.0464	-9.2671	-11.2222	-13.8959	-10.6498	-17.5931	-10.0372	-20.9372	-10.6015	-22.4038	-12.1612	-22.5823	-13.7198	-22.8520
ps02	1.2712	07/02/2017 16:29:14	Mowie paga teraz	a	49.1989	-35.6616	36.8248	68.4724	110.7203	112.6530	43.6420	-15.6873	41.4406	-15.7344	38.7684	-16.5761	37.3493	-15.8951	36.9966	-13.5894	37.3672	-9.8287	37.4194	-6.1497	36.9242	-3.0484	35.6685	-1.1707	34.3915	0.8690	33.2044	3.4246	31.7688	5.6758	30.1891	7.8574	28.1774	8.8420	26.1870	10.0607	24.0658	10.8732	22.0144	12.3374	19.9032	13.9754	17.7035	15.7358	15.3533	16.6176	12.9413	16.6933	10.5335	16.4333	8.1734	15.6269	5.8695	14.7145	3.6358	13.6401	1.3893	12.9748	-0.7211	11.7390	-2.7240	10.2935	-4.3517	7.7468	-6.0168	5.7862	-7.6267	3.9571	-9.3999	2.7689	-10.7293	0.6426	-11.7499	-1.8967	-12.6283	-4.4288	-13.5293	-6.6600	-14.3878	-8.7592	-14.9307	-11.1639	-15.5532	-13.2527	-16.0742	-15.3189	-17.3058	-16.3850	-18.4837	-17.5071
ps02	1.2423	07/02/2017 16:29:32	Mowie pata teraz	a	63.0344	-3.5331	4.1696	57.5313	-12.4536	12.1482	52.8141	-5.0721	51.1542	-3.6601	49.6229	-2.0681	47.9006	-0.7081	46.1465	0.6212	44.2284	1.6978	41.9110	2.0374	39.4563	1.9781	36.8483	1.3914	34.5901	1.3435	32.4627	1.4615	30.5123	1.9603	28.5736	2.4628	26.6510	3.0061	24.7136	3.4935	22.7649	3.9430	20.7972	4.3066	18.8274	4.6861	16.8525	5.1408	14.8598	5.6607	12.8347	5.9042	10.8011	5.8413	8.7674	5.8034	6.7397	5.6332	4.7095	5.4694	2.7228	5.0063	0.7269	4.6302	-1.2141	4.0172	-3.1361	3.3753	-4.9633	2.4556	-6.5265	0.8617	-8.0243	-0.7093	-9.4283	-2.3366	-10.7334	-4.0178	-11.8592	-5.8986	-12.7014	-8.1156	-13.8740	-9.5930	-14.9217	-11.1775	-16.6376	-11.7421	-18.3211	-12.4101	-19.1213	-14.1980	-19.9033	-15.9143
ps02	1.3736	07/02/2017 16:29:37	Mowie puku teraz	u	49.6371	29.8556	29.4847	70.3138	47.2684	48.5411	47.6475	-11.0516	46.2954	-9.6997	44.3618	-9.1000	41.9340	-9.2960	39.5457	-9.6305	37.5077	-9.5926	36.2096	-8.3547	34.9687	-6.9302	34.2267	-4.3022	32.9832	-2.4958	31.8250	-0.2263	30.3017	1.3374	28.9198	3.6188	27.4335	5.9976	25.8609	8.6073	24.0929	11.0179	22.0788	12.7624	20.0489	15.2340	17.8140	17.1114	15.4531	18.8338	12.9665	19.2482	10.4632	19.2128	7.9601	19.1541	5.4452	19.1427	3.0348	18.2129	0.7683	16.6858	-1.3901	15.0235	-3.5472	13.7152	-5.6586	12.4468	-7.5575	10.6572	-9.3560	8.8227	-10.4341	5.3839	-11.0384	1.3502	-11.1624	-3.1226	-11.0996	-7.3506	-11.3524	-10.4872	-12.4849	-11.8470	-13.9348	-12.6596	-15.3559	-13.5277	-16.0009	-15.4138	-17.2678	-16.4308	-18.4794	-17.5119
ps02	1.4206	07/02/2017 16:29:42	Mowie pogo teraz	O	48.1242	1.6284	0.7604	69.2149	76.6581	78.3004	40.7154	-19.0744	39.5397	-18.0973	38.3577	-17.1251	37.1194	-16.2261	36.8935	-13.7496	36.6907	-10.9653	36.4368	-7.9407	35.4261	-6.0222	34.5153	-3.6753	33.7016	-0.7792	32.4998	1.5598	30.9365	3.2146	29.4246	5.3044	27.8520	7.5980	26.1732	9.9995	24.0926	11.0161	22.1325	13.1164	20.0510	15.2521	17.8280	17.2852	15.4020	17.6985	12.9513	17.7081	10.5036	17.6174	8.0602	17.4985	5.6571	16.9315	3.2864	16.2980	0.9525	15.5854	-1.2436	14.3041	-3.3064	12.7143	-5.2433	10.9533	-7.1244	9.2879	-8.9852	7.7795	-10.3290	5.1182	-11.2330	1.7958	-12.0031	-1.3684	-12.9573	-3.7998	-13.7190	-6.3265	-14.2506	-8.9818	-15.0818	-10.9370	-16.9437	-11.3156	-18.8246	-11.7583	-19.5618	-13.6674	-20.3377	-15.4270
ps02	1.1848	07/02/2017 16:29:47	Mowie paka teraz	a	52.6075	-60.7828	60.7915	60.7008	97.1781	95.0186	44.7311	-14.4269	43.0583	-13.7235	41.7546	-12.5848	41.1699	-10.3958	40.5997	-7.9935	39.4027	-6.4091	38.1361	-4.8432	36.7507	-3.3927	35.2427	-2.0957	33.5532	-1.1338	31.9696	0.1562	30.5006	1.9258	28.9398	3.6855	27.1653	4.9724	25.1860	5.5991	23.1699	6.1010	21.1220	6.4497	19.0794	6.8617	17.0358	7.4222	14.9515	7.6977	12.8526	7.7168	10.7604	7.4539	8.6547	7.6674	6.5599	7.5097	4.5487	6.6930	2.6466	5.4615	0.8140	4.2024	-1.0761	3.4436	-2.9015	2.5313	-4.7634	1.8237	-6.4452	0.6329	-8.0172	-0.7271	-9.5602	-2.0344	-11.2392	-2.9624	-12.9439	-3.8255	-14.5778	-4.8167	-16.1595	-5.8844	-17.6239	-7.1192	-19.1005	-8.3110	-20.5456	-9.5303	-20.8322	-12.1370	-21.5487	-14.0682
ps02	1.4558	07/02/2017 16:29:52	Mowie poto teraz	O	62.5900	130.9896	133.5517	57.8114	-7.7843	8.4470	55.1977	-2.3136	53.3567	-0.9223	51.4012	0.3088	49.4114	1.4666	47.3447	2.4822	44.9270	2.8715	41.9124	2.0399	38.7402	0.5566	35.9279	-0.6075	33.6563	-0.8875	31.6839	-0.5998	29.7602	-0.2636	27.9206	0.2823	26.0606	0.7488	24.1987	1.1985	22.4660	2.3511	20.6758	3.5056	18.8187	4.6103	16.8322	4.8879	14.8388	5.1941	12.8327	5.6945	10.7891	6.3175	8.6922	7.0465	6.5641	7.4663	4.3624	8.1109	2.1603	8.3677	-0.0659	8.5226	-2.2031	8.1281	-4.3164	7.6200	-6.1389	6.1722	-7.8124	4.4798	-9.3292	2.5902	-11.0428	1.3604	-12.1069	-1.1518	-12.8161	-4.0698	-13.1731	-7.2862	-14.1991	-9.0654	-15.8448	-9.7911	-17.7481	-10.1950	-19.5425	-10.8289	-20.4647	-12.5797	-21.5432	-14.0744
ps02	1.3045	07/02/2017 16:29:58	Mowie pugu teraz	u	50.1560	-5.3861	4.6086	69.6252	26.8875	27.4268	48.7020	-9.8312	46.9044	-8.9427	44.8509	-8.4463	43.1009	-7.6165	40.7480	-7.7632	38.1081	-8.5840	35.5112	-9.6277	33.7921	-9.2657	33.3582	-6.1883	32.8614	-2.7869	32.5300	1.6395	31.1987	3.9900	29.8678	6.7846	28.0239	8.2552	26.0893	9.6254	24.1891	11.5304	22.2094	13.6239	20.0959	15.6397	17.7834	16.7303	15.3883	17.3952	12.9554	18.1161	10.4812	18.5035	8.0100	18.3284	5.5737	17.8016	3.2025	16.9366	0.9179	15.7922	-1.2681	14.4244	-3.3968	13.0904	-5.3928	11.4910	-7.1243	9.2875	-8.6156	6.7397	-9.5111	3.0502	-10.2147	-0.5358	-9.5792	-6.4263	-9.4349	-10.5323	-9.3177	-14.0643	-9.7210	-16.3317	-9.7689	-18.9160	-9.6959	-21.4126	-10.4517	-22.5978	-11.3375	-23.5745	-12.2451	-24.5066
ps02	1.3978	07/02/2017 16:30:03	Mowie podo teraz	O	60.7277	68.9394	69.8394	62.3312	-25.7270	26.0524	44.4203	-14.7865	44.8047	-11.5527	45.6220	-7.4157	46.3614	-2.9235	45.4969	-0.3877	43.7522	0.8978	41.5225	1.3292	39.1377	1.3456	37.0232	1.7713	35.0056	2.3364	33.0750	3.0820	31.0996	3.6968	29.2189	4.6177	27.3351	5.6217	25.3982	6.5448	23.4035	7.3452	21.3368	7.8669	19.3027	8.7904	17.1878	9.3148	15.0510	9.9068	12.8764	10.1201	10.6892	10.2687	8.4853	10.4680	6.2660	10.5766	4.0234	10.6906	1.7974	10.5365	-0.3876	10.1020	-2.4798	9.2783	-4.5483	8.4538	-6.5003	7.3147	-8.2314	5.6586	-9.4397	2.8696	-10.5716	0.2814	-11.7001	-2.0006	-12.7871	-4.1251	-13.7130	-6.3370	-14.4507	-8.6571	-15.4419	-10.3961	-16.8550	-11.4392	-18.4811	-12.2030	-19.4434	-13.8100	-20.3519	-15.4110
ps02	1.3965	07/02/2017 16:30:08	Mowie putu teraz	u	64.9975	-20.4156	20.2739	66.3896	-4.4235	4.4604	55.7988	-1.6179	53.9260	-0.2146	51.9409	1.0302	49.9930	2.3037	48.0400	3.5619	45.6830	4.1416	43.0685	4.1472	40.2678	3.5890	37.8501	3.5671	35.6694	3.9225	33.6836	4.6930	31.7345	5.5743	29.7953	6.5423	27.8524	7.5995	26.0118	9.2801	24.0834	10.9669	22.0429	12.5252	19.8135	13.2011	17.5360	13.6497	15.2327	13.9407	12.9157	14.1004	10.5879	14.2777	8.2385	14.5502	5.8641	14.7709	3.4999	14.6740	1.1859	14.1902	-1.1248	13.7212	-3.2440	12.4551	-5.3028	11.1673	-7.2404	9.6546	-9.0346	7.9184	-9.9342	4.1200	-9.9090	-1.2359	-9.7335	-6.1044	-10.2607	-8.9540	-11.5653	-10.1129	-12.8098	-11.3198	-12.9012	-14.2119	-12.5523	-17.4333	-12.8929	-19.4374	-14.3001	-20.0057	-15.9469	-20.3533
ps02	1.3554	07/02/2017 16:30:14	Mowie poko teraz	O	51.4308	46.9913	46.7312	69.8224	-34.7466	33.1429	42.1021	-17.4694	40.7848	-16.5496	39.4300	-15.6918	38.2558	-14.5903	38.4473	-11.3364	38.6611	-7.6550	38.5780	-4.0378	37.1849	-2.5308	35.5608	-1.4047	33.8641	-0.3911	32.1898	0.7392	30.7462	2.6518	29.2732	4.7991	27.8065	7.4241	26.1735	10.0005	24.3407	12.3376	22.3446	14.5160	20.1034	15.7042	17.7995	16.9308	15.3858	17.3403	12.9512	17.6920	10.5001	17.7555	8.0593	17.5136	5.6554	16.9495	3.3033	16.1700	1.2202	13.9856	-0.7628	11.9436	-2.7518	10.4092	-4.7382	9.1366	-6.5346	7.4234	-7.7643	4.3444	-9.1110	2.0385	-10.2879	-0.3683	-11.2677	-2.9030	-12.1720	-5.3009	-13.0359	-7.5275	-14.6710	-8.2997	-16.7710	-8.4000	-18.8558	-8.6518	-19.2808	-11.1676	-18.9780	-14.3706	-18.8119	-17.1388
ps02	1.4311	07/02/2017 16:30:19	Mowie pada teraz	a	63.3984	78.5530	81.0742	58.5112	-20.5327	20.8838	55.2203	-2.2873	53.4237	-0.8390	51.4486	0.3722	49.4849	1.5723	47.4628	2.6655	45.4278	3.7129	43.1988	4.3847	40.7283	4.5032	37.8540	3.5756	35.1849	2.7646	32.7990	2.3517	30.8099	2.8403	28.8536	3.3977	26.8330	3.7019	24.8237	3.9841	22.8939	4.6307	20.8689	4.7792	18.8583	4.9524	16.8193	4.7267	14.8442	5.3133	12.8341	5.8424	10.7825	6.5762	8.7269	6.4726	6.6895	6.1576	4.6969	5.5656	2.6801	5.2614	0.6559	4.9789	-1.2938	4.3485	-3.2265	3.7002	-5.0690	2.7897	-6.8615	1.8042	-8.4257	0.3057	-9.8369	-1.4009	-11.1320	-3.1861	-12.2994	-5.0573	-13.3551	-6.9664	-14.2402	-8.9988	-15.6308	-10.1125	-17.2747	-10.8546	-18.9715	-11.5681	-19.8417	-13.3302	-20.8263	-14.8788
ps02	1.5359	07/02/2017 16:30:24	Mowie pudu teraz	u	63.7935	96.0161	98.9342	67.2765	-15.0937	15.1373	56.2316	-1.1169	54.2826	0.2286	52.1493	1.3087	50.1238	2.4919	48.1094	3.6697	45.9608	4.6083	43.1490	4.2939	40.3229	3.6984	37.7673	3.3874	35.7560	4.1293	33.8200	5.0540	32.0066	6.3790	30.1684	7.7882	28.2691	9.1924	26.3830	10.9345	24.3501	12.3880	22.2513	13.9006	19.9527	14.4033	17.6425	14.9762	15.2879	15.1665	12.9263	15.1783	10.5659	15.1511	8.2145	14.9474	5.8670	14.7413	3.5309	14.4382	1.2716	13.6784	-0.8104	12.1775	-2.9007	11.0282	-4.8975	9.7095	-6.8507	8.4227	-7.4869	3.5638	-7.6333	-1.6977	-7.4982	-6.7560	-8.1564	-9.3951	-8.0478	-13.1835	-7.1422	-17.8889	-6.5573	-21.4653	-7.1208	-22.8929	-8.9694	-22.4247	-10.0605	-23.1042	-11.2773	-23.6470	-11.7957	-25.0108
ps02	1.3586	07/02/2017 16:30:30	Mowie paga teraz	a	53.2496	7.2134	6.3518	69.5129	81.9378	83.9950	42.3752	-17.1534	40.9188	-16.3830	39.4364	-15.6833	39.0526	-13.4435	39.0105	-10.4618	39.2089	-6.7348	38.3931	-4.3747	37.1735	-2.5534	35.8969	-0.6748	34.7316	1.6816	33.6504	4.6050	32.0994	6.6533	30.1619	7.7666	28.0345	8.2954	26.0640	9.5124	24.3239	12.2486	22.4583	15.2663	20.3033	17.4311	17.8984	18.1623	15.4264	18.2407	12.9517	17.7411	10.5207	16.9375	8.1573	15.8928	5.8352	15.0722	3.6136	13.8084	1.5084	12.2634	-0.3814	10.0714	-2.0950	7.6790	-3.7164	5.4622	-5.3968	3.8262	-6.8070	1.6509	-8.0998	-0.5182	-9.2179	-2.8182	-10.6168	-4.2612	-11.7467	-6.1138	-12.8317	-7.8864	-13.9915	-9.4023	-15.5876	-10.1773	-16.5655	-11.8425	-18.5040	-12.1734	-21.2957	-11.5788	-24.3436	-10.9325
ps02	1.4549	07/02/2017 16:30:46	Mowie pata teraz	a	64.1277	25.7906	27.6299	57.3317	-4.1780	4.9292	48.4344	-10.1409	48.8522	-6.5216	49.3920	-2.3767	49.3096	1.3200	47.4227	2.6033	45.2633	3.4366	43.0132	4.0464	40.3125	3.6777	37.6116	3.0491	35.0157	2.3605	32.8613	2.5164	30.8210	2.8731	28.8262	3.3064	26.8493	3.7644	24.8556	4.1265	22.8480	4.3859	20.8572	4.7026	18.9087	5.3881	16.8765	5.4388	14.8443	5.3164	12.8268	5.0983	10.8184	5.1557	8.8203	4.9285	6.8695	4.2789	4.9207	3.8624	2.9689	3.5354	1.0464	3.0616	-0.8431	2.4751	-2.7200	1.8785	-4.5268	1.0758	-6.2195	-0.0022	-7.8473	-1.1567	-9.5087	-2.1525	-10.8718	-3.7291	-12.1032	-5.4324	-13.2178	-7.2077	-14.4833	-8.6043	-16.2583	-9.1701	-18.2220	-9.5348	-20.2492	-9.9140	-20.4955	-12.5427	-21.0309	-14.6492
ps02	1.2655	07/02/2017 16:30:51	Mowie puku teraz	u	53.9038	-13.5328	14.3868	71.1549	-3.5104	2.6860	45.2082	-13.8747	44.9201	-11.4093	45.0883	-8.1290	44.7086	-5.3024	42.9967	-4.2707	39.9355	-5.5140	37.6373	-5.7525	35.7244	-5.4301	34.5652	-3.5670	33.1954	-1.9888	31.7129	-0.5232	30.6250	2.2935	29.3189	4.9515	28.0382	8.3097	26.2159	10.1897	24.3636	12.4596	22.3002	14.2230	20.1696	16.2763	17.8814	17.9506	15.4632	19.0584	12.9685	19.4481	10.4597	19.3516	7.9011	20.1293	5.3675	19.9539	2.9859	18.5847	0.8898	15.9600	-1.1520	13.8546	-3.1264	11.9660	-4.9679	9.9628	-6.5462	7.4599	-8.3579	6.0144	-9.2793	2.4641	-10.0425	-0.9302	-9.4052	-6.7894	-9.2561	-10.8741	-9.0350	-14.5611	-9.4950	-16.6986	-9.8000	-18.8692	-10.1819	-20.7356	-11.1403	-21.7063	-13.6600	-20.7768	-15.6338	-20.7046
ps02	1.2119	07/02/2017 16:30:56	Mowie pogo teraz	O	46.8708	-28.4268	29.4601	69.9854	62.0218	64.1405	41.6305	-18.0152	40.2375	-17.2300	38.6787	-16.6960	37.2468	-16.0426	36.1084	-14.9689	36.0595	-12.0256	36.1234	-8.5118	36.2823	-4.3226	35.4511	-1.6430	34.4024	0.8951	33.0368	2.9810	31.5818	5.1226	29.9112	6.9295	28.0862	8.4931	26.1080	9.7089	24.2351	11.7752	22.1826	13.4472	20.1185	15.8350	17.8148	17.1218	15.4274	18.2631	12.9571	18.2961	10.4860	18.3107	8.0159	18.2316	5.5407	18.1458	3.0886	17.8035	0.7606	16.7320	-1.2736	14.4517	-2.9523	11.2426	-4.5078	8.3082	-6.0975	6.0414	-7.7436	4.2860	-8.8334	1.3367	-9.8062	-1.4712	-10.6845	-4.1199	-11.8189	-5.9757	-12.9080	-7.7524	-14.1054	-9.2174	-14.7089	-11.4969	-15.1712	-13.7849	-15.8650	-15.5898	-17.1469	-16.5764	-18.6990	-17.2655
ps02	1.2778	07/02/2017 16:31:01	Mowie paka teraz	a	51.6025	-36.6523	36.9188	68.4338	98.1462	99.4063	42.0858	-17.4884	40.6070	-16.7706	39.2139	-15.9807	38.8178	-13.7814	38.7582	-10.8536	38.4128	-8.0721	37.8157	-5.4272	36.7513	-3.3917	35.7897	-0.9076	34.5909	1.3455	33.3196	3.7295	31.9056	6.0801	30.1244	7.6414	28.4272	9.7968	26.4802	11.3678	24.5132	13.2565	22.3144	14.3171	20.0950	15.6322	17.7651	16.5024	15.3743	17.0833	12.9427	16.8362	10.5340	16.4112	8.1625	15.8073	5.8283	15.1450	3.6378	13.6247	1.7030	11.1002	-0.0635	8.5105	-1.8663	6.7282	-3.5776	4.9629	-5.1935	3.1834	-6.6249	1.1386	-8.1433	-0.4083	-9.6404	-1.8508	-10.9884	-3.4858	-12.2555	-5.1413	-13.3575	-6.9620	-14.2456	-8.9900	-15.2833	-10.6343	-16.9730	-11.2748	-19.1898	-11.2855	-20.0342	-13.0984	-20.7988	-14.9096
ps02	1.2443	07/02/2017 16:31:07	Mowie poto teraz	O	64.1336	55.0689	57.5760	61.3578	-10.0689	10.3690	55.1657	-2.3506	53.3637	-0.9136	51.4659	0.3954	49.5503	1.6664	47.6116	2.8965	45.6603	4.1034	43.2172	4.4182	40.2014	3.4572	37.1576	2.0632	34.7311	1.6805	32.8612	2.5161	31.0475	3.5427	29.0694	4.1185	27.2042	5.1212	25.1708	5.5312	23.1446	5.9661	21.1436	6.5921	19.1849	7.7732	17.1563	8.9225	15.0201	9.2194	12.8712	9.5996	10.6954	10.0236	8.4922	10.3538	6.2831	10.3982	4.0786	10.2703	1.8748	10.0734	-0.3031	9.6869	-2.4222	9.0392	-4.4706	8.1744	-6.0436	5.8710	-7.4802	3.5450	-8.6985	0.9955	-10.2415	-0.4745	-11.6678	-2.0679	-12.6504	-4.3866	-13.7446	-6.2815	-14.8585	-7.9955	-16.1110	-9.3913	-17.2417	-10.9004	-18.8947	-11.6676	-19.8753	-13.2897	-21.3278	-14.3161
ps02	1.3602	07/02/2017 16:31:12	Mowie pugu teraz	u	58.3265	19.1021	20.1721	70.0808	22.3761	23.2649	43.5619	-15.7800	43.2388	-13.4992	44.2656	-9.2285	44.5674	-5.5057	44.0708	-2.6027	42.3708	-1.4228	39.7296	-1.9386	37.0491	-2.8005	34.7501	-3.1654	33.4918	-1.2805	32.3440	1.1473	31.0481	3.5445	29.5285	5.6516	27.8739	7.6817	26.0152	9.2950	24.1281	11.2054	21.9904	12.1790	19.9529	14.4052	17.6873	15.5335	15.3828	17.2727	12.9514	17.7123	10.4800	18.5481	7.9659	19.0589	5.4591	18.9976	3.0456	18.1305	0.7305	16.9121	-1.4117	15.1294	-3.4148	13.1650	-5.3329	11.2756	-7.0651	9.1004	-8.7093	7.0032	-9.5899	3.2494	-9.5218	-2.1223	-8.4778	-8.7245	-8.0658	-13.1492	-8.5993	-15.3272	-9.6835	-16.3927	-9.9899	-18.5841	-10.0530	-20.9152	-10.3123	-22.7782	-11.0778	-23.8873	-12.0101	-24.7702
ps02	1.4733	07/02/2017 16:31:17	Mowie podo teraz	O	64.9146	-18.3478	18.3827	59.9140	-8.4902	8.5795	54.9893	-2.5547	53.3657	-0.9111	51.6888	0.6933	49.8348	2.0760	47.7439	3.1020	45.2701	3.4480	42.4917	3.0958	39.7208	2.5032	37.1215	1.9848	34.9188	2.1291	32.7304	2.1699	30.7339	2.6157	28.7367	3.0073	26.8470	3.7554	24.9312	4.4636	22.9901	5.1430	21.0056	5.6811	19.0268	6.4077	17.0099	7.1001	14.9551	7.7762	12.8568	8.1397	10.7389	8.3047	8.6155	8.3145	6.4880	8.2607	4.3584	8.1413	2.2449	7.8618	0.1615	7.4062	-1.8951	6.8480	-3.8528	5.9524	-5.7046	4.7993	-7.2399	2.8688	-8.7241	1.0602	-10.1144	-0.7655	-11.3890	-2.6498	-12.3484	-4.9636	-12.8966	-7.7724	-13.4013	-10.3600	-14.0866	-12.4316	-15.7437	-12.9874	-17.9952	-12.8321	-19.8812	-13.2826	-21.2793	-14.3705
ps02	1.4163	07/02/2017 16:31:22	Mowie putu teraz	u	64.2238	100.1252	102.1724	68.1688	-15.1488	14.5980	55.9802	-1.4080	54.2207	0.1517	52.2029	1.3804	50.0118	2.3308	47.7017	3.0365	45.3905	3.6502	43.1632	4.3199	40.9510	4.9452	38.8509	5.7408	36.7877	6.5943	34.7628	7.5494	32.7662	8.6251	30.7530	9.7403	28.7722	11.1160	26.8127	12.8499	24.6969	14.2355	22.4297	15.0774	20.0535	15.2732	17.6976	15.6619	15.3247	15.9827	12.9367	16.2286	10.5365	16.3130	8.1272	16.3907	5.7132	16.3463	3.3755	15.6202	1.0948	14.7346	-1.1382	13.7869	-3.4797	13.4350	-5.4313	11.6294	-6.5122	7.3524	-6.6037	1.0788	-5.5738	-6.9051	-4.5060	-13.6075	-3.7151	-18.6628	-4.0010	-20.9183	-4.9869	-21.6779	-6.2131	-22.0239	-7.6580	-22.0861	-8.9046	-22.5150	-10.0589	-23.1063	-11.0609	-23.9077	-12.0332	-24.7444
ps02	1.1892	07/02/2017 16:31:27	Mowie poko teraz	O	46.9230	-20.6905	21.7493	70.4682	30.9973	33.5054	41.7686	-17.8554	40.4027	-17.0245	38.9522	-16.3305	37.5086	-15.6659	36.1717	-14.8707	35.9925	-12.1382	36.3717	-8.0593	36.5560	-3.7793	35.6315	-1.2511	34.4790	1.0781	33.2684	3.5940	31.9481	6.2059	30.1533	7.7378	28.2652	9.1776	26.4149	11.0767	24.4720	13.0373	22.3705	14.6871	20.1807	16.3719	17.8670	17.7709	15.4618	19.0263	12.9664	19.2381	10.4608	19.3099	7.9548	19.2423	5.5122	18.4436	3.1508	17.3298	0.9045	15.8722	-1.2443	14.3076	-3.1297	11.9798	-4.8951	9.7010	-6.6361	7.7442	-8.3866	6.0952	-9.6086	3.2967	-10.6344	0.4252	-11.4544	-2.5133	-12.6020	-4.4791	-13.0223	-7.5514	-13.3160	-10.4984	-13.4276	-13.4212	-14.2163	-15.1153	-15.3850	-16.2112	-17.2368	-16.4682	-18.9067	-17.0324
ps02	1.2411	07/02/2017 16:31:32	Mowie pada teraz	a	64.8515	65.5978	67.6509	56.5373	-29.0210	29.7347	55.4862	-1.9796	53.6108	-0.6065	51.6534	0.6460	49.6692	1.8377	47.7134	3.0547	45.7215	4.2064	43.4638	4.8678	40.5743	4.1975	37.6536	3.1403	34.9610	2.2298	32.7882	2.3230	30.7405	2.6349	28.7528	3.0612	26.7408	3.3494	24.6706	3.3017	22.6174	3.1573	20.6298	3.2019	18.6779	3.3948	16.7214	3.5081	14.7894	4.0975	12.8224	4.6511	10.8238	4.9437	8.8366	4.6586	6.8598	4.3804	4.8665	4.2754	2.8729	4.1093	0.8892	3.8335	-1.0764	3.4446	-3.0091	2.9184	-4.8660	2.1482	-6.6579	1.2314	-8.3269	0.0560	-9.9152	-1.2216	-11.4413	-2.5406	-12.5021	-4.6699	-13.5281	-6.6622	-14.3483	-8.8233	-15.4988	-10.3108	-16.1583	-12.4098	-16.8479	-14.3173	-17.6817	-15.9322	-18.9347	-17.0011
ps02	1.2827	07/02/2017 16:31:37	Mowie pudu teraz	u	59.1869	143.7155	144.4106	66.8467	-6.6332	6.7165	52.1055	-5.8923	50.2069	-4.8376	48.4384	-3.6512	46.6811	-2.4633	44.7788	-1.5030	42.9056	-0.5243	40.7544	-0.0708	38.6336	0.3449	36.6292	0.9156	34.6166	1.4068	32.7674	2.2679	30.9892	3.3704	29.1902	4.5217	27.3334	5.6152	25.7347	8.0449	23.7455	9.1672	21.7142	10.3568	19.6306	11.6218	17.4490	12.5671	15.2076	13.3829	12.9110	13.6302	10.5946	14.0150	8.2635	14.1360	5.9418	13.9604	3.6327	13.6634	1.2901	13.5676	-0.9229	12.7296	-3.0914	11.8209	-5.0972	10.4278	-7.0781	9.1415	-8.2330	5.6631	-8.4881	0.4634	-7.9005	-5.8348	-7.9113	-9.9068	-8.6628	-12.0081	-10.1069	-12.6767	-10.5457	-14.9937	-10.4449	-17.9008	-10.0566	-20.9102	-10.3915	-22.6757	-10.6658	-24.3836	-11.2303	-25.6451
ps02	1.2023	07/02/2017 16:31:42	Mowie paga teraz	a	54.3752	-1.8579	2.4442	69.3571	89.1829	91.0373	43.2981	-16.0853	42.0677	-14.9549	41.3443	-13.1332	41.0538	-10.5630	40.6720	-7.8812	40.0197	-5.3727	39.1298	-3.0321	38.2842	-0.3487	36.9829	1.6838	35.7264	4.0585	34.1020	5.8003	32.3974	7.5344	30.4686	8.7907	28.5052	10.0950	26.7345	12.5011	24.8362	14.9775	22.7593	17.2524	20.3481	17.8178	17.8628	17.7191	15.3900	17.4326	12.9496	17.5368	10.5011	17.7141	8.0523	17.6289	5.6403	17.1064	3.3677	15.6793	1.2687	13.6956	-0.6842	11.5580	-2.5118	9.4116	-4.1673	7.0838	-5.7277	4.8724	-6.9940	2.1772	-8.1859	-0.3007	-9.2756	-2.6862	-10.6512	-4.1894	-11.6283	-6.3400	-12.2173	-8.9665	-12.6293	-11.6127	-13.5726	-13.2035	-14.9754	-14.0578	-16.5262	-14.7338	-17.8804	-15.6929	-19.1019	-16.8134
