it05	1.7205	11/06/2017 16:46:46	Dico pudu lentamente	max_TT	64.3685	-1.1311	0.7534	70.2148	10.4637	9.6073	65.4815	65.1509	64.9353	64.6050	64.3740	64.2326	64.3869	64.5915	64.9576	65.5335	66.3381	67.2452	68.2356	69.2771	70.0424	70.3103	70.3979	70.1402	69.5028	68.7401	67.6100	66.1064	64.3122	62.2761	60.2080	57.6870	55.5686	54.3290	53.4138	52.1624	51.0969	48.2688	44.5064	41.2985	38.1642	36.3840	35.7085	35.7222	36.0410	36.6875	*	*	3.7633	3.7330	3.7027	3.6723	3.6420	3.6117	3.5813	3.5510	3.5207	3.4904	3.4600	3.4297	3.3994	3.3691	3.3387	3.3084	3.2781	3.2477	3.2174	3.1871	3.1568	3.1264	3.0961	3.0658	3.0354	3.0051	2.9748	2.9445	2.9141	2.8838	2.8535	2.8232	2.7928	2.7625	2.7322	2.7018	2.6715	2.6412	2.6109	2.5805	*	*
it05	1.7115	11/06/2017 16:47:19	Dico pugu lentamente	max_TD	60.4527	12.4226	12.0354	71.8960	-1.7757	1.1597	55.9919	55.9046	56.0044	56.2895	57.5486	58.9592	60.4875	61.8326	62.9018	63.9194	64.9997	66.3722	67.8984	69.2745	70.5468	71.7652	72.1442	72.2370	71.9549	71.4429	70.8099	69.8184	68.6351	67.2978	65.7236	63.7197	62.0334	60.4922	59.1744	57.5610	55.0862	51.5035	47.7715	43.7846	39.9804	38.1419	37.2094	36.6093	36.6417	*	*	*	3.7633	3.7330	3.7027	3.6723	3.6420	3.6117	3.5813	3.5510	3.5207	3.4904	3.4600	3.4297	3.3994	3.3691	3.3387	3.3084	3.2781	3.2477	3.2174	3.1871	3.1568	3.1264	3.0961	3.0658	3.0354	3.0051	2.9748	2.9445	2.9141	2.8838	2.8535	2.8232	2.7928	2.7625	2.7322	2.7018	2.6715	2.6412	2.6109	*	*	*
it05	1.0935	11/06/2017 16:47:24	Dico putu lentamente	max_TT	65.5193	-0.9136	0.5245	66.2547	-15.3236	17.1680	66.9546	66.5353	66.2248	65.4700	65.2727	65.2804	65.3567	65.5944	65.9813	66.5089	67.1416	67.7132	68.1908	68.5605	68.6108	68.2149	67.6856	67.0605	66.1516	65.1339	63.7192	62.1998	60.2375	58.4007	56.4562	54.5208	52.1390	50.0049	47.7824	45.4761	43.7910	42.5766	41.3474	40.4951	39.8897	39.2392	39.1451	39.2496	39.5733	*	*	*	3.7633	3.7330	3.7027	3.6723	3.6420	3.6117	3.5813	3.5510	3.5207	3.4904	3.4600	3.4297	3.3994	3.3691	3.3387	3.3084	3.2781	3.2477	3.2174	3.1871	3.1568	3.1264	3.0961	3.0658	3.0354	3.0051	2.9748	2.9445	2.9141	2.8838	2.8535	2.8232	2.7928	2.7625	2.7322	2.7018	2.6715	2.6412	2.6109	*	*	*
it05	1.3515	11/06/2017 16:47:30	Dico poto lentamente	max_TT	64.0635	13.4525	13.3514	65.4151	21.0266	19.9795	65.0769	64.8028	64.6181	64.2710	64.0116	64.0116	64.0116	64.0116	64.0690	64.2233	64.3929	64.7044	65.1529	65.5226	65.8312	66.0093	65.8351	65.5333	65.0955	64.4670	63.8474	63.3785	62.7999	61.9851	61.0669	59.9480	58.5758	57.1692	55.5896	53.9983	52.4018	50.6813	49.1657	48.0769	47.2789	46.7550	46.5145	46.2417	46.0052	45.6523	*	*	3.7633	3.7330	3.7027	3.6723	3.6420	3.6117	3.5813	3.5510	3.5207	3.4904	3.4600	3.4297	3.3994	3.3691	3.3387	3.3084	3.2781	3.2477	3.2174	3.1871	3.1568	3.1264	3.0961	3.0658	3.0354	3.0051	2.9748	2.9445	2.9141	2.8838	2.8535	2.8232	2.7928	2.7625	2.7322	2.7018	2.6715	2.6412	2.6109	2.5805	*	*
it05	1.2445	11/06/2017 16:47:37	Dico pata lentamente	max_TT	65.2863	16.5138	16.4833	62.9114	17.6554	16.6292	67.0839	66.6720	66.3763	65.7293	65.5551	65.4310	65.3704	65.2584	65.2522	65.3310	65.4248	65.5157	65.5974	65.6218	65.2599	64.6913	64.1045	63.4923	62.7458	62.1105	61.5915	60.8021	59.9970	59.0890	58.3213	57.6335	57.1372	56.5295	55.9332	55.3091	54.5132	53.7925	53.2465	52.7220	52.6379	52.8573	53.0846	53.4117	*	*	*	54.9758	3.7633	3.7330	3.7027	3.6723	3.6420	3.6117	3.5813	3.5510	3.5207	3.4904	3.4600	3.4297	3.3994	3.3691	3.3387	3.3084	3.2781	3.2477	3.2174	3.1871	3.1568	3.1264	3.0961	3.0658	3.0354	3.0051	2.9748	2.9445	2.9141	2.8838	2.8535	2.8232	2.7928	2.7625	2.7322	2.7018	2.6715	2.6412	*	*	*	2.5199
it05	1.5655	11/06/2017 16:48:24	Dico pucu lentamente	max_TD	61.2649	15.2798	15.0967	72.0727	-0.6676	0.3567	56.8992	56.8455	57.0050	57.2872	58.5763	59.9616	61.2873	62.3498	63.0640	63.6300	64.1965	64.9164	66.0396	67.5123	68.9393	70.1937	71.2818	71.8799	72.0738	72.2122	71.9643	70.5940	68.9082	67.3232	65.2759	63.2933	62.0822	60.9909	59.7063	57.7775	54.7717	50.2583	44.9591	40.2820	36.9002	34.8592	34.6186	35.3852	36.2213	*	*	*	3.7633	3.7330	3.7027	3.6723	3.6420	3.6117	3.5813	3.5510	3.5207	3.4904	3.4600	3.4297	3.3994	3.3691	3.3387	3.3084	3.2781	3.2477	3.2174	3.1871	3.1568	3.1264	3.0961	3.0658	3.0354	3.0051	2.9748	2.9445	2.9141	2.8838	2.8535	2.8232	2.7928	2.7625	2.7322	2.7018	2.6715	2.6412	2.6109	*	*	*
it05	1.6285	11/06/2017 16:48:29	Dico paga lentamente	max_TD	63.3215	31.1880	31.0154	70.4351	-4.6215	2.9926	59.1966	59.5207	60.0435	60.8286	61.7117	62.5034	63.3671	64.0766	64.6974	65.4622	66.4775	67.6471	68.8818	70.0102	71.0647	71.7986	72.0606	71.4925	70.4410	68.9357	66.9541	64.9687	63.8804	62.9677	62.0488	61.0668	59.8427	58.5614	57.1235	55.7690	54.7498	53.7483	52.7538	52.2930	52.2416	52.4475	52.8674	53.4597	53.6855	*	*	*	3.7633	3.7330	3.7027	3.6723	3.6420	3.6117	3.5813	3.5510	3.5207	3.4904	3.4600	3.4297	3.3994	3.3691	3.3387	3.3084	3.2781	3.2477	3.2174	3.1871	3.1568	3.1264	3.0961	3.0658	3.0354	3.0051	2.9748	2.9445	2.9141	2.8838	2.8535	2.8232	2.7928	2.7625	2.7322	2.7018	2.6715	2.6412	2.6109	*	*	*
it05	1.2895	11/06/2017 16:48:34	Dico poco lentamente	max_TD	61.3678	22.7003	22.3522	70.7225	-1.3142	0.7839	55.4607	56.0331	56.5356	57.6427	58.9436	60.2897	61.3863	62.3742	63.0716	63.7569	64.4731	65.5294	66.8552	68.1300	69.3574	70.4030	70.6215	70.5245	70.3280	69.7062	68.8676	68.1860	67.4165	66.4326	65.2565	63.8718	62.3753	60.6894	58.8085	56.9246	55.3959	53.6016	51.5476	49.9962	48.7032	47.6070	47.5380	*	*	*	*	*	3.7633	3.7330	3.7027	3.6723	3.6420	3.6117	3.5813	3.5510	3.5207	3.4904	3.4600	3.4297	3.3994	3.3691	3.3387	3.3084	3.2781	3.2477	3.2174	3.1871	3.1568	3.1264	3.0961	3.0658	3.0354	3.0051	2.9748	2.9445	2.9141	2.8838	2.8535	2.8232	2.7928	2.7625	2.7322	2.7018	2.6715	*	*	*	*	*
it05	1.3575	11/06/2017 16:48:39	Dico paca lentamente	max_TD	64.4272	23.9906	23.8247	69.8976	-3.1757	2.0447	59.8276	60.4985	60.9672	61.7865	62.8419	63.7014	64.3341	64.8981	65.3071	65.9441	67.0244	68.1861	69.2556	70.3663	71.1958	71.6990	71.4808	70.8950	70.0185	68.5633	67.0342	65.6491	64.5580	63.3751	62.4867	61.1558	60.0257	58.6539	56.9654	55.3972	53.9487	52.4946	51.3573	50.5164	49.8573	49.9776	50.4406	51.0326	*	*	*	*	3.7633	3.7330	3.7027	3.6723	3.6420	3.6117	3.5813	3.5510	3.5207	3.4904	3.4600	3.4297	3.3994	3.3691	3.3387	3.3084	3.2781	3.2477	3.2174	3.1871	3.1568	3.1264	3.0961	3.0658	3.0354	3.0051	2.9748	2.9445	2.9141	2.8838	2.8535	2.8232	2.7928	2.7625	2.7322	2.7018	2.6715	2.6412	*	*	*	*
it05	1.4905	11/06/2017 16:48:45	Dico pogo lentamente	max_TD	62.5773	26.8507	26.3853	71.2159	-2.0599	1.0548	57.5136	58.1344	58.8138	59.7248	60.8834	61.9143	62.7017	63.3937	64.2407	64.8897	65.7453	67.0895	68.3812	69.4844	70.6653	71.3882	71.6028	71.8554	71.2731	70.5888	69.5738	68.2824	66.8483	65.9963	64.4135	62.9349	61.4386	59.7288	58.0590	56.8423	55.6571	53.7613	51.4719	49.4114	47.3065	45.4780	44.8711	44.7524	*	*	*	*	3.7633	3.7330	3.7027	3.6723	3.6420	3.6117	3.5813	3.5510	3.5207	3.4904	3.4600	3.4297	3.3994	3.3691	3.3387	3.3084	3.2781	3.2477	3.2174	3.1871	3.1568	3.1264	3.0961	3.0658	3.0354	3.0051	2.9748	2.9445	2.9141	2.8838	2.8535	2.8232	2.7928	2.7625	2.7322	2.7018	2.6715	2.6412	*	*	*	*
it05	1.2865	11/06/2017 16:48:51	Dico pada lentamente	max_TT	64.7120	-2.1954	1.3504	63.0283	-25.7406	26.4053	65.5290	65.3279	65.1993	65.0201	64.8685	64.7970	64.9513	65.1104	65.3366	65.6536	65.8972	66.0586	66.1268	66.0335	65.8792	65.5296	64.8336	64.0246	62.9754	61.6206	60.2182	58.8893	57.7443	56.8507	56.1391	55.6909	55.3176	54.7978	54.2293	53.6966	53.0856	52.5440	52.0820	51.7148	51.6515	51.8280	52.2445	52.8438	*	*	*	*	3.7633	3.7330	3.7027	3.6723	3.6420	3.6117	3.5813	3.5510	3.5207	3.4904	3.4600	3.4297	3.3994	3.3691	3.3387	3.3084	3.2781	3.2477	3.2174	3.1871	3.1568	3.1264	3.0961	3.0658	3.0354	3.0051	2.9748	2.9445	2.9141	2.8838	2.8535	2.8232	2.7928	2.7625	2.7322	2.7018	2.6715	2.6412	*	*	*	*
it05	1.6995	11/06/2017 16:49:20	Dico pugu lentamente	max_TD	61.4061	26.2985	25.5747	72.8822	-1.6117	0.8316	62.6425	62.2236	61.5950	60.7645	60.3941	60.7723	61.5171	62.6177	63.8176	64.9592	65.8852	66.9373	68.2306	69.3299	70.3508	71.4311	72.0863	72.6081	72.9655	73.0033	72.6154	71.4065	69.7903	68.0018	65.9805	63.9336	62.0816	60.4024	58.9384	57.1325	54.5083	50.9258	46.5968	42.0347	37.8506	35.6411	34.5093	34.4596	34.9603	35.9258	*	*	3.7633	3.7330	3.7027	3.6723	3.6420	3.6117	3.5813	3.5510	3.5207	3.4904	3.4600	3.4297	3.3994	3.3691	3.3387	3.3084	3.2781	3.2477	3.2174	3.1871	3.1568	3.1264	3.0961	3.0658	3.0354	3.0051	2.9748	2.9445	2.9141	2.8838	2.8535	2.8232	2.7928	2.7625	2.7322	2.7018	2.6715	2.6412	2.6109	2.5805	*	*
it05	1.7725	11/06/2017 16:49:56	Dico pata lentamente	max_TT	65.2082	21.6408	21.6217	62.9914	5.3892	4.2114	65.4831	65.4831	65.4824	65.4548	65.3005	65.1820	65.1820	65.1843	65.2462	65.4006	65.4864	65.4899	65.4077	65.2604	64.9214	64.3522	63.7331	63.2322	62.5037	62.1153	61.5242	60.9034	60.1317	59.3258	58.3328	57.6846	56.8824	56.0596	55.4423	54.7640	54.0574	53.5802	53.4338	53.5266	53.7778	54.0912	*	*	*	*	55.0101	55.1936	3.7633	3.7330	3.7027	3.6723	3.6420	3.6117	3.5813	3.5510	3.5207	3.4904	3.4600	3.4297	3.3994	3.3691	3.3387	3.3084	3.2781	3.2477	3.2174	3.1871	3.1568	3.1264	3.0961	3.0658	3.0354	3.0051	2.9748	2.9445	2.9141	2.8838	2.8535	2.8232	2.7928	2.7625	2.7322	2.7018	*	*	*	*	2.5502	2.5199
it05	1.4015	11/06/2017 16:50:01	Dico pucu lentamente	max_TD	61.5856	30.3211	29.3779	72.8700	-1.2608	0.7343	57.6350	57.0429	57.4651	57.6866	58.5730	60.0492	61.6222	62.6595	63.6896	64.8858	66.0179	67.0997	68.3815	69.4906	70.4166	71.1118	71.8548	72.4393	73.0238	73.2878	73.1596	71.7911	70.0279	67.9750	65.8523	63.5819	61.8822	60.6722	59.3929	57.9055	55.5428	51.2359	46.0143	41.1106	36.9590	34.8860	34.6553	35.9551	37.3574	*	*	*	3.7633	3.7330	3.7027	3.6723	3.6420	3.6117	3.5813	3.5510	3.5207	3.4904	3.4600	3.4297	3.3994	3.3691	3.3387	3.3084	3.2781	3.2477	3.2174	3.1871	3.1568	3.1264	3.0961	3.0658	3.0354	3.0051	2.9748	2.9445	2.9141	2.8838	2.8535	2.8232	2.7928	2.7625	2.7322	2.7018	2.6715	2.6412	2.6109	*	*	*
it05	1.2205	11/06/2017 16:50:06	Dico paga lentamente	max_TD	64.2275	31.7669	31.3473	70.8703	-5.4302	3.4542	60.6522	61.1370	61.4597	62.2220	62.9267	63.6063	64.2277	64.9338	65.6776	66.4536	67.4141	68.5148	69.4919	70.4240	71.2637	71.7591	71.6602	71.4673	71.2706	70.3337	68.8449	67.5737	66.1137	64.3717	62.9640	61.6234	60.3269	58.8101	57.1927	55.7106	54.5032	53.4213	52.6447	52.1402	51.8898	52.6219	53.8468	*	*	*	*	56.5151	3.7633	3.7330	3.7027	3.6723	3.6420	3.6117	3.5813	3.5510	3.5207	3.4904	3.4600	3.4297	3.3994	3.3691	3.3387	3.3084	3.2781	3.2477	3.2174	3.1871	3.1568	3.1264	3.0961	3.0658	3.0354	3.0051	2.9748	2.9445	2.9141	2.8838	2.8535	2.8232	2.7928	2.7625	2.7322	2.7018	2.6715	*	*	*	*	2.5199
it05	1.3625	11/06/2017 16:50:11	Dico poco lentamente	max_TD	62.2179	37.0369	36.0785	71.5576	-2.9259	1.8768	56.3991	57.1295	57.9008	58.9307	60.0482	61.0590	61.9083	62.6180	63.2689	64.0069	64.7285	65.4159	66.6629	68.0204	68.9856	70.0068	70.7874	71.1718	71.3513	71.5231	70.9297	70.2909	68.7657	67.0103	65.0964	63.2723	61.3700	59.7758	58.5164	57.5926	56.9910	56.3176	55.2430	53.8404	52.1851	*	*	*	*	*	40.8556	38.9106	3.7633	3.7330	3.7027	3.6723	3.6420	3.6117	3.5813	3.5510	3.5207	3.4904	3.4600	3.4297	3.3994	3.3691	3.3387	3.3084	3.2781	3.2477	3.2174	3.1871	3.1568	3.1264	3.0961	3.0658	3.0354	3.0051	2.9748	2.9445	2.9141	2.8838	2.8535	2.8232	2.7928	2.7625	2.7322	*	*	*	*	*	2.5502	2.5199
it05	1.3955	11/06/2017 16:50:18	Dico paca lentamente	max_TD	64.3374	23.6435	23.3860	70.5446	-2.9087	1.5125	60.7721	61.0900	61.5788	62.3056	62.9719	63.7039	64.3860	64.9636	65.5496	66.4318	67.5121	68.6549	69.8753	70.9623	71.6512	71.9586	71.6683	71.0578	70.4082	69.3840	68.2205	66.9331	65.6898	63.9262	62.3607	60.9262	59.6281	58.2489	56.8809	55.5046	54.2558	53.2343	52.8345	53.2886	54.1249	*	*	*	*	56.1187	55.9634	55.7241	3.7633	3.7330	3.7027	3.6723	3.6420	3.6117	3.5813	3.5510	3.5207	3.4904	3.4600	3.4297	3.3994	3.3691	3.3387	3.3084	3.2781	3.2477	3.2174	3.1871	3.1568	3.1264	3.0961	3.0658	3.0354	3.0051	2.9748	2.9445	2.9141	2.8838	2.8535	2.8232	2.7928	2.7625	2.7322	*	*	*	*	2.5805	2.5502	2.5199
it05	1.6945	11/06/2017 16:50:23	Dico pogo lentamente	max_TD	61.3444	26.8078	26.2852	69.5281	-2.3098	1.4248	57.3436	57.7906	58.2303	59.1957	59.9674	60.7293	61.4394	62.0347	62.6125	63.5901	64.8792	66.3701	68.0260	69.5633	70.5289	71.1423	71.0909	70.6029	69.8329	69.1559	67.9495	66.8327	66.0424	64.9369	63.3731	62.0502	60.6143	59.0974	57.6691	56.2121	54.9780	54.0760	53.4754	53.4124	53.6900	54.3501	*	*	*	*	*	56.2556	3.7633	3.7330	3.7027	3.6723	3.6420	3.6117	3.5813	3.5510	3.5207	3.4904	3.4600	3.4297	3.3994	3.3691	3.3387	3.3084	3.2781	3.2477	3.2174	3.1871	3.1568	3.1264	3.0961	3.0658	3.0354	3.0051	2.9748	2.9445	2.9141	2.8838	2.8535	2.8232	2.7928	2.7625	2.7322	2.7018	*	*	*	*	*	2.5199
it05	1.7175	11/06/2017 16:50:29	Dico pada lentamente	max_TT	64.3382	4.5986	4.4956	62.2731	0.9489	0.6504	65.0350	64.9550	64.7720	64.5078	64.3585	64.2308	64.1388	64.1804	64.3179	64.4723	64.6266	64.7673	64.8237	64.7142	64.4327	63.9897	63.4050	62.7666	62.0380	61.4059	60.7886	60.1718	59.5883	59.0658	58.2941	57.5225	56.7113	55.7548	54.8169	54.0453	53.3418	52.7375	52.1183	51.4898	50.9862	50.5499	*	*	*	*	*	52.4514	3.7633	3.7330	3.7027	3.6723	3.6420	3.6117	3.5813	3.5510	3.5207	3.4904	3.4600	3.4297	3.3994	3.3691	3.3387	3.3084	3.2781	3.2477	3.2174	3.1871	3.1568	3.1264	3.0961	3.0658	3.0354	3.0051	2.9748	2.9445	2.9141	2.8838	2.8535	2.8232	2.7928	2.7625	2.7322	2.7018	*	*	*	*	*	2.5199
it05	1.4485	11/06/2017 16:50:34	Dico podo lentamente	max_TT	62.1690	46.0958	46.1445	65.8847	-23.7713	23.8285	63.2954	63.1469	62.9260	62.5420	62.3954	62.2924	62.2528	62.3312	62.5429	62.8044	63.1576	63.7493	64.4192	65.0394	65.7618	66.2689	66.4499	66.2623	65.8907	65.2259	64.5640	63.8670	63.2877	62.8199	62.2534	61.3220	60.2198	59.0462	57.6076	56.1163	54.8220	53.7204	52.8655	52.0584	51.2939	50.6658	*	*	*	*	*	*	3.7633	3.7330	3.7027	3.6723	3.6420	3.6117	3.5813	3.5510	3.5207	3.4904	3.4600	3.4297	3.3994	3.3691	3.3387	3.3084	3.2781	3.2477	3.2174	3.1871	3.1568	3.1264	3.0961	3.0658	3.0354	3.0051	2.9748	2.9445	2.9141	2.8838	2.8535	2.8232	2.7928	2.7625	2.7322	2.7018	*	*	*	*	*	*
it05	1.9515	11/06/2017 16:50:53	Dico pudu lentamente	max_TT	64.9428	-1.8635	1.0014	69.0206	-16.6187	17.6582	66.1959	65.8589	65.4897	65.0348	64.9029	65.0304	65.2278	65.5251	65.8118	66.1351	66.5342	67.0762	67.7992	68.5125	69.1420	69.4607	69.5091	69.2651	68.8686	67.7603	66.6391	64.7211	62.7331	60.5647	58.6624	56.6164	55.0426	53.3311	50.7359	47.7152	45.0386	42.4178	39.9566	38.1113	36.7268	35.5849	34.6766	34.3625	36.0355	38.2891	*	*	3.7633	3.7330	3.7027	3.6723	3.6420	3.6117	3.5813	3.5510	3.5207	3.4904	3.4600	3.4297	3.3994	3.3691	3.3387	3.3084	3.2781	3.2477	3.2174	3.1871	3.1568	3.1264	3.0961	3.0658	3.0354	3.0051	2.9748	2.9445	2.9141	2.8838	2.8535	2.8232	2.7928	2.7625	2.7322	2.7018	2.6715	2.6412	2.6109	2.5805	*	*
it05	1.4595	11/06/2017 16:50:58	Dico pugu lentamente	max_TD	61.6152	18.2695	18.3916	72.6095	-1.0948	0.7248	62.0495	61.4113	60.8783	60.4368	60.2717	60.8065	61.6643	62.7949	63.9721	65.0524	66.1327	67.2130	68.2072	69.2265	70.3068	71.2795	72.0906	72.4962	72.1588	71.8322	71.6671	70.7447	69.2337	68.0995	66.4557	64.3274	62.3606	60.5553	58.9653	57.5153	55.6992	53.0863	50.0823	46.9705	43.3419	40.3163	38.9166	38.5828	*	*	*	*	3.7633	3.7330	3.7027	3.6723	3.6420	3.6117	3.5813	3.5510	3.5207	3.4904	3.4600	3.4297	3.3994	3.3691	3.3387	3.3084	3.2781	3.2477	3.2174	3.1871	3.1568	3.1264	3.0961	3.0658	3.0354	3.0051	2.9748	2.9445	2.9141	2.8838	2.8535	2.8232	2.7928	2.7625	2.7322	2.7018	2.6715	2.6412	*	*	*	*
it05	1.6525	11/06/2017 16:51:04	Dico putu lentamente	max_TT	65.4365	-1.5640	1.0376	69.3641	-9.5787	10.3245	66.0702	65.7298	65.4923	65.0201	64.8945	64.9445	65.1857	65.4944	65.8030	66.1117	66.6074	67.3183	68.1493	69.0753	69.8398	70.1525	70.1676	69.8427	69.3387	68.2157	66.5832	64.5502	62.1982	59.8435	57.9185	56.1306	54.5256	52.8372	50.5222	48.0963	45.5978	43.2381	41.2579	39.5196	38.0778	36.9063	36.1191	36.3447	*	*	*	*	3.7633	3.7330	3.7027	3.6723	3.6420	3.6117	3.5813	3.5510	3.5207	3.4904	3.4600	3.4297	3.3994	3.3691	3.3387	3.3084	3.2781	3.2477	3.2174	3.1871	3.1568	3.1264	3.0961	3.0658	3.0354	3.0051	2.9748	2.9445	2.9141	2.8838	2.8535	2.8232	2.7928	2.7625	2.7322	2.7018	2.6715	2.6412	*	*	*	*
it05	1.7115	11/06/2017 16:51:20	Dico pucu lentamente	max_TD	61.5038	18.7283	18.1751	72.8141	-0.7572	0.3853	64.1474	63.6979	62.6990	61.9991	61.5871	61.2721	61.7302	62.7660	63.8709	65.0817	66.2388	67.4223	68.5923	69.5397	70.5154	71.5758	72.2457	72.6005	72.7436	72.7565	71.7097	70.6283	69.5126	67.8654	65.8856	64.4182	62.6884	61.3235	60.3820	58.9422	56.3540	52.0675	46.6851	41.4103	37.0446	34.8841	34.9057	35.8034	*	*	*	*	3.7633	3.7330	3.7027	3.6723	3.6420	3.6117	3.5813	3.5510	3.5207	3.4904	3.4600	3.4297	3.3994	3.3691	3.3387	3.3084	3.2781	3.2477	3.2174	3.1871	3.1568	3.1264	3.0961	3.0658	3.0354	3.0051	2.9748	2.9445	2.9141	2.8838	2.8535	2.8232	2.7928	2.7625	2.7322	2.7018	2.6715	2.6412	*	*	*	*
it05	1.4665	11/06/2017 16:51:26	Dico paga lentamente	max_TD	63.5488	37.9610	37.1895	69.6311	-3.9120	2.4567	60.6231	61.0169	61.4305	62.0646	62.6657	63.1603	63.5606	64.0675	64.7049	65.4373	66.5365	67.9680	69.2817	70.3493	71.2509	71.4830	70.9466	70.2957	69.5860	68.6836	67.3087	66.1046	64.7472	63.2527	61.5686	60.4014	59.1996	57.9179	56.7371	55.6302	54.5804	53.6874	52.8753	52.2995	52.0041	52.0126	52.8031	*	*	*	*	56.7950	3.7633	3.7330	3.7027	3.6723	3.6420	3.6117	3.5813	3.5510	3.5207	3.4904	3.4600	3.4297	3.3994	3.3691	3.3387	3.3084	3.2781	3.2477	3.2174	3.1871	3.1568	3.1264	3.0961	3.0658	3.0354	3.0051	2.9748	2.9445	2.9141	2.8838	2.8535	2.8232	2.7928	2.7625	2.7322	2.7018	2.6715	*	*	*	*	2.5199
it05	1.4735	11/06/2017 16:51:31	Dico poco lentamente	max_TD	62.0087	37.1599	36.3235	70.2707	-0.8450	0.4730	57.8936	58.4148	58.8685	59.8357	60.6210	61.4147	62.0177	62.5356	63.0529	63.8662	65.0690	66.4725	67.9011	69.3444	70.2458	70.5775	70.5123	70.5870	70.0244	69.5340	68.7917	68.2445	67.0962	65.7716	64.3524	63.0124	61.2876	59.6681	58.3745	56.8449	55.1499	53.8794	52.8498	51.9374	51.4755	*	*	*	*	*	48.1163	47.2852	3.7633	3.7330	3.7027	3.6723	3.6420	3.6117	3.5813	3.5510	3.5207	3.4904	3.4600	3.4297	3.3994	3.3691	3.3387	3.3084	3.2781	3.2477	3.2174	3.1871	3.1568	3.1264	3.0961	3.0658	3.0354	3.0051	2.9748	2.9445	2.9141	2.8838	2.8535	2.8232	2.7928	2.7625	2.7322	*	*	*	*	*	2.5502	2.5199
it05	1.5865	11/06/2017 16:51:37	Dico paca lentamente	max_TD	63.6524	24.9634	24.3654	70.9771	-2.7447	1.6422	59.8422	60.2934	60.7657	61.6917	62.5418	63.0945	63.7338	64.3015	64.8487	65.4467	66.2350	67.3428	68.5628	69.6628	70.7108	71.4915	71.7455	71.4025	70.8980	70.0639	68.9978	67.9692	67.2661	66.0817	64.8770	63.4993	61.9292	60.3745	58.9275	57.3797	55.9876	54.7494	54.0288	54.1015	54.5861	55.2473	*	*	*	*	56.6127	56.6713	3.7633	3.7330	3.7027	3.6723	3.6420	3.6117	3.5813	3.5510	3.5207	3.4904	3.4600	3.4297	3.3994	3.3691	3.3387	3.3084	3.2781	3.2477	3.2174	3.1871	3.1568	3.1264	3.0961	3.0658	3.0354	3.0051	2.9748	2.9445	2.9141	2.8838	2.8535	2.8232	2.7928	2.7625	2.7322	2.7018	*	*	*	*	2.5502	2.5199
it05	1.6465	11/06/2017 16:51:43	Dico pogo lentamente	max_TD	63.4737	57.6706	57.3521	70.6059	-2.6569	1.7471	59.9098	60.2371	60.7168	61.5167	62.2322	62.9118	63.4456	63.9588	64.5187	65.1344	66.0340	67.1454	68.2939	69.3996	70.2477	70.9883	71.2863	71.2380	70.7874	70.0948	69.3270	68.2972	67.3541	66.3360	64.9698	63.2836	61.7844	59.9341	57.9272	56.2967	54.4910	52.5386	51.0693	49.9329	48.9727	*	*	*	*	*	51.2566	52.2835	3.7633	3.7330	3.7027	3.6723	3.6420	3.6117	3.5813	3.5510	3.5207	3.4904	3.4600	3.4297	3.3994	3.3691	3.3387	3.3084	3.2781	3.2477	3.2174	3.1871	3.1568	3.1264	3.0961	3.0658	3.0354	3.0051	2.9748	2.9445	2.9141	2.8838	2.8535	2.8232	2.7928	2.7625	2.7322	*	*	*	*	*	2.5502	2.5199
it05	1.7505	11/06/2017 16:51:49	Dico pada lentamente	max_TT	63.5127	9.6693	9.5921	62.3267	-16.0999	17.1700	64.0207	64.0184	64.0022	63.8433	63.6918	63.5404	63.3889	63.3370	63.4913	63.6457	63.8000	64.0333	64.1713	64.1724	64.1706	63.9543	63.4160	62.9184	62.3257	61.5746	60.9493	60.3322	59.7069	58.9554	58.3352	57.7162	57.0616	56.2899	55.4664	54.6038	53.8293	53.0561	52.4480	52.1600	52.0986	52.3000	52.7113	*	*	*	*	*	3.7633	3.7330	3.7027	3.6723	3.6420	3.6117	3.5813	3.5510	3.5207	3.4904	3.4600	3.4297	3.3994	3.3691	3.3387	3.3084	3.2781	3.2477	3.2174	3.1871	3.1568	3.1264	3.0961	3.0658	3.0354	3.0051	2.9748	2.9445	2.9141	2.8838	2.8535	2.8232	2.7928	2.7625	2.7322	2.7018	2.6715	*	*	*	*	*
it05	1.8325	11/06/2017 16:51:54	Dico podo lentamente	max_TT	63.5297	34.2331	34.1673	64.8711	2.6779	1.6155	63.9220	63.8759	63.8359	63.6816	63.5378	63.4398	63.3692	63.4194	63.5738	63.7927	64.1014	64.3888	64.7105	65.0756	65.4039	65.5366	65.5090	65.2860	64.8077	64.2018	63.5320	62.8177	62.1200	61.5756	60.4348	59.3873	58.2256	56.8680	55.4027	54.2273	52.9494	51.4733	50.0262	48.8249	48.0329	48.5322	49.8792	51.4060	52.9831	*	*	*	3.7633	3.7330	3.7027	3.6723	3.6420	3.6117	3.5813	3.5510	3.5207	3.4904	3.4600	3.4297	3.3994	3.3691	3.3387	3.3084	3.2781	3.2477	3.2174	3.1871	3.1568	3.1264	3.0961	3.0658	3.0354	3.0051	2.9748	2.9445	2.9141	2.8838	2.8535	2.8232	2.7928	2.7625	2.7322	2.7018	2.6715	2.6412	2.6109	*	*	*
it05	1.5945	11/06/2017 16:52:19	Dico pudu lentamente	max_TT	64.5686	-0.3471	0.2480	68.9816	14.3280	13.7272	65.5524	65.2917	65.1288	64.9186	64.6577	64.5393	64.5945	64.8285	65.1372	65.5105	66.1170	66.8664	67.6805	68.6156	69.4848	69.9934	70.1544	69.8411	69.0341	68.1132	66.8783	65.4259	63.8969	61.9498	59.7821	57.6241	55.6070	53.6705	51.9809	50.0701	48.1112	45.9823	43.9557	42.1288	40.5007	39.0473	37.7695	36.6868	36.2072	35.8924	35.8683	*	3.7633	3.7330	3.7027	3.6723	3.6420	3.6117	3.5813	3.5510	3.5207	3.4904	3.4600	3.4297	3.3994	3.3691	3.3387	3.3084	3.2781	3.2477	3.2174	3.1871	3.1568	3.1264	3.0961	3.0658	3.0354	3.0051	2.9748	2.9445	2.9141	2.8838	2.8535	2.8232	2.7928	2.7625	2.7322	2.7018	2.6715	2.6412	2.6109	2.5805	2.5502	*
it05	1.6465	11/06/2017 16:52:25	Dico pugu lentamente	max_TD	60.1745	8.3494	7.8373	72.5941	-1.2360	0.7668	62.7164	62.4549	60.9379	60.0275	59.5525	59.4341	59.9561	61.4209	62.4859	63.2833	64.1934	65.4092	66.7896	68.3697	69.9668	71.2026	71.9688	72.6976	73.1700	72.8390	72.2347	72.0275	70.9063	69.0097	67.5863	65.9161	63.8061	61.9441	60.3897	58.9617	57.4008	54.5770	51.1215	47.2636	42.9534	39.2453	37.2982	36.1487	36.0643	36.7196	37.1256	*	3.7633	3.7330	3.7027	3.6723	3.6420	3.6117	3.5813	3.5510	3.5207	3.4904	3.4600	3.4297	3.3994	3.3691	3.3387	3.3084	3.2781	3.2477	3.2174	3.1871	3.1568	3.1264	3.0961	3.0658	3.0354	3.0051	2.9748	2.9445	2.9141	2.8838	2.8535	2.8232	2.7928	2.7625	2.7322	2.7018	2.6715	2.6412	2.6109	2.5805	2.5502	*
it05	1.4085	11/06/2017 16:52:36	Dico poto lentamente	max_TT	65.3394	-1.4763	0.9556	66.0486	9.0675	7.8869	65.9736	65.8474	65.7630	65.5872	65.3147	65.2271	65.2271	65.2271	65.3420	65.6338	65.8679	66.0624	66.3430	66.6676	66.8758	66.9740	66.8781	66.5700	65.9627	65.3407	64.6172	64.0596	63.0775	61.8784	60.6372	59.2823	57.6729	56.1812	54.5981	52.8955	51.2752	49.9245	48.8393	48.4012	48.5082	48.7843	*	*	*	*	52.7943	53.8284	3.7633	3.7330	3.7027	3.6723	3.6420	3.6117	3.5813	3.5510	3.5207	3.4904	3.4600	3.4297	3.3994	3.3691	3.3387	3.3084	3.2781	3.2477	3.2174	3.1871	3.1568	3.1264	3.0961	3.0658	3.0354	3.0051	2.9748	2.9445	2.9141	2.8838	2.8535	2.8232	2.7928	2.7625	2.7322	2.7018	*	*	*	*	2.5502	2.5199
it05	1.3585	11/06/2017 16:52:47	Dico pucu lentamente	max_TD	60.1128	6.6328	6.6900	72.9311	-0.6828	0.3986	63.9185	63.4669	62.2358	61.1301	60.4795	60.0361	60.3353	61.5197	62.5224	63.4377	64.4855	65.7204	67.1715	68.8082	70.4053	71.7363	72.5530	73.0597	73.0058	72.8957	72.6983	71.1903	69.6542	68.1851	66.4624	64.6959	63.2132	61.8337	60.6537	58.7823	56.0638	51.9621	46.8694	41.9853	37.8973	35.8084	35.5751	35.6812	*	*	*	*	3.7633	3.7330	3.7027	3.6723	3.6420	3.6117	3.5813	3.5510	3.5207	3.4904	3.4600	3.4297	3.3994	3.3691	3.3387	3.3084	3.2781	3.2477	3.2174	3.1871	3.1568	3.1264	3.0961	3.0658	3.0354	3.0051	2.9748	2.9445	2.9141	2.8838	2.8535	2.8232	2.7928	2.7625	2.7322	2.7018	2.6715	2.6412	*	*	*	*
it05	1.4075	11/06/2017 16:52:53	Dico paga lentamente	max_TD	63.1792	28.1925	27.5917	70.9484	-3.9043	2.3174	61.3459	61.4120	61.5981	61.7935	62.2848	62.7032	63.1796	63.7755	64.5688	65.4834	66.5603	67.7431	68.8916	69.9367	70.8271	71.4650	71.7945	71.5188	70.9344	70.2232	69.0336	67.5631	66.4259	65.0313	63.6099	62.2690	60.8860	59.4304	57.9112	56.1813	54.7062	53.3357	51.9387	50.8885	50.6793	51.5523	*	*	*	*	*	57.4821	3.7633	3.7330	3.7027	3.6723	3.6420	3.6117	3.5813	3.5510	3.5207	3.4904	3.4600	3.4297	3.3994	3.3691	3.3387	3.3084	3.2781	3.2477	3.2174	3.1871	3.1568	3.1264	3.0961	3.0658	3.0354	3.0051	2.9748	2.9445	2.9141	2.8838	2.8535	2.8232	2.7928	2.7625	2.7322	2.7018	*	*	*	*	*	2.5199
it05	1.5085	11/06/2017 16:52:58	Dico poco lentamente	max_TD	62.0320	45.9032	44.8647	71.2045	-2.5616	1.4439	57.6974	58.0319	58.6917	59.4585	60.2291	61.0298	61.8184	62.3819	63.2068	64.0640	64.8439	65.7058	66.7197	67.8844	69.1041	70.1066	70.7944	71.1665	71.2073	70.7968	70.0467	69.4021	68.4240	67.0845	65.9706	64.6470	62.9282	61.1852	59.6977	58.4230	57.1857	55.9417	55.0235	54.4322	54.0964	54.4382	*	*	*	*	*	55.4633	3.7633	3.7330	3.7027	3.6723	3.6420	3.6117	3.5813	3.5510	3.5207	3.4904	3.4600	3.4297	3.3994	3.3691	3.3387	3.3084	3.2781	3.2477	3.2174	3.1871	3.1568	3.1264	3.0961	3.0658	3.0354	3.0051	2.9748	2.9445	2.9141	2.8838	2.8535	2.8232	2.7928	2.7625	2.7322	2.7018	*	*	*	*	*	2.5199
it05	1.4525	11/06/2017 16:53:04	Dico paca lentamente	max_TD	62.3073	26.1984	26.1497	69.7491	-2.3289	1.4229	59.5774	59.8197	60.2531	60.8000	61.2864	61.8753	62.3940	62.7403	63.4549	64.9762	66.6959	68.4103	70.2180	71.4287	71.7177	71.7659	71.6265	70.7281	69.6477	68.5674	67.3435	66.1533	65.6228	64.6001	63.7544	62.6418	61.3677	60.0843	58.8789	57.4860	56.2242	55.0150	54.1757	53.3408	53.2658	54.0219	54.9604	*	*	*	*	*	3.7633	3.7330	3.7027	3.6723	3.6420	3.6117	3.5813	3.5510	3.5207	3.4904	3.4600	3.4297	3.3994	3.3691	3.3387	3.3084	3.2781	3.2477	3.2174	3.1871	3.1568	3.1264	3.0961	3.0658	3.0354	3.0051	2.9748	2.9445	2.9141	2.8838	2.8535	2.8232	2.7928	2.7625	2.7322	2.7018	2.6715	*	*	*	*	*
it05	1.2695	11/06/2017 16:53:08	Dico pogo lentamente	max_TD	61.1649	31.9872	31.1899	71.6208	-2.5387	1.4687	*	58.2244	58.4078	58.5130	59.1712	60.1533	61.1474	61.9277	62.6347	63.2037	63.8788	64.8411	66.1724	67.7063	69.1583	70.3950	71.3556	71.7141	71.6740	71.1413	70.4908	69.7182	68.8049	68.0850	67.4489	66.1928	64.7597	63.3325	61.6085	59.9559	58.3560	56.7601	55.4284	54.5269	54.1265	54.2027	54.7548	55.4274	*	*	*	*	*	3.7330	3.7027	3.6723	3.6420	3.6117	3.5813	3.5510	3.5207	3.4904	3.4600	3.4297	3.3994	3.3691	3.3387	3.3084	3.2781	3.2477	3.2174	3.1871	3.1568	3.1264	3.0961	3.0658	3.0354	3.0051	2.9748	2.9445	2.9141	2.8838	2.8535	2.8232	2.7928	2.7625	2.7322	2.7018	2.6715	2.6412	*	*	*	*
it05	2.0925	11/06/2017 16:53:41	Dico pudu lentamente	max_TT	64.2993	-1.1063	0.7038	69.1588	-0.4578	1.5240	65.3712	65.0214	64.7765	64.2843	64.1300	64.0213	64.1260	64.4064	64.7306	65.1754	65.8225	66.4587	67.1076	67.9306	68.6956	69.3090	69.6023	69.3105	68.7603	67.9743	66.4819	64.6443	63.0472	60.7681	58.7755	56.8826	55.1512	53.7186	52.2076	49.7872	47.3233	44.8986	42.2691	40.0590	38.4272	37.2098	36.2105	35.7807	35.6396	36.5419	*	*	3.7633	3.7330	3.7027	3.6723	3.6420	3.6117	3.5813	3.5510	3.5207	3.4904	3.4600	3.4297	3.3994	3.3691	3.3387	3.3084	3.2781	3.2477	3.2174	3.1871	3.1568	3.1264	3.0961	3.0658	3.0354	3.0051	2.9748	2.9445	2.9141	2.8838	2.8535	2.8232	2.7928	2.7625	2.7322	2.7018	2.6715	2.6412	2.6109	2.5805	*	*
it05	1.5395	11/06/2017 16:53:46	Dico pugu lentamente	max_TD	59.4443	20.8807	20.5441	72.6518	-0.6504	0.3281	51.2724	52.4452	53.5222	55.3631	56.6606	58.1612	59.3900	60.5504	61.8242	63.0839	64.2225	65.6650	67.3335	68.8506	70.1492	71.2091	71.7122	72.0200	72.5612	73.0131	73.1328	73.0730	71.5423	69.2821	66.9915	64.6503	62.3606	60.6486	59.2261	57.6799	55.3417	52.1865	48.8725	44.9630	40.9608	38.3284	36.8518	35.9142	36.4481	37.6538	*	*	3.7633	3.7330	3.7027	3.6723	3.6420	3.6117	3.5813	3.5510	3.5207	3.4904	3.4600	3.4297	3.3994	3.3691	3.3387	3.3084	3.2781	3.2477	3.2174	3.1871	3.1568	3.1264	3.0961	3.0658	3.0354	3.0051	2.9748	2.9445	2.9141	2.8838	2.8535	2.8232	2.7928	2.7625	2.7322	2.7018	2.6715	2.6412	2.6109	2.5805	*	*
it05	1.4595	11/06/2017 16:53:52	Dico putu lentamente	max_TT	65.2869	-0.5665	0.3586	69.4983	-3.3913	4.1809	66.2189	65.9268	65.6571	65.2146	64.9572	64.9948	65.1977	65.5566	65.9923	66.4466	66.9493	67.4876	68.1049	68.7666	69.3568	69.8472	70.0881	69.8200	69.2474	68.4945	67.1344	65.2780	63.3898	61.1959	58.7956	56.3816	54.2285	52.4707	50.5433	47.8551	45.6441	43.5607	41.1866	39.5926	38.5922	37.5589	36.6103	36.2765	36.6122	*	*	*	3.7633	3.7330	3.7027	3.6723	3.6420	3.6117	3.5813	3.5510	3.5207	3.4904	3.4600	3.4297	3.3994	3.3691	3.3387	3.3084	3.2781	3.2477	3.2174	3.1871	3.1568	3.1264	3.0961	3.0658	3.0354	3.0051	2.9748	2.9445	2.9141	2.8838	2.8535	2.8232	2.7928	2.7625	2.7322	2.7018	2.6715	2.6412	2.6109	*	*	*
it05	1.5405	11/06/2017 16:54:08	Dico pucu lentamente	max_TD	59.9249	25.9752	24.8146	72.1247	-0.8831	0.5131	60.0335	58.8476	58.4970	57.6117	57.3569	58.7550	60.0409	61.1153	62.1103	63.0266	64.0730	65.2773	66.5556	68.0532	69.3651	70.4557	71.2167	71.8546	72.1878	72.6289	72.8364	72.2072	70.9295	69.0257	66.6802	64.1839	62.1895	60.8312	59.9036	58.8621	57.9825	57.4662	56.7634	56.2260	56.2056	56.2219	56.1880	*	*	*	*	*	3.7633	3.7330	3.7027	3.6723	3.6420	3.6117	3.5813	3.5510	3.5207	3.4904	3.4600	3.4297	3.3994	3.3691	3.3387	3.3084	3.2781	3.2477	3.2174	3.1871	3.1568	3.1264	3.0961	3.0658	3.0354	3.0051	2.9748	2.9445	2.9141	2.8838	2.8535	2.8232	2.7928	2.7625	2.7322	2.7018	2.6715	*	*	*	*	*
it05	1.4815	11/06/2017 16:54:14	Dico paga lentamente	max_TD	62.5539	33.5598	32.9247	70.6558	-3.4962	2.1915	60.4524	60.3687	60.4232	60.6673	61.1770	61.7476	62.4892	63.1684	63.8443	64.5518	65.5280	66.7244	67.9653	69.1067	70.1777	70.9206	71.4195	71.5646	70.8383	69.6450	68.4104	66.5157	64.7642	63.7377	62.7475	61.7092	60.7904	59.7893	58.7670	57.4299	56.1181	55.0690	54.1038	53.7334	54.2419	55.0602	56.0674	*	*	*	*	57.4411	3.7633	3.7330	3.7027	3.6723	3.6420	3.6117	3.5813	3.5510	3.5207	3.4904	3.4600	3.4297	3.3994	3.3691	3.3387	3.3084	3.2781	3.2477	3.2174	3.1871	3.1568	3.1264	3.0961	3.0658	3.0354	3.0051	2.9748	2.9445	2.9141	2.8838	2.8535	2.8232	2.7928	2.7625	2.7322	2.7018	2.6715	*	*	*	*	2.5199
it05	1.5965	11/06/2017 16:54:19	Dico poco lentamente	max_TD	60.1314	35.3937	34.8949	71.3120	-2.5902	1.6670	*	55.8566	56.2391	57.2474	58.3456	59.1029	60.0076	60.9032	61.6246	62.3895	63.3101	64.3401	65.5405	66.8778	68.1488	69.3484	70.3778	71.0305	71.4655	71.6525	71.2796	70.8131	70.1129	68.9375	67.8291	66.7777	65.4150	64.0199	62.6987	61.1891	59.7914	58.8928	58.3148	58.0523	58.0580	*	*	*	*	*	57.2018	57.0479	*	3.7330	3.7027	3.6723	3.6420	3.6117	3.5813	3.5510	3.5207	3.4904	3.4600	3.4297	3.3994	3.3691	3.3387	3.3084	3.2781	3.2477	3.2174	3.1871	3.1568	3.1264	3.0961	3.0658	3.0354	3.0051	2.9748	2.9445	2.9141	2.8838	2.8535	2.8232	2.7928	2.7625	2.7322	*	*	*	*	*	2.5502	2.5199
it05	1.6145	11/06/2017 16:54:25	Dico paca lentamente	max_TD	61.3806	24.4198	24.1795	71.3485	-3.6335	2.3575	*	60.3279	60.2394	60.2979	60.4581	60.8817	61.4309	62.1692	62.9529	64.2103	65.7848	67.1978	68.6500	69.9755	70.7568	71.2867	71.6861	71.8835	71.4350	70.6871	69.9634	69.2732	67.7801	66.9389	65.9449	64.7893	63.4543	62.3944	61.2806	59.9765	58.4665	57.4051	56.5507	55.7742	55.7191	56.0278	*	*	*	57.0808	57.2001	57.3077	*	3.7330	3.7027	3.6723	3.6420	3.6117	3.5813	3.5510	3.5207	3.4904	3.4600	3.4297	3.3994	3.3691	3.3387	3.3084	3.2781	3.2477	3.2174	3.1871	3.1568	3.1264	3.0961	3.0658	3.0354	3.0051	2.9748	2.9445	2.9141	2.8838	2.8535	2.8232	2.7928	2.7625	2.7322	2.7018	*	*	*	2.5805	2.5502	2.5199
it05	2.5705	11/06/2017 16:54:33	Dico pogo lentamente	max_TD	59.7765	36.5515	35.6607	71.6964	-2.4834	1.2989	54.6112	55.0577	55.7601	56.6391	57.7113	58.8373	59.6937	60.4653	61.3381	62.2832	63.4335	64.9391	66.5360	68.1403	69.8127	71.0414	71.9606	72.0247	71.6795	70.9144	70.1740	69.2512	68.5382	67.5281	66.4282	64.9624	63.3436	61.7684	60.3443	59.0532	57.6508	56.2161	55.5136	55.1051	54.6027	54.5985	55.3366	55.6774	55.9999	*	*	*	3.7633	3.7330	3.7027	3.6723	3.6420	3.6117	3.5813	3.5510	3.5207	3.4904	3.4600	3.4297	3.3994	3.3691	3.3387	3.3084	3.2781	3.2477	3.2174	3.1871	3.1568	3.1264	3.0961	3.0658	3.0354	3.0051	2.9748	2.9445	2.9141	2.8838	2.8535	2.8232	2.7928	2.7625	2.7322	2.7018	2.6715	2.6412	2.6109	*	*	*
it05	1.6955	11/06/2017 16:54:44	Dico podo lentamente	max_TT	63.6716	18.5051	18.5032	65.1491	13.0825	11.9915	64.5451	64.2296	64.0259	63.7172	63.4373	63.3188	63.3594	63.5076	63.6620	63.8771	64.1809	64.4896	64.8794	65.3333	65.5981	65.7488	65.6846	65.2971	64.8356	64.3726	63.7660	63.1365	62.3756	61.7055	60.6579	59.7623	58.9816	58.1104	57.2359	56.7387	55.9056	54.7417	53.6710	52.7777	52.2282	52.3003	52.7138	53.2723	*	*	*	*	3.7633	3.7330	3.7027	3.6723	3.6420	3.6117	3.5813	3.5510	3.5207	3.4904	3.4600	3.4297	3.3994	3.3691	3.3387	3.3084	3.2781	3.2477	3.2174	3.1871	3.1568	3.1264	3.0961	3.0658	3.0354	3.0051	2.9748	2.9445	2.9141	2.8838	2.8535	2.8232	2.7928	2.7625	2.7322	2.7018	2.6715	2.6412	*	*	*	*
it05	1.3145	11/06/2017 16:55:06	Dico pugu lentamente	max_TD	59.5237	7.2660	7.2241	72.6000	-1.0281	0.5722	50.3596	52.5266	53.7451	56.2055	58.2750	58.8354	59.3937	60.3299	61.3527	62.3169	63.3633	64.4275	65.3392	66.6832	68.3216	69.7128	70.9872	72.4475	72.8493	72.7066	72.8077	72.7797	71.4518	70.1124	68.7786	66.7143	64.6122	62.9440	61.2536	59.8521	57.8508	54.6261	50.6386	46.0349	41.3767	37.8139	35.9413	35.3998	35.6465	*	*	*	3.7633	3.7330	3.7027	3.6723	3.6420	3.6117	3.5813	3.5510	3.5207	3.4904	3.4600	3.4297	3.3994	3.3691	3.3387	3.3084	3.2781	3.2477	3.2174	3.1871	3.1568	3.1264	3.0961	3.0658	3.0354	3.0051	2.9748	2.9445	2.9141	2.8838	2.8535	2.8232	2.7928	2.7625	2.7322	2.7018	2.6715	2.6412	2.6109	*	*	*
it05	1.2985	11/06/2017 16:55:29	Dico pucu lentamente	max_TD	60.0317	9.7532	10.0098	72.0209	-0.8907	0.4864	64.6700	62.4918	61.2621	59.9360	59.0093	59.0772	60.4183	61.6400	62.6330	63.6038	64.4621	65.6969	67.1440	68.5176	69.6024	70.5256	71.2201	71.6044	71.9095	72.3353	72.5162	71.3341	70.3825	69.1878	67.3107	65.5262	64.4662	63.1769	61.9511	60.4730	58.7553	55.4233	50.3249	45.2235	40.5405	36.4379	34.9993	35.1721	*	*	*	*	3.7633	3.7330	3.7027	3.6723	3.6420	3.6117	3.5813	3.5510	3.5207	3.4904	3.4600	3.4297	3.3994	3.3691	3.3387	3.3084	3.2781	3.2477	3.2174	3.1871	3.1568	3.1264	3.0961	3.0658	3.0354	3.0051	2.9748	2.9445	2.9141	2.8838	2.8535	2.8232	2.7928	2.7625	2.7322	2.7018	2.6715	2.6412	*	*	*	*
it05	1.4165	11/06/2017 16:55:34	Dico paga lentamente	max_TD	62.3789	30.6129	30.1561	70.4075	-4.2572	2.6741	61.0553	60.9939	60.9459	60.8597	61.2258	61.8073	62.3133	62.8804	63.4386	64.2884	65.3446	66.4269	67.8223	69.2830	70.2847	71.0342	71.6020	71.2669	70.4889	69.6685	68.6025	67.0278	65.8418	64.6379	63.2989	62.0094	60.8669	59.7158	58.5292	57.1829	56.0318	55.1284	54.4147	54.0641	54.3544	55.0175	55.7703	*	*	*	*	57.4604	3.7633	3.7330	3.7027	3.6723	3.6420	3.6117	3.5813	3.5510	3.5207	3.4904	3.4600	3.4297	3.3994	3.3691	3.3387	3.3084	3.2781	3.2477	3.2174	3.1871	3.1568	3.1264	3.0961	3.0658	3.0354	3.0051	2.9748	2.9445	2.9141	2.8838	2.8535	2.8232	2.7928	2.7625	2.7322	2.7018	2.6715	*	*	*	*	2.5199
it05	1.4545	11/06/2017 16:55:46	Dico paca lentamente	max_TD	63.0153	22.3103	22.3570	70.4399	-3.9425	2.5101	60.2448	60.3914	60.5594	60.9825	61.5479	62.2966	63.0322	63.8391	64.4932	65.2741	66.3012	67.4940	68.6489	69.7846	70.7193	71.2924	71.4726	71.1677	70.6540	69.9344	68.9291	67.6102	66.6080	65.6929	64.6774	63.4117	62.3844	61.1127	59.3991	57.9031	56.7764	56.1561	55.9499	55.7746	55.8203	55.9587	*	*	*	55.7830	55.8459	55.8929	3.7633	3.7330	3.7027	3.6723	3.6420	3.6117	3.5813	3.5510	3.5207	3.4904	3.4600	3.4297	3.3994	3.3691	3.3387	3.3084	3.2781	3.2477	3.2174	3.1871	3.1568	3.1264	3.0961	3.0658	3.0354	3.0051	2.9748	2.9445	2.9141	2.8838	2.8535	2.8232	2.7928	2.7625	2.7322	2.7018	*	*	*	2.5805	2.5502	2.5199
